[0.000000] (-) TimerEvent: {}
[0.000704] (-) JobUnselected: {'identifier': 'tuw_hardware_interface'}
[0.000752] (-) JobUnselected: {'identifier': 'tuw_hardware_interface_dynamixel'}
[0.000777] (-) JobUnselected: {'identifier': 'tuw_hardware_interface_template'}
[0.000796] (-) JobUnselected: {'identifier': 'tuw_hardware_interface_trinamic'}
[0.000816] (tuw_hardware_trinamic_driver) JobQueued: {'identifier': 'tuw_hardware_trinamic_driver', 'dependencies': OrderedDict()}
[0.001825] (tuw_hardware_trinamic_driver) JobStarted: {'identifier': 'tuw_hardware_trinamic_driver'}
[0.019441] (tuw_hardware_trinamic_driver) JobProgress: {'identifier': 'tuw_hardware_trinamic_driver', 'progress': 'cmake'}
[0.021953] (tuw_hardware_trinamic_driver) JobProgress: {'identifier': 'tuw_hardware_trinamic_driver', 'progress': 'build'}
[0.022026] (tuw_hardware_trinamic_driver) Command: {'cmd': ['/usr/bin/cmake', '--build', '/home/coffee/Documents/Studium/TU/bachelorarbeit/tuw_hardware_interface/build/tuw_hardware_trinamic_driver', '--', '-j14', '-l14'], 'cwd': '/home/coffee/Documents/Studium/TU/bachelorarbeit/tuw_hardware_interface/build/tuw_hardware_trinamic_driver', 'env': OrderedDict({'LESSOPEN': '| /usr/bin/lesspipe %s', 'GZ_SIM_RESOURCE_PATH': '/opt/ros/jazzy/share', 'USER': 'coffee', 'LC_TIME': 'en_GB.UTF-8', 'GZ_CONFIG_PATH': '/opt/ros/jazzy/opt/gz_sim_vendor/share/gz:/opt/ros/jazzy/opt/sdformat_vendor/share/gz:/opt/ros/jazzy/opt/gz_gui_vendor/share/gz:/opt/ros/jazzy/opt/gz_transport_vendor/share/gz:/opt/ros/jazzy/opt/gz_rendering_vendor/share/gz:/opt/ros/jazzy/opt/gz_plugin_vendor/share/gz:/opt/ros/jazzy/opt/gz_fuel_tools_vendor/share/gz:/opt/ros/jazzy/opt/gz_msgs_vendor/share/gz:/opt/ros/jazzy/opt/gz_common_vendor/share/gz', 'XDG_SESSION_TYPE': 'wayland', 'SHLVL': '1', 'LD_LIBRARY_PATH': '/opt/ros/jazzy/opt/gz_sim_vendor/lib:/opt/ros/jazzy/opt/gz_sensors_vendor/lib:/opt/ros/jazzy/opt/gz_physics_vendor/lib:/opt/ros/jazzy/opt/sdformat_vendor/lib:/opt/ros/jazzy/opt/rviz_ogre_vendor/lib:/opt/ros/jazzy/lib/x86_64-linux-gnu:/opt/ros/jazzy/opt/gz_gui_vendor/lib:/opt/ros/jazzy/opt/gz_transport_vendor/lib:/opt/ros/jazzy/opt/gz_rendering_vendor/lib:/opt/ros/jazzy/opt/gz_plugin_vendor/lib:/opt/ros/jazzy/opt/gz_fuel_tools_vendor/lib:/opt/ros/jazzy/opt/gz_msgs_vendor/lib:/opt/ros/jazzy/opt/gz_common_vendor/lib:/opt/ros/jazzy/opt/gz_math_vendor/lib:/opt/ros/jazzy/opt/gz_utils_vendor/lib:/opt/ros/jazzy/opt/gz_tools_vendor/lib:/opt/ros/jazzy/opt/gz_ogre_next_vendor/lib:/opt/ros/jazzy/opt/gz_dartsim_vendor/lib:/opt/ros/jazzy/opt/gz_cmake_vendor/lib:/opt/ros/jazzy/lib', 'HOME': '/home/coffee', 'OLDPWD': '/home/coffee/Documents/Studium/TU/bachelorarbeit/tuw_hardware_interface/src', 'CAML_LD_LIBRARY_PATH': '/home/coffee/.opam/default/lib/stublibs:/usr/local/lib/ocaml/4.14.1/stublibs:/usr/lib/ocaml/stublibs', 'DESKTOP_SESSION': 'ubuntu', 'OCAML_TOPLEVEL_PATH': '/home/coffee/.opam/default/lib/toplevel', 'ROS_PYTHON_VERSION': '3', 'GNOME_SHELL_SESSION_MODE': 'ubuntu', 'GTK_MODULES': 'gail:atk-bridge', 'LC_MONETARY': 'en_GB.UTF-8', 'SYSTEMD_EXEC_PID': '3643', 'GSM_SKIP_SSH_AGENT_WORKAROUND': 'true', 'DBUS_SESSION_BUS_ADDRESS': 'unix:path=/run/user/1000/bus', 'COLORTERM': 'truecolor', '_colcon_cd_root': '/opt/ros/jazzy/', 'DEBUGINFOD_URLS': 'https://debuginfod.ubuntu.com', 'IM_CONFIG_PHASE': '1', 'WAYLAND_DISPLAY': 'wayland-0', 'ROS_DISTRO': 'jazzy', 'LOGNAME': 'coffee', 'DESKTOP_AUTOSTART_ID': '10bedafe2b6673f756178177737514225200000036430017', '_': '/usr/bin/colcon', 'ROS_VERSION': '2', 'MEMORY_PRESSURE_WATCH': '/sys/fs/cgroup/user.slice/user-1000.slice/user@1000.service/app.slice/app-gnome\\x2dsession\\x2dmanager.slice/gnome-session-manager@ubuntu.service/memory.pressure', 'XDG_SESSION_CLASS': 'user', 'USERNAME': 'coffee', 'TERM': 'xterm-256color', 'GNOME_DESKTOP_SESSION_ID': 'this-is-deprecated', 'PATH': '/opt/ros/jazzy/opt/gz_msgs_vendor/bin:/opt/ros/jazzy/opt/gz_tools_vendor/bin:/opt/ros/jazzy/opt/gz_ogre_next_vendor/bin:/opt/ros/jazzy/bin:/home/coffee/.config/emacs/bin:/home/coffee/.opam/default/bin:/home/coffee/.elan/bin:/home/coffee/.cargo/bin:/home/coffee/.local/bin:/home/coffee/.config/emacs/bin:/usr/local/sbin:/usr/local/bin:/usr/sbin:/usr/bin:/sbin:/bin:/usr/games:/usr/local/games:/snap/bin:/snap/bin:/home/coffee/.local/bin:/home/coffee/.local/bin:/usr/local/texlive/2026/bin/x86_64-linux', 'SESSION_MANAGER': 'local/coffee-machine:@/tmp/.ICE-unix/3643,unix/coffee-machine:/tmp/.ICE-unix/3643', 'PAPERSIZE': 'a4', 'XDG_MENU_PREFIX': 'gnome-', 'LC_ADDRESS': 'en_GB.UTF-8', 'GNOME_TERMINAL_SCREEN': '/org/gnome/Terminal/screen/a3b845f1_dd1e_469a_8bb7_438ec915aa79', 'GNOME_SETUP_DISPLAY': ':1', 'XDG_RUNTIME_DIR': '/run/user/1000', 'DISPLAY': ':0', 'LANG': 'en_US.UTF-8', 'XDG_CURRENT_DESKTOP': 'ubuntu:GNOME', 'LC_TELEPHONE': 'en_GB.UTF-8', 'XMODIFIERS': '@im=ibus', 'XDG_SESSION_DESKTOP': 'ubuntu', 'XAUTHORITY': '/run/user/1000/.mutter-Xwaylandauth.4Y1BR3', 'LS_COLORS': 'rs=0:di=01;34:ln=01;36:mh=00:pi=40;33:so=01;35:do=01;35:bd=40;33;01:cd=40;33;01:or=40;31;01:mi=00:su=37;41:sg=30;43:ca=00:tw=30;42:ow=34;42:st=37;44:ex=01;32:*.tar=01;31:*.tgz=01;31:*.arc=01;31:*.arj=01;31:*.taz=01;31:*.lha=01;31:*.lz4=01;31:*.lzh=01;31:*.lzma=01;31:*.tlz=01;31:*.txz=01;31:*.tzo=01;31:*.t7z=01;31:*.zip=01;31:*.z=01;31:*.dz=01;31:*.gz=01;31:*.lrz=01;31:*.lz=01;31:*.lzo=01;31:*.xz=01;31:*.zst=01;31:*.tzst=01;31:*.bz2=01;31:*.bz=01;31:*.tbz=01;31:*.tbz2=01;31:*.tz=01;31:*.deb=01;31:*.rpm=01;31:*.jar=01;31:*.war=01;31:*.ear=01;31:*.sar=01;31:*.rar=01;31:*.alz=01;31:*.ace=01;31:*.zoo=01;31:*.cpio=01;31:*.7z=01;31:*.rz=01;31:*.cab=01;31:*.wim=01;31:*.swm=01;31:*.dwm=01;31:*.esd=01;31:*.avif=01;35:*.jpg=01;35:*.jpeg=01;35:*.mjpg=01;35:*.mjpeg=01;35:*.gif=01;35:*.bmp=01;35:*.pbm=01;35:*.pgm=01;35:*.ppm=01;35:*.tga=01;35:*.xbm=01;35:*.xpm=01;35:*.tif=01;35:*.tiff=01;35:*.png=01;35:*.svg=01;35:*.svgz=01;35:*.mng=01;35:*.pcx=01;35:*.mov=01;35:*.mpg=01;35:*.mpeg=01;35:*.m2v=01;35:*.mkv=01;35:*.webm=01;35:*.webp=01;35:*.ogm=01;35:*.mp4=01;35:*.m4v=01;35:*.mp4v=01;35:*.vob=01;35:*.qt=01;35:*.nuv=01;35:*.wmv=01;35:*.asf=01;35:*.rm=01;35:*.rmvb=01;35:*.flc=01;35:*.avi=01;35:*.fli=01;35:*.flv=01;35:*.gl=01;35:*.dl=01;35:*.xcf=01;35:*.xwd=01;35:*.yuv=01;35:*.cgm=01;35:*.emf=01;35:*.ogv=01;35:*.ogx=01;35:*.aac=00;36:*.au=00;36:*.flac=00;36:*.m4a=00;36:*.mid=00;36:*.midi=00;36:*.mka=00;36:*.mp3=00;36:*.mpc=00;36:*.ogg=00;36:*.ra=00;36:*.wav=00;36:*.oga=00;36:*.opus=00;36:*.spx=00;36:*.xspf=00;36:*~=00;90:*#=00;90:*.bak=00;90:*.crdownload=00;90:*.dpkg-dist=00;90:*.dpkg-new=00;90:*.dpkg-old=00;90:*.dpkg-tmp=00;90:*.old=00;90:*.orig=00;90:*.part=00;90:*.rej=00;90:*.rpmnew=00;90:*.rpmorig=00;90:*.rpmsave=00;90:*.swp=00;90:*.tmp=00;90:*.ucf-dist=00;90:*.ucf-new=00;90:*.ucf-old=00;90:', 'GNOME_TERMINAL_SERVICE': ':1.90', 'SSH_AUTH_SOCK': '/run/user/1000/keyring/ssh', 'AMENT_PREFIX_PATH': '/opt/ros/jazzy', 'SHELL': '/bin/bash', 'LC_NAME': 'en_GB.UTF-8', 'QT_ACCESSIBILITY': '1', 'GDMSESSION': 'ubuntu', 'LESSCLOSE': '/usr/bin/lesspipe %s %s', 'LC_MEASUREMENT': 'en_GB.UTF-8', 'OCAMLTOP_INCLUDE_PATH': '/home/coffee/.opam/default/lib/toplevel:', 'OPAM_SWITCH_PREFIX': '/home/coffee/.opam/default', 'LC_IDENTIFICATION': 'en_GB.UTF-8', 'ROS_AUTOMATIC_DISCOVERY_RANGE': 'SUBNET', 'QT_IM_MODULE': 'ibus', 'PWD': '/home/coffee/Documents/Studium/TU/bachelorarbeit/tuw_hardware_interface/build/tuw_hardware_trinamic_driver', 'XDG_CONFIG_DIRS': '/etc/xdg/xdg-ubuntu:/etc/xdg', 'XDG_DATA_DIRS': '/usr/share/ubuntu:/usr/share/gnome:/usr/local/share/:/usr/share/:/var/lib/snapd/desktop', 'QTWEBENGINE_DICTIONARIES_PATH': '/usr/share/hunspell-bdic/', 'PYTHONPATH': '/opt/ros/jazzy/lib/python3.12/site-packages', 'LC_NUMERIC': 'en_GB.UTF-8', 'LC_PAPER': 'en_GB.UTF-8', 'COLCON': '1', 'MEMORY_PRESSURE_WRITE': 'c29tZSAyMDAwMDAgMjAwMDAwMAA=', 'MANPATH': ':/home/coffee/.opam/default/man', 'VTE_VERSION': '7600', 'CMAKE_PREFIX_PATH': '/opt/ros/jazzy/opt/gz_sim_vendor:/opt/ros/jazzy/opt/gz_sensors_vendor:/opt/ros/jazzy/opt/gz_physics_vendor:/opt/ros/jazzy/opt/sdformat_vendor:/opt/ros/jazzy/opt/gz_gui_vendor:/opt/ros/jazzy/opt/gz_transport_vendor:/opt/ros/jazzy/opt/gz_rendering_vendor:/opt/ros/jazzy/opt/gz_plugin_vendor:/opt/ros/jazzy/opt/gz_fuel_tools_vendor:/opt/ros/jazzy/opt/gz_msgs_vendor:/opt/ros/jazzy/opt/gz_common_vendor:/opt/ros/jazzy/opt/gz_math_vendor:/opt/ros/jazzy/opt/gz_utils_vendor:/opt/ros/jazzy/opt/gz_tools_vendor:/opt/ros/jazzy/opt/gz_ogre_next_vendor:/opt/ros/jazzy/opt/gz_dartsim_vendor:/opt/ros/jazzy/opt/gz_cmake_vendor:/opt/ros/jazzy'}), 'shell': False}
[0.100022] (-) TimerEvent: {}
[0.164271] (tuw_hardware_trinamic_driver) StdoutLine: {'line': b'[ 33%] \x1b[32mBuilding CXX object CMakeFiles/trinamic_test_node.dir/src/tuw_hardware_trinamic_connection.cpp.o\x1b[0m\n'}
[0.200195] (-) TimerEvent: {}
[0.300782] (-) TimerEvent: {}
[0.401353] (-) TimerEvent: {}
[0.502018] (-) TimerEvent: {}
[0.602602] (-) TimerEvent: {}
[0.703211] (-) TimerEvent: {}
[0.803795] (-) TimerEvent: {}
[0.904389] (-) TimerEvent: {}
[0.969573] (tuw_hardware_trinamic_driver) StderrLine: {'line': b'\x1b[01m\x1b[K/home/coffee/Documents/Studium/TU/bachelorarbeit/tuw_hardware_interface/src/tuw_hardware_trinamic_driver/src/tuw_hardware_trinamic_connection.cpp:\x1b[m\x1b[K In constructor \xe2\x80\x98\x1b[01m\x1b[Ktmcm1640::TMCM1640Connection::\x1b[01;32m\x1b[KTMCM1640Connection\x1b[m\x1b[K(std::string)\x1b[m\x1b[K\xe2\x80\x99:\n'}
[0.971303] (tuw_hardware_trinamic_driver) StderrLine: {'line': b'\x1b[01m\x1b[K/home/coffee/Documents/Studium/TU/bachelorarbeit/tuw_hardware_interface/src/tuw_hardware_trinamic_driver/src/tuw_hardware_trinamic_connection.cpp:14:106:\x1b[m\x1b[K \x1b[01;31m\x1b[Kerror: \x1b[m\x1b[Kno matching function for call to \xe2\x80\x98\x1b[01m\x1b[Kboost::basic_format<char>::basic_format(const char [24], int&, char*)\x1b[m\x1b[K\xe2\x80\x99\n'}
[0.971498] (tuw_hardware_trinamic_driver) StderrLine: {'line': b'   14 |             std::string error_message = (boost::format("Error %i from open: %s\\n", errno, strerror(errno)\x1b[01;31m\x1b[K)\x1b[m\x1b[K).str();\n'}
[0.971646] (tuw_hardware_trinamic_driver) StderrLine: {'line': b'      |                                                                                                          \x1b[01;31m\x1b[K^\x1b[m\x1b[K\n'}
[0.971806] (tuw_hardware_trinamic_driver) StderrLine: {'line': b'In file included from \x1b[01m\x1b[K/usr/include/boost/format.hpp:47\x1b[m\x1b[K,\n'}
[0.971939] (tuw_hardware_trinamic_driver) StderrLine: {'line': b'                 from \x1b[01m\x1b[K/home/coffee/Documents/Studium/TU/bachelorarbeit/tuw_hardware_interface/src/tuw_hardware_trinamic_driver/src/tuw_hardware_trinamic_connection.cpp:3\x1b[m\x1b[K:\n'}
[0.972082] (tuw_hardware_trinamic_driver) StderrLine: {'line': b'\x1b[01m\x1b[K/usr/include/boost/format/format_implementation.hpp:46:5:\x1b[m\x1b[K \x1b[01;36m\x1b[Knote: \x1b[m\x1b[Kcandidate: \xe2\x80\x98\x1b[01m\x1b[Kboost::basic_format<Ch, Tr, Alloc>::\x1b[01;32m\x1b[Kbasic_format\x1b[m\x1b[K(const string_type&, const std::locale&) \x1b[35m\x1b[K[with Ch = char; Tr = std::char_traits<char>; Alloc = std::allocator<char>; string_type = std::__cxx11::basic_string<char>]\x1b[m\x1b[K\x1b[m\x1b[K\xe2\x80\x99\n'}
[0.972225] (tuw_hardware_trinamic_driver) StderrLine: {'line': b'   46 |     \x1b[01;36m\x1b[Kbasic_format<Ch, Tr, Alloc>\x1b[m\x1b[K:: basic_format(const string_type& s, const std::locale & loc)\n'}
[0.972361] (tuw_hardware_trinamic_driver) StderrLine: {'line': b'      |     \x1b[01;36m\x1b[K^~~~~~~~~~~~~~~~~~~~~~~~~~~\x1b[m\x1b[K\n'}
[0.972493] (tuw_hardware_trinamic_driver) StderrLine: {'line': b'\x1b[01m\x1b[K/usr/include/boost/format/format_implementation.hpp:46:5:\x1b[m\x1b[K \x1b[01;36m\x1b[Knote: \x1b[m\x1b[K  candidate expects 2 arguments, 3 provided\n'}
[0.972626] (tuw_hardware_trinamic_driver) StderrLine: {'line': b'\x1b[01m\x1b[K/usr/include/boost/format/format_implementation.hpp:38:5:\x1b[m\x1b[K \x1b[01;36m\x1b[Knote: \x1b[m\x1b[Kcandidate: \xe2\x80\x98\x1b[01m\x1b[Kboost::basic_format<Ch, Tr, Alloc>::\x1b[01;32m\x1b[Kbasic_format\x1b[m\x1b[K(const Ch*, const std::locale&) \x1b[35m\x1b[K[with Ch = char; Tr = std::char_traits<char>; Alloc = std::allocator<char>]\x1b[m\x1b[K\x1b[m\x1b[K\xe2\x80\x99\n'}
[0.972953] (tuw_hardware_trinamic_driver) StderrLine: {'line': b'   38 |     \x1b[01;36m\x1b[Kbasic_format<Ch, Tr, Alloc>\x1b[m\x1b[K:: basic_format(const Ch* s, const std::locale & loc)\n'}
[0.973238] (tuw_hardware_trinamic_driver) StderrLine: {'line': b'      |     \x1b[01;36m\x1b[K^~~~~~~~~~~~~~~~~~~~~~~~~~~\x1b[m\x1b[K\n'}
[0.973369] (tuw_hardware_trinamic_driver) StderrLine: {'line': b'\x1b[01m\x1b[K/usr/include/boost/format/format_implementation.hpp:38:5:\x1b[m\x1b[K \x1b[01;36m\x1b[Knote: \x1b[m\x1b[K  candidate expects 2 arguments, 3 provided\n'}
[0.973500] (tuw_hardware_trinamic_driver) StderrLine: {'line': b'\x1b[01m\x1b[K/usr/include/boost/format/format_implementation.hpp:68:5:\x1b[m\x1b[K \x1b[01;36m\x1b[Knote: \x1b[m\x1b[Kcandidate: \xe2\x80\x98\x1b[01m\x1b[Kboost::basic_format<Ch, Tr, Alloc>::\x1b[01;32m\x1b[Kbasic_format\x1b[m\x1b[K(const boost::basic_format<Ch, Tr, Alloc>&) \x1b[35m\x1b[K[with Ch = char; Tr = std::char_traits<char>; Alloc = std::allocator<char>]\x1b[m\x1b[K\x1b[m\x1b[K\xe2\x80\x99\n'}
[0.973633] (tuw_hardware_trinamic_driver) StderrLine: {'line': b'   68 |     \x1b[01;36m\x1b[Kbasic_format<Ch, Tr, Alloc>\x1b[m\x1b[K:: basic_format(const basic_format& x)\n'}
[0.974964] (tuw_hardware_trinamic_driver) StderrLine: {'line': b'      |     \x1b[01;36m\x1b[K^~~~~~~~~~~~~~~~~~~~~~~~~~~\x1b[m\x1b[K\n'}
[0.975100] (tuw_hardware_trinamic_driver) StderrLine: {'line': b'\x1b[01m\x1b[K/usr/include/boost/format/format_implementation.hpp:68:5:\x1b[m\x1b[K \x1b[01;36m\x1b[Knote: \x1b[m\x1b[K  candidate expects 1 argument, 3 provided\n'}
[0.975189] (tuw_hardware_trinamic_driver) StderrLine: {'line': b'\x1b[01m\x1b[K/usr/include/boost/format/format_implementation.hpp:60:5:\x1b[m\x1b[K \x1b[01;36m\x1b[Knote: \x1b[m\x1b[Kcandidate: \xe2\x80\x98\x1b[01m\x1b[Kboost::basic_format<Ch, Tr, Alloc>::\x1b[01;32m\x1b[Kbasic_format\x1b[m\x1b[K(const string_type&) \x1b[35m\x1b[K[with Ch = char; Tr = std::char_traits<char>; Alloc = std::allocator<char>; string_type = std::__cxx11::basic_string<char>]\x1b[m\x1b[K\x1b[m\x1b[K\xe2\x80\x99\n'}
[0.975279] (tuw_hardware_trinamic_driver) StderrLine: {'line': b'   60 |     \x1b[01;36m\x1b[Kbasic_format<Ch, Tr, Alloc>\x1b[m\x1b[K:: basic_format(const string_type& s)\n'}
[0.975445] (tuw_hardware_trinamic_driver) StderrLine: {'line': b'      |     \x1b[01;36m\x1b[K^~~~~~~~~~~~~~~~~~~~~~~~~~~\x1b[m\x1b[K\n'}
[0.975546] (tuw_hardware_trinamic_driver) StderrLine: {'line': b'\x1b[01m\x1b[K/usr/include/boost/format/format_implementation.hpp:60:5:\x1b[m\x1b[K \x1b[01;36m\x1b[Knote: \x1b[m\x1b[K  candidate expects 1 argument, 3 provided\n'}
[0.975632] (tuw_hardware_trinamic_driver) StderrLine: {'line': b'\x1b[01m\x1b[K/usr/include/boost/format/format_implementation.hpp:28:5:\x1b[m\x1b[K \x1b[01;36m\x1b[Knote: \x1b[m\x1b[Kcandidate: \xe2\x80\x98\x1b[01m\x1b[Kboost::basic_format<Ch, Tr, Alloc>::\x1b[01;32m\x1b[Kbasic_format\x1b[m\x1b[K(const Ch*) \x1b[35m\x1b[K[with Ch = char; Tr = std::char_traits<char>; Alloc = std::allocator<char>]\x1b[m\x1b[K\x1b[m\x1b[K\xe2\x80\x99\n'}
[0.975736] (tuw_hardware_trinamic_driver) StderrLine: {'line': b'   28 |     \x1b[01;36m\x1b[Kbasic_format<Ch, Tr, Alloc>\x1b[m\x1b[K:: basic_format(const Ch* s)\n'}
[0.976100] (tuw_hardware_trinamic_driver) StderrLine: {'line': b'      |     \x1b[01;36m\x1b[K^~~~~~~~~~~~~~~~~~~~~~~~~~~\x1b[m\x1b[K\n'}
[0.976237] (tuw_hardware_trinamic_driver) StderrLine: {'line': b'\x1b[01m\x1b[K/usr/include/boost/format/format_implementation.hpp:28:5:\x1b[m\x1b[K \x1b[01;36m\x1b[Knote: \x1b[m\x1b[K  candidate expects 1 argument, 3 provided\n'}
[0.976325] (tuw_hardware_trinamic_driver) StderrLine: {'line': b'\x1b[01m\x1b[K/home/coffee/Documents/Studium/TU/bachelorarbeit/tuw_hardware_interface/src/tuw_hardware_trinamic_driver/src/tuw_hardware_trinamic_connection.cpp:23:111:\x1b[m\x1b[K \x1b[01;31m\x1b[Kerror: \x1b[m\x1b[Kno matching function for call to \xe2\x80\x98\x1b[01m\x1b[Kboost::basic_format<char>::basic_format(const char [29], int&, char*)\x1b[m\x1b[K\xe2\x80\x99\n'}
[0.976421] (tuw_hardware_trinamic_driver) StderrLine: {'line': b'   23 |             std::string error_message = (boost::format("Error %i from tcgetattr: %s\\n", errno, strerror(errno)\x1b[01;31m\x1b[K)\x1b[m\x1b[K).str();\n'}
[0.976558] (tuw_hardware_trinamic_driver) StderrLine: {'line': b'      |                                                                                                               \x1b[01;31m\x1b[K^\x1b[m\x1b[K\n'}
[0.976641] (tuw_hardware_trinamic_driver) StderrLine: {'line': b'\x1b[01m\x1b[K/usr/include/boost/format/format_implementation.hpp:46:5:\x1b[m\x1b[K \x1b[01;36m\x1b[Knote: \x1b[m\x1b[Kcandidate: \xe2\x80\x98\x1b[01m\x1b[Kboost::basic_format<Ch, Tr, Alloc>::\x1b[01;32m\x1b[Kbasic_format\x1b[m\x1b[K(const string_type&, const std::locale&) \x1b[35m\x1b[K[with Ch = char; Tr = std::char_traits<char>; Alloc = std::allocator<char>; string_type = std::__cxx11::basic_string<char>]\x1b[m\x1b[K\x1b[m\x1b[K\xe2\x80\x99\n'}
[0.977060] (tuw_hardware_trinamic_driver) StderrLine: {'line': b'   46 |     \x1b[01;36m\x1b[Kbasic_format<Ch, Tr, Alloc>\x1b[m\x1b[K:: basic_format(const string_type& s, const std::locale & loc)\n'}
[0.977160] (tuw_hardware_trinamic_driver) StderrLine: {'line': b'      |     \x1b[01;36m\x1b[K^~~~~~~~~~~~~~~~~~~~~~~~~~~\x1b[m\x1b[K\n'}
[0.977253] (tuw_hardware_trinamic_driver) StderrLine: {'line': b'\x1b[01m\x1b[K/usr/include/boost/format/format_implementation.hpp:46:5:\x1b[m\x1b[K \x1b[01;36m\x1b[Knote: \x1b[m\x1b[K  candidate expects 2 arguments, 3 provided\n'}
[0.977344] (tuw_hardware_trinamic_driver) StderrLine: {'line': b'\x1b[01m\x1b[K/usr/include/boost/format/format_implementation.hpp:38:5:\x1b[m\x1b[K \x1b[01;36m\x1b[Knote: \x1b[m\x1b[Kcandidate: \xe2\x80\x98\x1b[01m\x1b[Kboost::basic_format<Ch, Tr, Alloc>::\x1b[01;32m\x1b[Kbasic_format\x1b[m\x1b[K(const Ch*, const std::locale&) \x1b[35m\x1b[K[with Ch = char; Tr = std::char_traits<char>; Alloc = std::allocator<char>]\x1b[m\x1b[K\x1b[m\x1b[K\xe2\x80\x99\n'}
[0.977446] (tuw_hardware_trinamic_driver) StderrLine: {'line': b'   38 |     \x1b[01;36m\x1b[Kbasic_format<Ch, Tr, Alloc>\x1b[m\x1b[K:: basic_format(const Ch* s, const std::locale & loc)\n'}
[0.977529] (tuw_hardware_trinamic_driver) StderrLine: {'line': b'      |     \x1b[01;36m\x1b[K^~~~~~~~~~~~~~~~~~~~~~~~~~~\x1b[m\x1b[K\n'}
[0.977608] (tuw_hardware_trinamic_driver) StderrLine: {'line': b'\x1b[01m\x1b[K/usr/include/boost/format/format_implementation.hpp:38:5:\x1b[m\x1b[K \x1b[01;36m\x1b[Knote: \x1b[m\x1b[K  candidate expects 2 arguments, 3 provided\n'}
[0.977737] (tuw_hardware_trinamic_driver) StderrLine: {'line': b'\x1b[01m\x1b[K/usr/include/boost/format/format_implementation.hpp:68:5:\x1b[m\x1b[K \x1b[01;36m\x1b[Knote: \x1b[m\x1b[Kcandidate: \xe2\x80\x98\x1b[01m\x1b[Kboost::basic_format<Ch, Tr, Alloc>::\x1b[01;32m\x1b[Kbasic_format\x1b[m\x1b[K(const boost::basic_format<Ch, Tr, Alloc>&) \x1b[35m\x1b[K[with Ch = char; Tr = std::char_traits<char>; Alloc = std::allocator<char>]\x1b[m\x1b[K\x1b[m\x1b[K\xe2\x80\x99\n'}
[0.977825] (tuw_hardware_trinamic_driver) StderrLine: {'line': b'   68 |     \x1b[01;36m\x1b[Kbasic_format<Ch, Tr, Alloc>\x1b[m\x1b[K:: basic_format(const basic_format& x)\n'}
[0.977905] (tuw_hardware_trinamic_driver) StderrLine: {'line': b'      |     \x1b[01;36m\x1b[K^~~~~~~~~~~~~~~~~~~~~~~~~~~\x1b[m\x1b[K\n'}
[0.977982] (tuw_hardware_trinamic_driver) StderrLine: {'line': b'\x1b[01m\x1b[K/usr/include/boost/format/format_implementation.hpp:68:5:\x1b[m\x1b[K \x1b[01;36m\x1b[Knote: \x1b[m\x1b[K  candidate expects 1 argument, 3 provided\n'}
[0.978062] (tuw_hardware_trinamic_driver) StderrLine: {'line': b'\x1b[01m\x1b[K/usr/include/boost/format/format_implementation.hpp:60:5:\x1b[m\x1b[K \x1b[01;36m\x1b[Knote: \x1b[m\x1b[Kcandidate: \xe2\x80\x98\x1b[01m\x1b[Kboost::basic_format<Ch, Tr, Alloc>::\x1b[01;32m\x1b[Kbasic_format\x1b[m\x1b[K(const string_type&) \x1b[35m\x1b[K[with Ch = char; Tr = std::char_traits<char>; Alloc = std::allocator<char>; string_type = std::__cxx11::basic_string<char>]\x1b[m\x1b[K\x1b[m\x1b[K\xe2\x80\x99\n'}
[0.978143] (tuw_hardware_trinamic_driver) StderrLine: {'line': b'   60 |     \x1b[01;36m\x1b[Kbasic_format<Ch, Tr, Alloc>\x1b[m\x1b[K:: basic_format(const string_type& s)\n'}
[0.978684] (tuw_hardware_trinamic_driver) StderrLine: {'line': b'      |     \x1b[01;36m\x1b[K^~~~~~~~~~~~~~~~~~~~~~~~~~~\x1b[m\x1b[K\n'}
[0.978939] (tuw_hardware_trinamic_driver) StderrLine: {'line': b'\x1b[01m\x1b[K/usr/include/boost/format/format_implementation.hpp:60:5:\x1b[m\x1b[K \x1b[01;36m\x1b[Knote: \x1b[m\x1b[K  candidate expects 1 argument, 3 provided\n'}
[0.979084] (tuw_hardware_trinamic_driver) StderrLine: {'line': b'\x1b[01m\x1b[K/usr/include/boost/format/format_implementation.hpp:28:5:\x1b[m\x1b[K \x1b[01;36m\x1b[Knote: \x1b[m\x1b[Kcandidate: \xe2\x80\x98\x1b[01m\x1b[Kboost::basic_format<Ch, Tr, Alloc>::\x1b[01;32m\x1b[Kbasic_format\x1b[m\x1b[K(const Ch*) \x1b[35m\x1b[K[with Ch = char; Tr = std::char_traits<char>; Alloc = std::allocator<char>]\x1b[m\x1b[K\x1b[m\x1b[K\xe2\x80\x99\n'}
[0.979559] (tuw_hardware_trinamic_driver) StderrLine: {'line': b'   28 |     \x1b[01;36m\x1b[Kbasic_format<Ch, Tr, Alloc>\x1b[m\x1b[K:: basic_format(const Ch* s)\n'}
[0.979645] (tuw_hardware_trinamic_driver) StderrLine: {'line': b'      |     \x1b[01;36m\x1b[K^~~~~~~~~~~~~~~~~~~~~~~~~~~\x1b[m\x1b[K\n'}
[0.979735] (tuw_hardware_trinamic_driver) StderrLine: {'line': b'\x1b[01m\x1b[K/usr/include/boost/format/format_implementation.hpp:28:5:\x1b[m\x1b[K \x1b[01;36m\x1b[Knote: \x1b[m\x1b[K  candidate expects 1 argument, 3 provided\n'}
[0.979813] (tuw_hardware_trinamic_driver) StderrLine: {'line': b'\x1b[01m\x1b[K/home/coffee/Documents/Studium/TU/bachelorarbeit/tuw_hardware_interface/src/tuw_hardware_trinamic_driver/src/tuw_hardware_trinamic_connection.cpp:67:21:\x1b[m\x1b[K \x1b[01;31m\x1b[Kerror: \x1b[m\x1b[Ktoo many arguments to function \xe2\x80\x98\x1b[01m\x1b[Kint\x1b[01;32m\x1b[K tcgetattr\x1b[m\x1b[K(int, termios*)\x1b[m\x1b[K\xe2\x80\x99\n'}
[0.979896] (tuw_hardware_trinamic_driver) StderrLine: {'line': b'   67 |         if(\x1b[01;31m\x1b[Ktcgetattr(serial_port, TCSANOW, &tty)\x1b[m\x1b[K != 0) {\n'}
[0.979971] (tuw_hardware_trinamic_driver) StderrLine: {'line': b'      |            \x1b[01;31m\x1b[K~~~~~~~~~^~~~~~~~~~~~~~~~~~~~~~~~~~~~\x1b[m\x1b[K\n'}
[0.980043] (tuw_hardware_trinamic_driver) StderrLine: {'line': b'In file included from \x1b[01m\x1b[K/home/coffee/Documents/Studium/TU/bachelorarbeit/tuw_hardware_interface/src/tuw_hardware_trinamic_driver/include/tuw_hardware_trinamic_driver/tuw_hardware_trinamic_connection.hpp:9\x1b[m\x1b[K,\n'}
[0.980116] (tuw_hardware_trinamic_driver) StderrLine: {'line': b'                 from \x1b[01m\x1b[K/home/coffee/Documents/Studium/TU/bachelorarbeit/tuw_hardware_interface/src/tuw_hardware_trinamic_driver/src/tuw_hardware_trinamic_connection.cpp:1\x1b[m\x1b[K:\n'}
[0.980186] (tuw_hardware_trinamic_driver) StderrLine: {'line': b'\x1b[01m\x1b[K/usr/include/termios.h:66:12:\x1b[m\x1b[K \x1b[01;36m\x1b[Knote: \x1b[m\x1b[Kdeclared here\n'}
[0.980255] (tuw_hardware_trinamic_driver) StderrLine: {'line': b'   66 | extern int \x1b[01;36m\x1b[Ktcgetattr\x1b[m\x1b[K (int __fd, struct termios *__termios_p) __THROW;\n'}
[0.980331] (tuw_hardware_trinamic_driver) StderrLine: {'line': b'      |            \x1b[01;36m\x1b[K^~~~~~~~~\x1b[m\x1b[K\n'}
[0.980403] (tuw_hardware_trinamic_driver) StderrLine: {'line': b'\x1b[01m\x1b[K/home/coffee/Documents/Studium/TU/bachelorarbeit/tuw_hardware_interface/src/tuw_hardware_trinamic_driver/src/tuw_hardware_trinamic_connection.cpp:70:111:\x1b[m\x1b[K \x1b[01;31m\x1b[Kerror: \x1b[m\x1b[Kno matching function for call to \xe2\x80\x98\x1b[01m\x1b[Kboost::basic_format<char>::basic_format(const char [29], int&, char*)\x1b[m\x1b[K\xe2\x80\x99\n'}
[0.980486] (tuw_hardware_trinamic_driver) StderrLine: {'line': b'   70 |             std::string error_message = (boost::format("Error %i from tcsetattr: %s\\n", errno, strerror(errno)\x1b[01;31m\x1b[K)\x1b[m\x1b[K).str();\n'}
[0.980561] (tuw_hardware_trinamic_driver) StderrLine: {'line': b'      |                                                                                                               \x1b[01;31m\x1b[K^\x1b[m\x1b[K\n'}
[0.980633] (tuw_hardware_trinamic_driver) StderrLine: {'line': b'\x1b[01m\x1b[K/usr/include/boost/format/format_implementation.hpp:46:5:\x1b[m\x1b[K \x1b[01;36m\x1b[Knote: \x1b[m\x1b[Kcandidate: \xe2\x80\x98\x1b[01m\x1b[Kboost::basic_format<Ch, Tr, Alloc>::\x1b[01;32m\x1b[Kbasic_format\x1b[m\x1b[K(const string_type&, const std::locale&) \x1b[35m\x1b[K[with Ch = char; Tr = std::char_traits<char>; Alloc = std::allocator<char>; string_type = std::__cxx11::basic_string<char>]\x1b[m\x1b[K\x1b[m\x1b[K\xe2\x80\x99\n'}
[0.980720] (tuw_hardware_trinamic_driver) StderrLine: {'line': b'   46 |     \x1b[01;36m\x1b[Kbasic_format<Ch, Tr, Alloc>\x1b[m\x1b[K:: basic_format(const string_type& s, const std::locale & loc)\n'}
[0.980793] (tuw_hardware_trinamic_driver) StderrLine: {'line': b'      |     \x1b[01;36m\x1b[K^~~~~~~~~~~~~~~~~~~~~~~~~~~\x1b[m\x1b[K\n'}
[0.980862] (tuw_hardware_trinamic_driver) StderrLine: {'line': b'\x1b[01m\x1b[K/usr/include/boost/format/format_implementation.hpp:46:5:\x1b[m\x1b[K \x1b[01;36m\x1b[Knote: \x1b[m\x1b[K  candidate expects 2 arguments, 3 provided\n'}
[0.980932] (tuw_hardware_trinamic_driver) StderrLine: {'line': b'\x1b[01m\x1b[K/usr/include/boost/format/format_implementation.hpp:38:5:\x1b[m\x1b[K \x1b[01;36m\x1b[Knote: \x1b[m\x1b[Kcandidate: \xe2\x80\x98\x1b[01m\x1b[Kboost::basic_format<Ch, Tr, Alloc>::\x1b[01;32m\x1b[Kbasic_format\x1b[m\x1b[K(const Ch*, const std::locale&) \x1b[35m\x1b[K[with Ch = char; Tr = std::char_traits<char>; Alloc = std::allocator<char>]\x1b[m\x1b[K\x1b[m\x1b[K\xe2\x80\x99\n'}
[0.981007] (tuw_hardware_trinamic_driver) StderrLine: {'line': b'   38 |     \x1b[01;36m\x1b[Kbasic_format<Ch, Tr, Alloc>\x1b[m\x1b[K:: basic_format(const Ch* s, const std::locale & loc)\n'}
[0.981077] (tuw_hardware_trinamic_driver) StderrLine: {'line': b'      |     \x1b[01;36m\x1b[K^~~~~~~~~~~~~~~~~~~~~~~~~~~\x1b[m\x1b[K\n'}
[0.981147] (tuw_hardware_trinamic_driver) StderrLine: {'line': b'\x1b[01m\x1b[K/usr/include/boost/format/format_implementation.hpp:38:5:\x1b[m\x1b[K \x1b[01;36m\x1b[Knote: \x1b[m\x1b[K  candidate expects 2 arguments, 3 provided\n'}
[0.981217] (tuw_hardware_trinamic_driver) StderrLine: {'line': b'\x1b[01m\x1b[K/usr/include/boost/format/format_implementation.hpp:68:5:\x1b[m\x1b[K \x1b[01;36m\x1b[Knote: \x1b[m\x1b[Kcandidate: \xe2\x80\x98\x1b[01m\x1b[Kboost::basic_format<Ch, Tr, Alloc>::\x1b[01;32m\x1b[Kbasic_format\x1b[m\x1b[K(const boost::basic_format<Ch, Tr, Alloc>&) \x1b[35m\x1b[K[with Ch = char; Tr = std::char_traits<char>; Alloc = std::allocator<char>]\x1b[m\x1b[K\x1b[m\x1b[K\xe2\x80\x99\n'}
[0.981293] (tuw_hardware_trinamic_driver) StderrLine: {'line': b'   68 |     \x1b[01;36m\x1b[Kbasic_format<Ch, Tr, Alloc>\x1b[m\x1b[K:: basic_format(const basic_format& x)\n'}
[0.981364] (tuw_hardware_trinamic_driver) StderrLine: {'line': b'      |     \x1b[01;36m\x1b[K^~~~~~~~~~~~~~~~~~~~~~~~~~~\x1b[m\x1b[K\n'}
[0.981434] (tuw_hardware_trinamic_driver) StderrLine: {'line': b'\x1b[01m\x1b[K/usr/include/boost/format/format_implementation.hpp:68:5:\x1b[m\x1b[K \x1b[01;36m\x1b[Knote: \x1b[m\x1b[K  candidate expects 1 argument, 3 provided\n'}
[0.981506] (tuw_hardware_trinamic_driver) StderrLine: {'line': b'\x1b[01m\x1b[K/usr/include/boost/format/format_implementation.hpp:60:5:\x1b[m\x1b[K \x1b[01;36m\x1b[Knote: \x1b[m\x1b[Kcandidate: \xe2\x80\x98\x1b[01m\x1b[Kboost::basic_format<Ch, Tr, Alloc>::\x1b[01;32m\x1b[Kbasic_format\x1b[m\x1b[K(const string_type&) \x1b[35m\x1b[K[with Ch = char; Tr = std::char_traits<char>; Alloc = std::allocator<char>; string_type = std::__cxx11::basic_string<char>]\x1b[m\x1b[K\x1b[m\x1b[K\xe2\x80\x99\n'}
[0.981583] (tuw_hardware_trinamic_driver) StderrLine: {'line': b'   60 |     \x1b[01;36m\x1b[Kbasic_format<Ch, Tr, Alloc>\x1b[m\x1b[K:: basic_format(const string_type& s)\n'}
[0.981661] (tuw_hardware_trinamic_driver) StderrLine: {'line': b'      |     \x1b[01;36m\x1b[K^~~~~~~~~~~~~~~~~~~~~~~~~~~\x1b[m\x1b[K\n'}
[0.981736] (tuw_hardware_trinamic_driver) StderrLine: {'line': b'\x1b[01m\x1b[K/usr/include/boost/format/format_implementation.hpp:60:5:\x1b[m\x1b[K \x1b[01;36m\x1b[Knote: \x1b[m\x1b[K  candidate expects 1 argument, 3 provided\n'}
[0.981811] (tuw_hardware_trinamic_driver) StderrLine: {'line': b'\x1b[01m\x1b[K/usr/include/boost/format/format_implementation.hpp:28:5:\x1b[m\x1b[K \x1b[01;36m\x1b[Knote: \x1b[m\x1b[Kcandidate: \xe2\x80\x98\x1b[01m\x1b[Kboost::basic_format<Ch, Tr, Alloc>::\x1b[01;32m\x1b[Kbasic_format\x1b[m\x1b[K(const Ch*) \x1b[35m\x1b[K[with Ch = char; Tr = std::char_traits<char>; Alloc = std::allocator<char>]\x1b[m\x1b[K\x1b[m\x1b[K\xe2\x80\x99\n'}
[0.981892] (tuw_hardware_trinamic_driver) StderrLine: {'line': b'   28 |     \x1b[01;36m\x1b[Kbasic_format<Ch, Tr, Alloc>\x1b[m\x1b[K:: basic_format(const Ch* s)\n'}
[0.981962] (tuw_hardware_trinamic_driver) StderrLine: {'line': b'      |     \x1b[01;36m\x1b[K^~~~~~~~~~~~~~~~~~~~~~~~~~~\x1b[m\x1b[K\n'}
[0.982032] (tuw_hardware_trinamic_driver) StderrLine: {'line': b'\x1b[01m\x1b[K/usr/include/boost/format/format_implementation.hpp:28:5:\x1b[m\x1b[K \x1b[01;36m\x1b[Knote: \x1b[m\x1b[K  candidate expects 1 argument, 3 provided\n'}
[0.982104] (tuw_hardware_trinamic_driver) StderrLine: {'line': b'In file included from \x1b[01m\x1b[K/home/coffee/Documents/Studium/TU/bachelorarbeit/tuw_hardware_interface/src/tuw_hardware_trinamic_driver/include/tuw_hardware_trinamic_driver/tuw_hardware_trinamic_connection.hpp:4\x1b[m\x1b[K:\n'}
[0.982177] (tuw_hardware_trinamic_driver) StderrLine: {'line': b'\x1b[01m\x1b[K/home/coffee/Documents/Studium/TU/bachelorarbeit/tuw_hardware_interface/src/tuw_hardware_trinamic_driver/include/tuw_hardware_trinamic_driver/tuw_hardware_trinamic_definitions.hpp:146:20:\x1b[m\x1b[K \x1b[01;31m\x1b[Kerror: \x1b[m\x1b[Kexpected unqualified-id before numeric constant\n'}
[0.982249] (tuw_hardware_trinamic_driver) StderrLine: {'line': b'  146 |     #define TARGET \x1b[01;31m\x1b[K1\x1b[m\x1b[K\n'}
[0.982319] (tuw_hardware_trinamic_driver) StderrLine: {'line': b'      |                    \x1b[01;31m\x1b[K^\x1b[m\x1b[K\n'}
[0.982391] (tuw_hardware_trinamic_driver) StderrLine: {'line': b'\x1b[01m\x1b[K/home/coffee/Documents/Studium/TU/bachelorarbeit/tuw_hardware_interface/src/tuw_hardware_trinamic_driver/src/tuw_hardware_trinamic_connection.cpp:76:46:\x1b[m\x1b[K \x1b[01;36m\x1b[Knote: \x1b[m\x1b[Kin expansion of macro \xe2\x80\x98\x1b[01m\x1b[KTARGET\x1b[m\x1b[K\xe2\x80\x99\n'}
[0.982464] (tuw_hardware_trinamic_driver) StderrLine: {'line': b'   76 |         command_message[tmcm1640_cmd_format::\x1b[01;36m\x1b[KTARGET\x1b[m\x1b[K] = TARGET;\n'}
[0.982534] (tuw_hardware_trinamic_driver) StderrLine: {'line': b'      |                                              \x1b[01;36m\x1b[K^~~~~~\x1b[m\x1b[K\n'}
[0.982605] (tuw_hardware_trinamic_driver) StderrLine: {'line': b'\x1b[01m\x1b[K/home/coffee/Documents/Studium/TU/bachelorarbeit/tuw_hardware_interface/src/tuw_hardware_trinamic_driver/src/tuw_hardware_trinamic_connection.cpp:76:44:\x1b[m\x1b[K \x1b[01;31m\x1b[Kerror: \x1b[m\x1b[Kexpected \xe2\x80\x98\x1b[01m\x1b[K]\x1b[m\x1b[K\xe2\x80\x99 before numeric constant\n'}
[0.982682] (tuw_hardware_trinamic_driver) StderrLine: {'line': b'   76 |         command_message[tmcm1640_cmd_format\x1b[01;31m\x1b[K:\x1b[m\x1b[K:TARGET] = TARGET;\n'}
[0.982799] (tuw_hardware_trinamic_driver) StderrLine: {'line': b'      |                                            \x1b[01;31m\x1b[K^\x1b[m\x1b[K\n'}
[0.982870] (tuw_hardware_trinamic_driver) StderrLine: {'line': b'      |                                            \x1b[32m\x1b[K]\x1b[m\x1b[K\n'}
[0.982942] (tuw_hardware_trinamic_driver) StderrLine: {'line': b'\x1b[01m\x1b[K/home/coffee/Documents/Studium/TU/bachelorarbeit/tuw_hardware_interface/src/tuw_hardware_trinamic_driver/src/tuw_hardware_trinamic_connection.cpp:77:24:\x1b[m\x1b[K \x1b[01;31m\x1b[Kerror: \x1b[m\x1b[Kno match for \xe2\x80\x98\x1b[01m\x1b[Koperator[]\x1b[m\x1b[K\xe2\x80\x99 (operand types are \xe2\x80\x98\x1b[01m\x1b[Kstd::array<unsigned char, 9>\x1b[m\x1b[K\xe2\x80\x99 and \xe2\x80\x98\x1b[01m\x1b[Ktmcm1640::tmcm1640_cmd_format\x1b[m\x1b[K\xe2\x80\x99)\n'}
[0.983021] (tuw_hardware_trinamic_driver) StderrLine: {'line': b'   77 |         command_message\x1b[01;31m\x1b[K[\x1b[m\x1b[Ktmcm1640_cmd_format::TYPE] = TYPE_DEFAULT;\n'}
[0.983093] (tuw_hardware_trinamic_driver) StderrLine: {'line': b'      |                        \x1b[01;31m\x1b[K^\x1b[m\x1b[K\n'}
[0.983161] (tuw_hardware_trinamic_driver) StderrLine: {'line': b'In file included from \x1b[01m\x1b[K/home/coffee/Documents/Studium/TU/bachelorarbeit/tuw_hardware_interface/src/tuw_hardware_trinamic_driver/include/tuw_hardware_trinamic_driver/tuw_hardware_trinamic_connection.hpp:13\x1b[m\x1b[K:\n'}
[0.983233] (tuw_hardware_trinamic_driver) StderrLine: {'line': b'\x1b[01m\x1b[K/usr/include/c++/13/array:200:7:\x1b[m\x1b[K \x1b[01;36m\x1b[Knote: \x1b[m\x1b[Kcandidate: \xe2\x80\x98\x1b[01m\x1b[Kconstexpr std::array<_Tp, _Nm>::value_type& std::array<_Tp, _Nm>::\x1b[01;32m\x1b[Koperator[]\x1b[m\x1b[K(size_type) \x1b[35m\x1b[K[with _Tp = unsigned char; long unsigned int _Nm = 9; reference = unsigned char&; size_type = long unsigned int]\x1b[m\x1b[K\x1b[m\x1b[K\xe2\x80\x99\n'}
[0.983309] (tuw_hardware_trinamic_driver) StderrLine: {'line': b'  200 |       \x1b[01;36m\x1b[Koperator\x1b[m\x1b[K[](size_type __n) noexcept\n'}
[0.983378] (tuw_hardware_trinamic_driver) StderrLine: {'line': b'      |       \x1b[01;36m\x1b[K^~~~~~~~\x1b[m\x1b[K\n'}
[0.983446] (tuw_hardware_trinamic_driver) StderrLine: {'line': b'\x1b[01m\x1b[K/usr/include/c++/13/array:200:28:\x1b[m\x1b[K \x1b[01;36m\x1b[Knote: \x1b[m\x1b[K  no known conversion for argument 1 from \xe2\x80\x98\x1b[01m\x1b[Ktmcm1640::tmcm1640_cmd_format\x1b[m\x1b[K\xe2\x80\x99 to \xe2\x80\x98\x1b[01m\x1b[Kstd::array<unsigned char, 9>::size_type\x1b[m\x1b[K\xe2\x80\x99 {aka \xe2\x80\x98\x1b[01m\x1b[Klong unsigned int\x1b[m\x1b[K\xe2\x80\x99}\n'}
[0.983518] (tuw_hardware_trinamic_driver) StderrLine: {'line': b'  200 |       operator[](\x1b[01;36m\x1b[Ksize_type __n\x1b[m\x1b[K) noexcept\n'}
[0.983589] (tuw_hardware_trinamic_driver) StderrLine: {'line': b'      |                  \x1b[01;36m\x1b[K~~~~~~~~~~^~~\x1b[m\x1b[K\n'}
[0.983665] (tuw_hardware_trinamic_driver) StderrLine: {'line': b'\x1b[01m\x1b[K/usr/include/c++/13/array:208:7:\x1b[m\x1b[K \x1b[01;36m\x1b[Knote: \x1b[m\x1b[Kcandidate: \xe2\x80\x98\x1b[01m\x1b[Kconstexpr const std::array<_Tp, _Nm>::value_type& std::array<_Tp, _Nm>::\x1b[01;32m\x1b[Koperator[]\x1b[m\x1b[K(size_type) const \x1b[35m\x1b[K[with _Tp = unsigned char; long unsigned int _Nm = 9; const_reference = const unsigned char&; size_type = long unsigned int]\x1b[m\x1b[K\x1b[m\x1b[K\xe2\x80\x99\n'}
[0.983746] (tuw_hardware_trinamic_driver) StderrLine: {'line': b'  208 |       \x1b[01;36m\x1b[Koperator\x1b[m\x1b[K[](size_type __n) const noexcept\n'}
[0.983816] (tuw_hardware_trinamic_driver) StderrLine: {'line': b'      |       \x1b[01;36m\x1b[K^~~~~~~~\x1b[m\x1b[K\n'}
[0.983886] (tuw_hardware_trinamic_driver) StderrLine: {'line': b'\x1b[01m\x1b[K/usr/include/c++/13/array:208:28:\x1b[m\x1b[K \x1b[01;36m\x1b[Knote: \x1b[m\x1b[K  no known conversion for argument 1 from \xe2\x80\x98\x1b[01m\x1b[Ktmcm1640::tmcm1640_cmd_format\x1b[m\x1b[K\xe2\x80\x99 to \xe2\x80\x98\x1b[01m\x1b[Kstd::array<unsigned char, 9>::size_type\x1b[m\x1b[K\xe2\x80\x99 {aka \xe2\x80\x98\x1b[01m\x1b[Klong unsigned int\x1b[m\x1b[K\xe2\x80\x99}\n'}
[0.983970] (tuw_hardware_trinamic_driver) StderrLine: {'line': b'  208 |       operator[](\x1b[01;36m\x1b[Ksize_type __n\x1b[m\x1b[K) const noexcept\n'}
[0.984041] (tuw_hardware_trinamic_driver) StderrLine: {'line': b'      |                  \x1b[01;36m\x1b[K~~~~~~~~~~^~~\x1b[m\x1b[K\n'}
[0.984112] (tuw_hardware_trinamic_driver) StderrLine: {'line': b'\x1b[01m\x1b[K/home/coffee/Documents/Studium/TU/bachelorarbeit/tuw_hardware_interface/src/tuw_hardware_trinamic_driver/src/tuw_hardware_trinamic_connection.cpp:78:24:\x1b[m\x1b[K \x1b[01;31m\x1b[Kerror: \x1b[m\x1b[Kno match for \xe2\x80\x98\x1b[01m\x1b[Koperator[]\x1b[m\x1b[K\xe2\x80\x99 (operand types are \xe2\x80\x98\x1b[01m\x1b[Kstd::array<unsigned char, 9>\x1b[m\x1b[K\xe2\x80\x99 and \xe2\x80\x98\x1b[01m\x1b[Ktmcm1640::tmcm1640_cmd_format\x1b[m\x1b[K\xe2\x80\x99)\n'}
[0.984188] (tuw_hardware_trinamic_driver) StderrLine: {'line': b'   78 |         command_message\x1b[01;31m\x1b[K[\x1b[m\x1b[Ktmcm1640_cmd_format::MOT_BANK] = MOTOR_NUMBER;\n'}
[0.984264] (tuw_hardware_trinamic_driver) StderrLine: {'line': b'      |                        \x1b[01;31m\x1b[K^\x1b[m\x1b[K\n'}
[0.984333] (tuw_hardware_trinamic_driver) StderrLine: {'line': b'\x1b[01m\x1b[K/usr/include/c++/13/array:200:7:\x1b[m\x1b[K \x1b[01;36m\x1b[Knote: \x1b[m\x1b[Kcandidate: \xe2\x80\x98\x1b[01m\x1b[Kconstexpr std::array<_Tp, _Nm>::value_type& std::array<_Tp, _Nm>::\x1b[01;32m\x1b[Koperator[]\x1b[m\x1b[K(size_type) \x1b[35m\x1b[K[with _Tp = unsigned char; long unsigned int _Nm = 9; reference = unsigned char&; size_type = long unsigned int]\x1b[m\x1b[K\x1b[m\x1b[K\xe2\x80\x99\n'}
[0.984405] (tuw_hardware_trinamic_driver) StderrLine: {'line': b'  200 |       \x1b[01;36m\x1b[Koperator\x1b[m\x1b[K[](size_type __n) noexcept\n'}
[0.984475] (tuw_hardware_trinamic_driver) StderrLine: {'line': b'      |       \x1b[01;36m\x1b[K^~~~~~~~\x1b[m\x1b[K\n'}
[0.984544] (tuw_hardware_trinamic_driver) StderrLine: {'line': b'\x1b[01m\x1b[K/usr/include/c++/13/array:200:28:\x1b[m\x1b[K \x1b[01;36m\x1b[Knote: \x1b[m\x1b[K  no known conversion for argument 1 from \xe2\x80\x98\x1b[01m\x1b[Ktmcm1640::tmcm1640_cmd_format\x1b[m\x1b[K\xe2\x80\x99 to \xe2\x80\x98\x1b[01m\x1b[Kstd::array<unsigned char, 9>::size_type\x1b[m\x1b[K\xe2\x80\x99 {aka \xe2\x80\x98\x1b[01m\x1b[Klong unsigned int\x1b[m\x1b[K\xe2\x80\x99}\n'}
[0.984618] (tuw_hardware_trinamic_driver) StderrLine: {'line': b'  200 |       operator[](\x1b[01;36m\x1b[Ksize_type __n\x1b[m\x1b[K) noexcept\n'}
[0.984696] (tuw_hardware_trinamic_driver) StderrLine: {'line': b'      |                  \x1b[01;36m\x1b[K~~~~~~~~~~^~~\x1b[m\x1b[K\n'}
[0.984768] (tuw_hardware_trinamic_driver) StderrLine: {'line': b'\x1b[01m\x1b[K/usr/include/c++/13/array:208:7:\x1b[m\x1b[K \x1b[01;36m\x1b[Knote: \x1b[m\x1b[Kcandidate: \xe2\x80\x98\x1b[01m\x1b[Kconstexpr const std::array<_Tp, _Nm>::value_type& std::array<_Tp, _Nm>::\x1b[01;32m\x1b[Koperator[]\x1b[m\x1b[K(size_type) const \x1b[35m\x1b[K[with _Tp = unsigned char; long unsigned int _Nm = 9; const_reference = const unsigned char&; size_type = long unsigned int]\x1b[m\x1b[K\x1b[m\x1b[K\xe2\x80\x99\n'}
[0.984845] (tuw_hardware_trinamic_driver) StderrLine: {'line': b'  208 |       \x1b[01;36m\x1b[Koperator\x1b[m\x1b[K[](size_type __n) const noexcept\n'}
[0.984916] (tuw_hardware_trinamic_driver) StderrLine: {'line': b'      |       \x1b[01;36m\x1b[K^~~~~~~~\x1b[m\x1b[K\n'}
[0.984986] (tuw_hardware_trinamic_driver) StderrLine: {'line': b'\x1b[01m\x1b[K/usr/include/c++/13/array:208:28:\x1b[m\x1b[K \x1b[01;36m\x1b[Knote: \x1b[m\x1b[K  no known conversion for argument 1 from \xe2\x80\x98\x1b[01m\x1b[Ktmcm1640::tmcm1640_cmd_format\x1b[m\x1b[K\xe2\x80\x99 to \xe2\x80\x98\x1b[01m\x1b[Kstd::array<unsigned char, 9>::size_type\x1b[m\x1b[K\xe2\x80\x99 {aka \xe2\x80\x98\x1b[01m\x1b[Klong unsigned int\x1b[m\x1b[K\xe2\x80\x99}\n'}
[0.985060] (tuw_hardware_trinamic_driver) StderrLine: {'line': b'  208 |       operator[](\x1b[01;36m\x1b[Ksize_type __n\x1b[m\x1b[K) const noexcept\n'}
[0.985132] (tuw_hardware_trinamic_driver) StderrLine: {'line': b'      |                  \x1b[01;36m\x1b[K~~~~~~~~~~^~~\x1b[m\x1b[K\n'}
[0.985204] (tuw_hardware_trinamic_driver) StderrLine: {'line': b'\x1b[01m\x1b[K/home/coffee/Documents/Studium/TU/bachelorarbeit/tuw_hardware_interface/src/tuw_hardware_trinamic_driver/src/tuw_hardware_trinamic_connection.cpp:79:24:\x1b[m\x1b[K \x1b[01;31m\x1b[Kerror: \x1b[m\x1b[Kno match for \xe2\x80\x98\x1b[01m\x1b[Koperator[]\x1b[m\x1b[K\xe2\x80\x99 (operand types are \xe2\x80\x98\x1b[01m\x1b[Kstd::array<unsigned char, 9>\x1b[m\x1b[K\xe2\x80\x99 and \xe2\x80\x98\x1b[01m\x1b[Ktmcm1640::tmcm1640_cmd_format\x1b[m\x1b[K\xe2\x80\x99)\n'}
[0.985284] (tuw_hardware_trinamic_driver) StderrLine: {'line': b'   79 |         command_message\x1b[01;31m\x1b[K[\x1b[m\x1b[Ktmcm1640_cmd_format::VALUE3] = VALUE_DEFAULT;\n'}
[0.985354] (tuw_hardware_trinamic_driver) StderrLine: {'line': b'      |                        \x1b[01;31m\x1b[K^\x1b[m\x1b[K\n'}
[0.985421] (tuw_hardware_trinamic_driver) StderrLine: {'line': b'\x1b[01m\x1b[K/usr/include/c++/13/array:200:7:\x1b[m\x1b[K \x1b[01;36m\x1b[Knote: \x1b[m\x1b[Kcandidate: \xe2\x80\x98\x1b[01m\x1b[Kconstexpr std::array<_Tp, _Nm>::value_type& std::array<_Tp, _Nm>::\x1b[01;32m\x1b[Koperator[]\x1b[m\x1b[K(size_type) \x1b[35m\x1b[K[with _Tp = unsigned char; long unsigned int _Nm = 9; reference = unsigned char&; size_type = long unsigned int]\x1b[m\x1b[K\x1b[m\x1b[K\xe2\x80\x99\n'}
[0.985497] (tuw_hardware_trinamic_driver) StderrLine: {'line': b'  200 |       \x1b[01;36m\x1b[Koperator\x1b[m\x1b[K[](size_type __n) noexcept\n'}
[0.985568] (tuw_hardware_trinamic_driver) StderrLine: {'line': b'      |       \x1b[01;36m\x1b[K^~~~~~~~\x1b[m\x1b[K\n'}
[0.985638] (tuw_hardware_trinamic_driver) StderrLine: {'line': b'\x1b[01m\x1b[K/usr/include/c++/13/array:200:28:\x1b[m\x1b[K \x1b[01;36m\x1b[Knote: \x1b[m\x1b[K  no known conversion for argument 1 from \xe2\x80\x98\x1b[01m\x1b[Ktmcm1640::tmcm1640_cmd_format\x1b[m\x1b[K\xe2\x80\x99 to \xe2\x80\x98\x1b[01m\x1b[Kstd::array<unsigned char, 9>::size_type\x1b[m\x1b[K\xe2\x80\x99 {aka \xe2\x80\x98\x1b[01m\x1b[Klong unsigned int\x1b[m\x1b[K\xe2\x80\x99}\n'}
[0.985720] (tuw_hardware_trinamic_driver) StderrLine: {'line': b'  200 |       operator[](\x1b[01;36m\x1b[Ksize_type __n\x1b[m\x1b[K) noexcept\n'}
[0.985794] (tuw_hardware_trinamic_driver) StderrLine: {'line': b'      |                  \x1b[01;36m\x1b[K~~~~~~~~~~^~~\x1b[m\x1b[K\n'}
[0.985865] (tuw_hardware_trinamic_driver) StderrLine: {'line': b'\x1b[01m\x1b[K/usr/include/c++/13/array:208:7:\x1b[m\x1b[K \x1b[01;36m\x1b[Knote: \x1b[m\x1b[Kcandidate: \xe2\x80\x98\x1b[01m\x1b[Kconstexpr const std::array<_Tp, _Nm>::value_type& std::array<_Tp, _Nm>::\x1b[01;32m\x1b[Koperator[]\x1b[m\x1b[K(size_type) const \x1b[35m\x1b[K[with _Tp = unsigned char; long unsigned int _Nm = 9; const_reference = const unsigned char&; size_type = long unsigned int]\x1b[m\x1b[K\x1b[m\x1b[K\xe2\x80\x99\n'}
[0.985947] (tuw_hardware_trinamic_driver) StderrLine: {'line': b'  208 |       \x1b[01;36m\x1b[Koperator\x1b[m\x1b[K[](size_type __n) const noexcept\n'}
[0.986016] (tuw_hardware_trinamic_driver) StderrLine: {'line': b'      |       \x1b[01;36m\x1b[K^~~~~~~~\x1b[m\x1b[K\n'}
[0.986087] (tuw_hardware_trinamic_driver) StderrLine: {'line': b'\x1b[01m\x1b[K/usr/include/c++/13/array:208:28:\x1b[m\x1b[K \x1b[01;36m\x1b[Knote: \x1b[m\x1b[K  no known conversion for argument 1 from \xe2\x80\x98\x1b[01m\x1b[Ktmcm1640::tmcm1640_cmd_format\x1b[m\x1b[K\xe2\x80\x99 to \xe2\x80\x98\x1b[01m\x1b[Kstd::array<unsigned char, 9>::size_type\x1b[m\x1b[K\xe2\x80\x99 {aka \xe2\x80\x98\x1b[01m\x1b[Klong unsigned int\x1b[m\x1b[K\xe2\x80\x99}\n'}
[0.986164] (tuw_hardware_trinamic_driver) StderrLine: {'line': b'  208 |       operator[](\x1b[01;36m\x1b[Ksize_type __n\x1b[m\x1b[K) const noexcept\n'}
[0.986236] (tuw_hardware_trinamic_driver) StderrLine: {'line': b'      |                  \x1b[01;36m\x1b[K~~~~~~~~~~^~~\x1b[m\x1b[K\n'}
[0.986306] (tuw_hardware_trinamic_driver) StderrLine: {'line': b'\x1b[01m\x1b[K/home/coffee/Documents/Studium/TU/bachelorarbeit/tuw_hardware_interface/src/tuw_hardware_trinamic_driver/src/tuw_hardware_trinamic_connection.cpp:80:24:\x1b[m\x1b[K \x1b[01;31m\x1b[Kerror: \x1b[m\x1b[Kno match for \xe2\x80\x98\x1b[01m\x1b[Koperator[]\x1b[m\x1b[K\xe2\x80\x99 (operand types are \xe2\x80\x98\x1b[01m\x1b[Kstd::array<unsigned char, 9>\x1b[m\x1b[K\xe2\x80\x99 and \xe2\x80\x98\x1b[01m\x1b[Ktmcm1640::tmcm1640_cmd_format\x1b[m\x1b[K\xe2\x80\x99)\n'}
[0.986379] (tuw_hardware_trinamic_driver) StderrLine: {'line': b'   80 |         command_message\x1b[01;31m\x1b[K[\x1b[m\x1b[Ktmcm1640_cmd_format::VALUE2] = VALUE_DEFAULT;\n'}
[0.986447] (tuw_hardware_trinamic_driver) StderrLine: {'line': b'      |                        \x1b[01;31m\x1b[K^\x1b[m\x1b[K\n'}
[0.986518] (tuw_hardware_trinamic_driver) StderrLine: {'line': b'\x1b[01m\x1b[K/usr/include/c++/13/array:200:7:\x1b[m\x1b[K \x1b[01;36m\x1b[Knote: \x1b[m\x1b[Kcandidate: \xe2\x80\x98\x1b[01m\x1b[Kconstexpr std::array<_Tp, _Nm>::value_type& std::array<_Tp, _Nm>::\x1b[01;32m\x1b[Koperator[]\x1b[m\x1b[K(size_type) \x1b[35m\x1b[K[with _Tp = unsigned char; long unsigned int _Nm = 9; reference = unsigned char&; size_type = long unsigned int]\x1b[m\x1b[K\x1b[m\x1b[K\xe2\x80\x99\n'}
[0.986593] (tuw_hardware_trinamic_driver) StderrLine: {'line': b'  200 |       \x1b[01;36m\x1b[Koperator\x1b[m\x1b[K[](size_type __n) noexcept\n'}
[0.986666] (tuw_hardware_trinamic_driver) StderrLine: {'line': b'      |       \x1b[01;36m\x1b[K^~~~~~~~\x1b[m\x1b[K\n'}
[0.986740] (tuw_hardware_trinamic_driver) StderrLine: {'line': b'\x1b[01m\x1b[K/usr/include/c++/13/array:200:28:\x1b[m\x1b[K \x1b[01;36m\x1b[Knote: \x1b[m\x1b[K  no known conversion for argument 1 from \xe2\x80\x98\x1b[01m\x1b[Ktmcm1640::tmcm1640_cmd_format\x1b[m\x1b[K\xe2\x80\x99 to \xe2\x80\x98\x1b[01m\x1b[Kstd::array<unsigned char, 9>::size_type\x1b[m\x1b[K\xe2\x80\x99 {aka \xe2\x80\x98\x1b[01m\x1b[Klong unsigned int\x1b[m\x1b[K\xe2\x80\x99}\n'}
[0.986812] (tuw_hardware_trinamic_driver) StderrLine: {'line': b'  200 |       operator[](\x1b[01;36m\x1b[Ksize_type __n\x1b[m\x1b[K) noexcept\n'}
[0.986880] (tuw_hardware_trinamic_driver) StderrLine: {'line': b'      |                  \x1b[01;36m\x1b[K~~~~~~~~~~^~~\x1b[m\x1b[K\n'}
[0.986951] (tuw_hardware_trinamic_driver) StderrLine: {'line': b'\x1b[01m\x1b[K/usr/include/c++/13/array:208:7:\x1b[m\x1b[K \x1b[01;36m\x1b[Knote: \x1b[m\x1b[Kcandidate: \xe2\x80\x98\x1b[01m\x1b[Kconstexpr const std::array<_Tp, _Nm>::value_type& std::array<_Tp, _Nm>::\x1b[01;32m\x1b[Koperator[]\x1b[m\x1b[K(size_type) const \x1b[35m\x1b[K[with _Tp = unsigned char; long unsigned int _Nm = 9; const_reference = const unsigned char&; size_type = long unsigned int]\x1b[m\x1b[K\x1b[m\x1b[K\xe2\x80\x99\n'}
[0.987027] (tuw_hardware_trinamic_driver) StderrLine: {'line': b'  208 |       \x1b[01;36m\x1b[Koperator\x1b[m\x1b[K[](size_type __n) const noexcept\n'}
[0.987100] (tuw_hardware_trinamic_driver) StderrLine: {'line': b'      |       \x1b[01;36m\x1b[K^~~~~~~~\x1b[m\x1b[K\n'}
[0.987171] (tuw_hardware_trinamic_driver) StderrLine: {'line': b'\x1b[01m\x1b[K/usr/include/c++/13/array:208:28:\x1b[m\x1b[K \x1b[01;36m\x1b[Knote: \x1b[m\x1b[K  no known conversion for argument 1 from \xe2\x80\x98\x1b[01m\x1b[Ktmcm1640::tmcm1640_cmd_format\x1b[m\x1b[K\xe2\x80\x99 to \xe2\x80\x98\x1b[01m\x1b[Kstd::array<unsigned char, 9>::size_type\x1b[m\x1b[K\xe2\x80\x99 {aka \xe2\x80\x98\x1b[01m\x1b[Klong unsigned int\x1b[m\x1b[K\xe2\x80\x99}\n'}
[0.987244] (tuw_hardware_trinamic_driver) StderrLine: {'line': b'  208 |       operator[](\x1b[01;36m\x1b[Ksize_type __n\x1b[m\x1b[K) const noexcept\n'}
[0.987315] (tuw_hardware_trinamic_driver) StderrLine: {'line': b'      |                  \x1b[01;36m\x1b[K~~~~~~~~~~^~~\x1b[m\x1b[K\n'}
[0.987383] (tuw_hardware_trinamic_driver) StderrLine: {'line': b'\x1b[01m\x1b[K/home/coffee/Documents/Studium/TU/bachelorarbeit/tuw_hardware_interface/src/tuw_hardware_trinamic_driver/src/tuw_hardware_trinamic_connection.cpp:81:24:\x1b[m\x1b[K \x1b[01;31m\x1b[Kerror: \x1b[m\x1b[Kno match for \xe2\x80\x98\x1b[01m\x1b[Koperator[]\x1b[m\x1b[K\xe2\x80\x99 (operand types are \xe2\x80\x98\x1b[01m\x1b[Kstd::array<unsigned char, 9>\x1b[m\x1b[K\xe2\x80\x99 and \xe2\x80\x98\x1b[01m\x1b[Ktmcm1640::tmcm1640_cmd_format\x1b[m\x1b[K\xe2\x80\x99)\n'}
[0.987455] (tuw_hardware_trinamic_driver) StderrLine: {'line': b'   81 |         command_message\x1b[01;31m\x1b[K[\x1b[m\x1b[Ktmcm1640_cmd_format::VALUE1] = VALUE_DEFAULT;\n'}
[0.987523] (tuw_hardware_trinamic_driver) StderrLine: {'line': b'      |                        \x1b[01;31m\x1b[K^\x1b[m\x1b[K\n'}
[0.987591] (tuw_hardware_trinamic_driver) StderrLine: {'line': b'\x1b[01m\x1b[K/usr/include/c++/13/array:200:7:\x1b[m\x1b[K \x1b[01;36m\x1b[Knote: \x1b[m\x1b[Kcandidate: \xe2\x80\x98\x1b[01m\x1b[Kconstexpr std::array<_Tp, _Nm>::value_type& std::array<_Tp, _Nm>::\x1b[01;32m\x1b[Koperator[]\x1b[m\x1b[K(size_type) \x1b[35m\x1b[K[with _Tp = unsigned char; long unsigned int _Nm = 9; reference = unsigned char&; size_type = long unsigned int]\x1b[m\x1b[K\x1b[m\x1b[K\xe2\x80\x99\n'}
[0.987669] (tuw_hardware_trinamic_driver) StderrLine: {'line': b'  200 |       \x1b[01;36m\x1b[Koperator\x1b[m\x1b[K[](size_type __n) noexcept\n'}
[0.987742] (tuw_hardware_trinamic_driver) StderrLine: {'line': b'      |       \x1b[01;36m\x1b[K^~~~~~~~\x1b[m\x1b[K\n'}
[0.987810] (tuw_hardware_trinamic_driver) StderrLine: {'line': b'\x1b[01m\x1b[K/usr/include/c++/13/array:200:28:\x1b[m\x1b[K \x1b[01;36m\x1b[Knote: \x1b[m\x1b[K  no known conversion for argument 1 from \xe2\x80\x98\x1b[01m\x1b[Ktmcm1640::tmcm1640_cmd_format\x1b[m\x1b[K\xe2\x80\x99 to \xe2\x80\x98\x1b[01m\x1b[Kstd::array<unsigned char, 9>::size_type\x1b[m\x1b[K\xe2\x80\x99 {aka \xe2\x80\x98\x1b[01m\x1b[Klong unsigned int\x1b[m\x1b[K\xe2\x80\x99}\n'}
[0.987885] (tuw_hardware_trinamic_driver) StderrLine: {'line': b'  200 |       operator[](\x1b[01;36m\x1b[Ksize_type __n\x1b[m\x1b[K) noexcept\n'}
[0.987953] (tuw_hardware_trinamic_driver) StderrLine: {'line': b'      |                  \x1b[01;36m\x1b[K~~~~~~~~~~^~~\x1b[m\x1b[K\n'}
[0.988026] (tuw_hardware_trinamic_driver) StderrLine: {'line': b'\x1b[01m\x1b[K/usr/include/c++/13/array:208:7:\x1b[m\x1b[K \x1b[01;36m\x1b[Knote: \x1b[m\x1b[Kcandidate: \xe2\x80\x98\x1b[01m\x1b[Kconstexpr const std::array<_Tp, _Nm>::value_type& std::array<_Tp, _Nm>::\x1b[01;32m\x1b[Koperator[]\x1b[m\x1b[K(size_type) const \x1b[35m\x1b[K[with _Tp = unsigned char; long unsigned int _Nm = 9; const_reference = const unsigned char&; size_type = long unsigned int]\x1b[m\x1b[K\x1b[m\x1b[K\xe2\x80\x99\n'}
[0.988100] (tuw_hardware_trinamic_driver) StderrLine: {'line': b'  208 |       \x1b[01;36m\x1b[Koperator\x1b[m\x1b[K[](size_type __n) const noexcept\n'}
[0.988169] (tuw_hardware_trinamic_driver) StderrLine: {'line': b'      |       \x1b[01;36m\x1b[K^~~~~~~~\x1b[m\x1b[K\n'}
[0.988238] (tuw_hardware_trinamic_driver) StderrLine: {'line': b'\x1b[01m\x1b[K/usr/include/c++/13/array:208:28:\x1b[m\x1b[K \x1b[01;36m\x1b[Knote: \x1b[m\x1b[K  no known conversion for argument 1 from \xe2\x80\x98\x1b[01m\x1b[Ktmcm1640::tmcm1640_cmd_format\x1b[m\x1b[K\xe2\x80\x99 to \xe2\x80\x98\x1b[01m\x1b[Kstd::array<unsigned char, 9>::size_type\x1b[m\x1b[K\xe2\x80\x99 {aka \xe2\x80\x98\x1b[01m\x1b[Klong unsigned int\x1b[m\x1b[K\xe2\x80\x99}\n'}
[0.988310] (tuw_hardware_trinamic_driver) StderrLine: {'line': b'  208 |       operator[](\x1b[01;36m\x1b[Ksize_type __n\x1b[m\x1b[K) const noexcept\n'}
[0.988379] (tuw_hardware_trinamic_driver) StderrLine: {'line': b'      |                  \x1b[01;36m\x1b[K~~~~~~~~~~^~~\x1b[m\x1b[K\n'}
[0.988449] (tuw_hardware_trinamic_driver) StderrLine: {'line': b'\x1b[01m\x1b[K/home/coffee/Documents/Studium/TU/bachelorarbeit/tuw_hardware_interface/src/tuw_hardware_trinamic_driver/src/tuw_hardware_trinamic_connection.cpp:82:24:\x1b[m\x1b[K \x1b[01;31m\x1b[Kerror: \x1b[m\x1b[Kno match for \xe2\x80\x98\x1b[01m\x1b[Koperator[]\x1b[m\x1b[K\xe2\x80\x99 (operand types are \xe2\x80\x98\x1b[01m\x1b[Kstd::array<unsigned char, 9>\x1b[m\x1b[K\xe2\x80\x99 and \xe2\x80\x98\x1b[01m\x1b[Ktmcm1640::tmcm1640_cmd_format\x1b[m\x1b[K\xe2\x80\x99)\n'}
[0.988524] (tuw_hardware_trinamic_driver) StderrLine: {'line': b'   82 |         command_message\x1b[01;31m\x1b[K[\x1b[m\x1b[Ktmcm1640_cmd_format::VALUE0] = VALUE_DEFAULT;\n'}
[0.988591] (tuw_hardware_trinamic_driver) StderrLine: {'line': b'      |                        \x1b[01;31m\x1b[K^\x1b[m\x1b[K\n'}
[0.988666] (tuw_hardware_trinamic_driver) StderrLine: {'line': b'\x1b[01m\x1b[K/usr/include/c++/13/array:200:7:\x1b[m\x1b[K \x1b[01;36m\x1b[Knote: \x1b[m\x1b[Kcandidate: \xe2\x80\x98\x1b[01m\x1b[Kconstexpr std::array<_Tp, _Nm>::value_type& std::array<_Tp, _Nm>::\x1b[01;32m\x1b[Koperator[]\x1b[m\x1b[K(size_type) \x1b[35m\x1b[K[with _Tp = unsigned char; long unsigned int _Nm = 9; reference = unsigned char&; size_type = long unsigned int]\x1b[m\x1b[K\x1b[m\x1b[K\xe2\x80\x99\n'}
[0.988741] (tuw_hardware_trinamic_driver) StderrLine: {'line': b'  200 |       \x1b[01;36m\x1b[Koperator\x1b[m\x1b[K[](size_type __n) noexcept\n'}
[0.988812] (tuw_hardware_trinamic_driver) StderrLine: {'line': b'      |       \x1b[01;36m\x1b[K^~~~~~~~\x1b[m\x1b[K\n'}
[0.988883] (tuw_hardware_trinamic_driver) StderrLine: {'line': b'\x1b[01m\x1b[K/usr/include/c++/13/array:200:28:\x1b[m\x1b[K \x1b[01;36m\x1b[Knote: \x1b[m\x1b[K  no known conversion for argument 1 from \xe2\x80\x98\x1b[01m\x1b[Ktmcm1640::tmcm1640_cmd_format\x1b[m\x1b[K\xe2\x80\x99 to \xe2\x80\x98\x1b[01m\x1b[Kstd::array<unsigned char, 9>::size_type\x1b[m\x1b[K\xe2\x80\x99 {aka \xe2\x80\x98\x1b[01m\x1b[Klong unsigned int\x1b[m\x1b[K\xe2\x80\x99}\n'}
[0.988966] (tuw_hardware_trinamic_driver) StderrLine: {'line': b'  200 |       operator[](\x1b[01;36m\x1b[Ksize_type __n\x1b[m\x1b[K) noexcept\n'}
[0.989035] (tuw_hardware_trinamic_driver) StderrLine: {'line': b'      |                  \x1b[01;36m\x1b[K~~~~~~~~~~^~~\x1b[m\x1b[K\n'}
[0.989105] (tuw_hardware_trinamic_driver) StderrLine: {'line': b'\x1b[01m\x1b[K/usr/include/c++/13/array:208:7:\x1b[m\x1b[K \x1b[01;36m\x1b[Knote: \x1b[m\x1b[Kcandidate: \xe2\x80\x98\x1b[01m\x1b[Kconstexpr const std::array<_Tp, _Nm>::value_type& std::array<_Tp, _Nm>::\x1b[01;32m\x1b[Koperator[]\x1b[m\x1b[K(size_type) const \x1b[35m\x1b[K[with _Tp = unsigned char; long unsigned int _Nm = 9; const_reference = const unsigned char&; size_type = long unsigned int]\x1b[m\x1b[K\x1b[m\x1b[K\xe2\x80\x99\n'}
[0.989179] (tuw_hardware_trinamic_driver) StderrLine: {'line': b'  208 |       \x1b[01;36m\x1b[Koperator\x1b[m\x1b[K[](size_type __n) const noexcept\n'}
[0.989246] (tuw_hardware_trinamic_driver) StderrLine: {'line': b'      |       \x1b[01;36m\x1b[K^~~~~~~~\x1b[m\x1b[K\n'}
[0.989315] (tuw_hardware_trinamic_driver) StderrLine: {'line': b'\x1b[01m\x1b[K/usr/include/c++/13/array:208:28:\x1b[m\x1b[K \x1b[01;36m\x1b[Knote: \x1b[m\x1b[K  no known conversion for argument 1 from \xe2\x80\x98\x1b[01m\x1b[Ktmcm1640::tmcm1640_cmd_format\x1b[m\x1b[K\xe2\x80\x99 to \xe2\x80\x98\x1b[01m\x1b[Kstd::array<unsigned char, 9>::size_type\x1b[m\x1b[K\xe2\x80\x99 {aka \xe2\x80\x98\x1b[01m\x1b[Klong unsigned int\x1b[m\x1b[K\xe2\x80\x99}\n'}
[0.989390] (tuw_hardware_trinamic_driver) StderrLine: {'line': b'  208 |       operator[](\x1b[01;36m\x1b[Ksize_type __n\x1b[m\x1b[K) const noexcept\n'}
[0.989461] (tuw_hardware_trinamic_driver) StderrLine: {'line': b'      |                  \x1b[01;36m\x1b[K~~~~~~~~~~^~~\x1b[m\x1b[K\n'}
[0.989531] (tuw_hardware_trinamic_driver) StderrLine: {'line': b'\x1b[01m\x1b[K/home/coffee/Documents/Studium/TU/bachelorarbeit/tuw_hardware_interface/src/tuw_hardware_trinamic_driver/src/tuw_hardware_trinamic_connection.cpp:\x1b[m\x1b[K In member function \xe2\x80\x98\x1b[01m\x1b[Kint32_t tmcm1640::TMCM1640Connection::\x1b[01;32m\x1b[Kcommunicate\x1b[m\x1b[K(tmcm1640::tmcm1640_cmd, int, int)\x1b[m\x1b[K\xe2\x80\x99:\n'}
[0.989605] (tuw_hardware_trinamic_driver) StderrLine: {'line': b'\x1b[01m\x1b[K/home/coffee/Documents/Studium/TU/bachelorarbeit/tuw_hardware_interface/src/tuw_hardware_trinamic_driver/src/tuw_hardware_trinamic_connection.cpp:100:24:\x1b[m\x1b[K \x1b[01;31m\x1b[Kerror: \x1b[m\x1b[Kno match for \xe2\x80\x98\x1b[01m\x1b[Koperator[]\x1b[m\x1b[K\xe2\x80\x99 (operand types are \xe2\x80\x98\x1b[01m\x1b[Kstd::array<unsigned char, 9>\x1b[m\x1b[K\xe2\x80\x99 and \xe2\x80\x98\x1b[01m\x1b[Ktmcm1640::tmcm1640_cmd_format\x1b[m\x1b[K\xe2\x80\x99)\n'}
[0.989689] (tuw_hardware_trinamic_driver) StderrLine: {'line': b'  100 |         command_message\x1b[01;31m\x1b[K[\x1b[m\x1b[Ktmcm1640_cmd_format::CMD] = cmd;\n'}
[0.989762] (tuw_hardware_trinamic_driver) StderrLine: {'line': b'      |                        \x1b[01;31m\x1b[K^\x1b[m\x1b[K\n'}
[0.989832] (tuw_hardware_trinamic_driver) StderrLine: {'line': b'\x1b[01m\x1b[K/usr/include/c++/13/array:200:7:\x1b[m\x1b[K \x1b[01;36m\x1b[Knote: \x1b[m\x1b[Kcandidate: \xe2\x80\x98\x1b[01m\x1b[Kconstexpr std::array<_Tp, _Nm>::value_type& std::array<_Tp, _Nm>::\x1b[01;32m\x1b[Koperator[]\x1b[m\x1b[K(size_type) \x1b[35m\x1b[K[with _Tp = unsigned char; long unsigned int _Nm = 9; reference = unsigned char&; size_type = long unsigned int]\x1b[m\x1b[K\x1b[m\x1b[K\xe2\x80\x99\n'}
[0.989908] (tuw_hardware_trinamic_driver) StderrLine: {'line': b'  200 |       \x1b[01;36m\x1b[Koperator\x1b[m\x1b[K[](size_type __n) noexcept\n'}
[0.989979] (tuw_hardware_trinamic_driver) StderrLine: {'line': b'      |       \x1b[01;36m\x1b[K^~~~~~~~\x1b[m\x1b[K\n'}
[0.990047] (tuw_hardware_trinamic_driver) StderrLine: {'line': b'\x1b[01m\x1b[K/usr/include/c++/13/array:200:28:\x1b[m\x1b[K \x1b[01;36m\x1b[Knote: \x1b[m\x1b[K  no known conversion for argument 1 from \xe2\x80\x98\x1b[01m\x1b[Ktmcm1640::tmcm1640_cmd_format\x1b[m\x1b[K\xe2\x80\x99 to \xe2\x80\x98\x1b[01m\x1b[Kstd::array<unsigned char, 9>::size_type\x1b[m\x1b[K\xe2\x80\x99 {aka \xe2\x80\x98\x1b[01m\x1b[Klong unsigned int\x1b[m\x1b[K\xe2\x80\x99}\n'}
[0.990119] (tuw_hardware_trinamic_driver) StderrLine: {'line': b'  200 |       operator[](\x1b[01;36m\x1b[Ksize_type __n\x1b[m\x1b[K) noexcept\n'}
[0.990189] (tuw_hardware_trinamic_driver) StderrLine: {'line': b'      |                  \x1b[01;36m\x1b[K~~~~~~~~~~^~~\x1b[m\x1b[K\n'}
[0.990260] (tuw_hardware_trinamic_driver) StderrLine: {'line': b'\x1b[01m\x1b[K/usr/include/c++/13/array:208:7:\x1b[m\x1b[K \x1b[01;36m\x1b[Knote: \x1b[m\x1b[Kcandidate: \xe2\x80\x98\x1b[01m\x1b[Kconstexpr const std::array<_Tp, _Nm>::value_type& std::array<_Tp, _Nm>::\x1b[01;32m\x1b[Koperator[]\x1b[m\x1b[K(size_type) const \x1b[35m\x1b[K[with _Tp = unsigned char; long unsigned int _Nm = 9; const_reference = const unsigned char&; size_type = long unsigned int]\x1b[m\x1b[K\x1b[m\x1b[K\xe2\x80\x99\n'}
[0.990333] (tuw_hardware_trinamic_driver) StderrLine: {'line': b'  208 |       \x1b[01;36m\x1b[Koperator\x1b[m\x1b[K[](size_type __n) const noexcept\n'}
[0.990403] (tuw_hardware_trinamic_driver) StderrLine: {'line': b'      |       \x1b[01;36m\x1b[K^~~~~~~~\x1b[m\x1b[K\n'}
[0.990471] (tuw_hardware_trinamic_driver) StderrLine: {'line': b'\x1b[01m\x1b[K/usr/include/c++/13/array:208:28:\x1b[m\x1b[K \x1b[01;36m\x1b[Knote: \x1b[m\x1b[K  no known conversion for argument 1 from \xe2\x80\x98\x1b[01m\x1b[Ktmcm1640::tmcm1640_cmd_format\x1b[m\x1b[K\xe2\x80\x99 to \xe2\x80\x98\x1b[01m\x1b[Kstd::array<unsigned char, 9>::size_type\x1b[m\x1b[K\xe2\x80\x99 {aka \xe2\x80\x98\x1b[01m\x1b[Klong unsigned int\x1b[m\x1b[K\xe2\x80\x99}\n'}
[0.990542] (tuw_hardware_trinamic_driver) StderrLine: {'line': b'  208 |       operator[](\x1b[01;36m\x1b[Ksize_type __n\x1b[m\x1b[K) const noexcept\n'}
[0.990610] (tuw_hardware_trinamic_driver) StderrLine: {'line': b'      |                  \x1b[01;36m\x1b[K~~~~~~~~~~^~~\x1b[m\x1b[K\n'}
[0.990685] (tuw_hardware_trinamic_driver) StderrLine: {'line': b'\x1b[01m\x1b[K/home/coffee/Documents/Studium/TU/bachelorarbeit/tuw_hardware_interface/src/tuw_hardware_trinamic_driver/src/tuw_hardware_trinamic_connection.cpp:101:24:\x1b[m\x1b[K \x1b[01;31m\x1b[Kerror: \x1b[m\x1b[Kno match for \xe2\x80\x98\x1b[01m\x1b[Koperator[]\x1b[m\x1b[K\xe2\x80\x99 (operand types are \xe2\x80\x98\x1b[01m\x1b[Kstd::array<unsigned char, 9>\x1b[m\x1b[K\xe2\x80\x99 and \xe2\x80\x98\x1b[01m\x1b[Ktmcm1640::tmcm1640_cmd_format\x1b[m\x1b[K\xe2\x80\x99)\n'}
[0.990761] (tuw_hardware_trinamic_driver) StderrLine: {'line': b'  101 |         command_message\x1b[01;31m\x1b[K[\x1b[m\x1b[Ktmcm1640_cmd_format::TYPE] = type;\n'}
[0.990831] (tuw_hardware_trinamic_driver) StderrLine: {'line': b'      |                        \x1b[01;31m\x1b[K^\x1b[m\x1b[K\n'}
[0.990903] (tuw_hardware_trinamic_driver) StderrLine: {'line': b'\x1b[01m\x1b[K/usr/include/c++/13/array:200:7:\x1b[m\x1b[K \x1b[01;36m\x1b[Knote: \x1b[m\x1b[Kcandidate: \xe2\x80\x98\x1b[01m\x1b[Kconstexpr std::array<_Tp, _Nm>::value_type& std::array<_Tp, _Nm>::\x1b[01;32m\x1b[Koperator[]\x1b[m\x1b[K(size_type) \x1b[35m\x1b[K[with _Tp = unsigned char; long unsigned int _Nm = 9; reference = unsigned char&; size_type = long unsigned int]\x1b[m\x1b[K\x1b[m\x1b[K\xe2\x80\x99\n'}
[0.990975] (tuw_hardware_trinamic_driver) StderrLine: {'line': b'  200 |       \x1b[01;36m\x1b[Koperator\x1b[m\x1b[K[](size_type __n) noexcept\n'}
[0.991042] (tuw_hardware_trinamic_driver) StderrLine: {'line': b'      |       \x1b[01;36m\x1b[K^~~~~~~~\x1b[m\x1b[K\n'}
[0.991112] (tuw_hardware_trinamic_driver) StderrLine: {'line': b'\x1b[01m\x1b[K/usr/include/c++/13/array:200:28:\x1b[m\x1b[K \x1b[01;36m\x1b[Knote: \x1b[m\x1b[K  no known conversion for argument 1 from \xe2\x80\x98\x1b[01m\x1b[Ktmcm1640::tmcm1640_cmd_format\x1b[m\x1b[K\xe2\x80\x99 to \xe2\x80\x98\x1b[01m\x1b[Kstd::array<unsigned char, 9>::size_type\x1b[m\x1b[K\xe2\x80\x99 {aka \xe2\x80\x98\x1b[01m\x1b[Klong unsigned int\x1b[m\x1b[K\xe2\x80\x99}\n'}
[0.991189] (tuw_hardware_trinamic_driver) StderrLine: {'line': b'  200 |       operator[](\x1b[01;36m\x1b[Ksize_type __n\x1b[m\x1b[K) noexcept\n'}
[0.991259] (tuw_hardware_trinamic_driver) StderrLine: {'line': b'      |                  \x1b[01;36m\x1b[K~~~~~~~~~~^~~\x1b[m\x1b[K\n'}
[0.991326] (tuw_hardware_trinamic_driver) StderrLine: {'line': b'\x1b[01m\x1b[K/usr/include/c++/13/array:208:7:\x1b[m\x1b[K \x1b[01;36m\x1b[Knote: \x1b[m\x1b[Kcandidate: \xe2\x80\x98\x1b[01m\x1b[Kconstexpr const std::array<_Tp, _Nm>::value_type& std::array<_Tp, _Nm>::\x1b[01;32m\x1b[Koperator[]\x1b[m\x1b[K(size_type) const \x1b[35m\x1b[K[with _Tp = unsigned char; long unsigned int _Nm = 9; const_reference = const unsigned char&; size_type = long unsigned int]\x1b[m\x1b[K\x1b[m\x1b[K\xe2\x80\x99\n'}
[0.991399] (tuw_hardware_trinamic_driver) StderrLine: {'line': b'  208 |       \x1b[01;36m\x1b[Koperator\x1b[m\x1b[K[](size_type __n) const noexcept\n'}
[0.991468] (tuw_hardware_trinamic_driver) StderrLine: {'line': b'      |       \x1b[01;36m\x1b[K^~~~~~~~\x1b[m\x1b[K\n'}
[0.991535] (tuw_hardware_trinamic_driver) StderrLine: {'line': b'\x1b[01m\x1b[K/usr/include/c++/13/array:208:28:\x1b[m\x1b[K \x1b[01;36m\x1b[Knote: \x1b[m\x1b[K  no known conversion for argument 1 from \xe2\x80\x98\x1b[01m\x1b[Ktmcm1640::tmcm1640_cmd_format\x1b[m\x1b[K\xe2\x80\x99 to \xe2\x80\x98\x1b[01m\x1b[Kstd::array<unsigned char, 9>::size_type\x1b[m\x1b[K\xe2\x80\x99 {aka \xe2\x80\x98\x1b[01m\x1b[Klong unsigned int\x1b[m\x1b[K\xe2\x80\x99}\n'}
[0.991606] (tuw_hardware_trinamic_driver) StderrLine: {'line': b'  208 |       operator[](\x1b[01;36m\x1b[Ksize_type __n\x1b[m\x1b[K) const noexcept\n'}
[0.991684] (tuw_hardware_trinamic_driver) StderrLine: {'line': b'      |                  \x1b[01;36m\x1b[K~~~~~~~~~~^~~\x1b[m\x1b[K\n'}
[0.991756] (tuw_hardware_trinamic_driver) StderrLine: {'line': b'\x1b[01m\x1b[K/home/coffee/Documents/Studium/TU/bachelorarbeit/tuw_hardware_interface/src/tuw_hardware_trinamic_driver/src/tuw_hardware_trinamic_connection.cpp:102:24:\x1b[m\x1b[K \x1b[01;31m\x1b[Kerror: \x1b[m\x1b[Kno match for \xe2\x80\x98\x1b[01m\x1b[Koperator[]\x1b[m\x1b[K\xe2\x80\x99 (operand types are \xe2\x80\x98\x1b[01m\x1b[Kstd::array<unsigned char, 9>\x1b[m\x1b[K\xe2\x80\x99 and \xe2\x80\x98\x1b[01m\x1b[Ktmcm1640::tmcm1640_cmd_format\x1b[m\x1b[K\xe2\x80\x99)\n'}
[0.991833] (tuw_hardware_trinamic_driver) StderrLine: {'line': b'  102 |         command_message\x1b[01;31m\x1b[K[\x1b[m\x1b[Ktmcm1640_cmd_format::VALUE3] = value >> 24;\n'}
[0.991904] (tuw_hardware_trinamic_driver) StderrLine: {'line': b'      |                        \x1b[01;31m\x1b[K^\x1b[m\x1b[K\n'}
[0.991974] (tuw_hardware_trinamic_driver) StderrLine: {'line': b'\x1b[01m\x1b[K/usr/include/c++/13/array:200:7:\x1b[m\x1b[K \x1b[01;36m\x1b[Knote: \x1b[m\x1b[Kcandidate: \xe2\x80\x98\x1b[01m\x1b[Kconstexpr std::array<_Tp, _Nm>::value_type& std::array<_Tp, _Nm>::\x1b[01;32m\x1b[Koperator[]\x1b[m\x1b[K(size_type) \x1b[35m\x1b[K[with _Tp = unsigned char; long unsigned int _Nm = 9; reference = unsigned char&; size_type = long unsigned int]\x1b[m\x1b[K\x1b[m\x1b[K\xe2\x80\x99\n'}
[0.992050] (tuw_hardware_trinamic_driver) StderrLine: {'line': b'  200 |       \x1b[01;36m\x1b[Koperator\x1b[m\x1b[K[](size_type __n) noexcept\n'}
[0.992118] (tuw_hardware_trinamic_driver) StderrLine: {'line': b'      |       \x1b[01;36m\x1b[K^~~~~~~~\x1b[m\x1b[K\n'}
[0.992188] (tuw_hardware_trinamic_driver) StderrLine: {'line': b'\x1b[01m\x1b[K/usr/include/c++/13/array:200:28:\x1b[m\x1b[K \x1b[01;36m\x1b[Knote: \x1b[m\x1b[K  no known conversion for argument 1 from \xe2\x80\x98\x1b[01m\x1b[Ktmcm1640::tmcm1640_cmd_format\x1b[m\x1b[K\xe2\x80\x99 to \xe2\x80\x98\x1b[01m\x1b[Kstd::array<unsigned char, 9>::size_type\x1b[m\x1b[K\xe2\x80\x99 {aka \xe2\x80\x98\x1b[01m\x1b[Klong unsigned int\x1b[m\x1b[K\xe2\x80\x99}\n'}
[0.992262] (tuw_hardware_trinamic_driver) StderrLine: {'line': b'  200 |       operator[](\x1b[01;36m\x1b[Ksize_type __n\x1b[m\x1b[K) noexcept\n'}
[0.992331] (tuw_hardware_trinamic_driver) StderrLine: {'line': b'      |                  \x1b[01;36m\x1b[K~~~~~~~~~~^~~\x1b[m\x1b[K\n'}
[0.992399] (tuw_hardware_trinamic_driver) StderrLine: {'line': b'\x1b[01m\x1b[K/usr/include/c++/13/array:208:7:\x1b[m\x1b[K \x1b[01;36m\x1b[Knote: \x1b[m\x1b[Kcandidate: \xe2\x80\x98\x1b[01m\x1b[Kconstexpr const std::array<_Tp, _Nm>::value_type& std::array<_Tp, _Nm>::\x1b[01;32m\x1b[Koperator[]\x1b[m\x1b[K(size_type) const \x1b[35m\x1b[K[with _Tp = unsigned char; long unsigned int _Nm = 9; const_reference = const unsigned char&; size_type = long unsigned int]\x1b[m\x1b[K\x1b[m\x1b[K\xe2\x80\x99\n'}
[0.992471] (tuw_hardware_trinamic_driver) StderrLine: {'line': b'  208 |       \x1b[01;36m\x1b[Koperator\x1b[m\x1b[K[](size_type __n) const noexcept\n'}
[0.992541] (tuw_hardware_trinamic_driver) StderrLine: {'line': b'      |       \x1b[01;36m\x1b[K^~~~~~~~\x1b[m\x1b[K\n'}
[0.992611] (tuw_hardware_trinamic_driver) StderrLine: {'line': b'\x1b[01m\x1b[K/usr/include/c++/13/array:208:28:\x1b[m\x1b[K \x1b[01;36m\x1b[Knote: \x1b[m\x1b[K  no known conversion for argument 1 from \xe2\x80\x98\x1b[01m\x1b[Ktmcm1640::tmcm1640_cmd_format\x1b[m\x1b[K\xe2\x80\x99 to \xe2\x80\x98\x1b[01m\x1b[Kstd::array<unsigned char, 9>::size_type\x1b[m\x1b[K\xe2\x80\x99 {aka \xe2\x80\x98\x1b[01m\x1b[Klong unsigned int\x1b[m\x1b[K\xe2\x80\x99}\n'}
[0.992692] (tuw_hardware_trinamic_driver) StderrLine: {'line': b'  208 |       operator[](\x1b[01;36m\x1b[Ksize_type __n\x1b[m\x1b[K) const noexcept\n'}
[0.992765] (tuw_hardware_trinamic_driver) StderrLine: {'line': b'      |                  \x1b[01;36m\x1b[K~~~~~~~~~~^~~\x1b[m\x1b[K\n'}
[0.992838] (tuw_hardware_trinamic_driver) StderrLine: {'line': b'\x1b[01m\x1b[K/home/coffee/Documents/Studium/TU/bachelorarbeit/tuw_hardware_interface/src/tuw_hardware_trinamic_driver/src/tuw_hardware_trinamic_connection.cpp:103:24:\x1b[m\x1b[K \x1b[01;31m\x1b[Kerror: \x1b[m\x1b[Kno match for \xe2\x80\x98\x1b[01m\x1b[Koperator[]\x1b[m\x1b[K\xe2\x80\x99 (operand types are \xe2\x80\x98\x1b[01m\x1b[Kstd::array<unsigned char, 9>\x1b[m\x1b[K\xe2\x80\x99 and \xe2\x80\x98\x1b[01m\x1b[Ktmcm1640::tmcm1640_cmd_format\x1b[m\x1b[K\xe2\x80\x99)\n'}
[0.992914] (tuw_hardware_trinamic_driver) StderrLine: {'line': b'  103 |         command_message\x1b[01;31m\x1b[K[\x1b[m\x1b[Ktmcm1640_cmd_format::VALUE2] = value >> 16;\n'}
[0.992983] (tuw_hardware_trinamic_driver) StderrLine: {'line': b'      |                        \x1b[01;31m\x1b[K^\x1b[m\x1b[K\n'}
[0.993050] (tuw_hardware_trinamic_driver) StderrLine: {'line': b'\x1b[01m\x1b[K/usr/include/c++/13/array:200:7:\x1b[m\x1b[K \x1b[01;36m\x1b[Knote: \x1b[m\x1b[Kcandidate: \xe2\x80\x98\x1b[01m\x1b[Kconstexpr std::array<_Tp, _Nm>::value_type& std::array<_Tp, _Nm>::\x1b[01;32m\x1b[Koperator[]\x1b[m\x1b[K(size_type) \x1b[35m\x1b[K[with _Tp = unsigned char; long unsigned int _Nm = 9; reference = unsigned char&; size_type = long unsigned int]\x1b[m\x1b[K\x1b[m\x1b[K\xe2\x80\x99\n'}
[0.993122] (tuw_hardware_trinamic_driver) StderrLine: {'line': b'  200 |       \x1b[01;36m\x1b[Koperator\x1b[m\x1b[K[](size_type __n) noexcept\n'}
[0.993191] (tuw_hardware_trinamic_driver) StderrLine: {'line': b'      |       \x1b[01;36m\x1b[K^~~~~~~~\x1b[m\x1b[K\n'}
[0.993259] (tuw_hardware_trinamic_driver) StderrLine: {'line': b'\x1b[01m\x1b[K/usr/include/c++/13/array:200:28:\x1b[m\x1b[K \x1b[01;36m\x1b[Knote: \x1b[m\x1b[K  no known conversion for argument 1 from \xe2\x80\x98\x1b[01m\x1b[Ktmcm1640::tmcm1640_cmd_format\x1b[m\x1b[K\xe2\x80\x99 to \xe2\x80\x98\x1b[01m\x1b[Kstd::array<unsigned char, 9>::size_type\x1b[m\x1b[K\xe2\x80\x99 {aka \xe2\x80\x98\x1b[01m\x1b[Klong unsigned int\x1b[m\x1b[K\xe2\x80\x99}\n'}
[0.993331] (tuw_hardware_trinamic_driver) StderrLine: {'line': b'  200 |       operator[](\x1b[01;36m\x1b[Ksize_type __n\x1b[m\x1b[K) noexcept\n'}
[0.993403] (tuw_hardware_trinamic_driver) StderrLine: {'line': b'      |                  \x1b[01;36m\x1b[K~~~~~~~~~~^~~\x1b[m\x1b[K\n'}
[0.993470] (tuw_hardware_trinamic_driver) StderrLine: {'line': b'\x1b[01m\x1b[K/usr/include/c++/13/array:208:7:\x1b[m\x1b[K \x1b[01;36m\x1b[Knote: \x1b[m\x1b[Kcandidate: \xe2\x80\x98\x1b[01m\x1b[Kconstexpr const std::array<_Tp, _Nm>::value_type& std::array<_Tp, _Nm>::\x1b[01;32m\x1b[Koperator[]\x1b[m\x1b[K(size_type) const \x1b[35m\x1b[K[with _Tp = unsigned char; long unsigned int _Nm = 9; const_reference = const unsigned char&; size_type = long unsigned int]\x1b[m\x1b[K\x1b[m\x1b[K\xe2\x80\x99\n'}
[0.993540] (tuw_hardware_trinamic_driver) StderrLine: {'line': b'  208 |       \x1b[01;36m\x1b[Koperator\x1b[m\x1b[K[](size_type __n) const noexcept\n'}
[0.993614] (tuw_hardware_trinamic_driver) StderrLine: {'line': b'      |       \x1b[01;36m\x1b[K^~~~~~~~\x1b[m\x1b[K\n'}
[0.993690] (tuw_hardware_trinamic_driver) StderrLine: {'line': b'\x1b[01m\x1b[K/usr/include/c++/13/array:208:28:\x1b[m\x1b[K \x1b[01;36m\x1b[Knote: \x1b[m\x1b[K  no known conversion for argument 1 from \xe2\x80\x98\x1b[01m\x1b[Ktmcm1640::tmcm1640_cmd_format\x1b[m\x1b[K\xe2\x80\x99 to \xe2\x80\x98\x1b[01m\x1b[Kstd::array<unsigned char, 9>::size_type\x1b[m\x1b[K\xe2\x80\x99 {aka \xe2\x80\x98\x1b[01m\x1b[Klong unsigned int\x1b[m\x1b[K\xe2\x80\x99}\n'}
[0.993765] (tuw_hardware_trinamic_driver) StderrLine: {'line': b'  208 |       operator[](\x1b[01;36m\x1b[Ksize_type __n\x1b[m\x1b[K) const noexcept\n'}
[0.993836] (tuw_hardware_trinamic_driver) StderrLine: {'line': b'      |                  \x1b[01;36m\x1b[K~~~~~~~~~~^~~\x1b[m\x1b[K\n'}
[0.993903] (tuw_hardware_trinamic_driver) StderrLine: {'line': b'\x1b[01m\x1b[K/home/coffee/Documents/Studium/TU/bachelorarbeit/tuw_hardware_interface/src/tuw_hardware_trinamic_driver/src/tuw_hardware_trinamic_connection.cpp:104:24:\x1b[m\x1b[K \x1b[01;31m\x1b[Kerror: \x1b[m\x1b[Kno match for \xe2\x80\x98\x1b[01m\x1b[Koperator[]\x1b[m\x1b[K\xe2\x80\x99 (operand types are \xe2\x80\x98\x1b[01m\x1b[Kstd::array<unsigned char, 9>\x1b[m\x1b[K\xe2\x80\x99 and \xe2\x80\x98\x1b[01m\x1b[Ktmcm1640::tmcm1640_cmd_format\x1b[m\x1b[K\xe2\x80\x99)\n'}
[0.993981] (tuw_hardware_trinamic_driver) StderrLine: {'line': b'  104 |         command_message\x1b[01;31m\x1b[K[\x1b[m\x1b[Ktmcm1640_cmd_format::VALUE1] = value >> 8;\n'}
[0.994052] (tuw_hardware_trinamic_driver) StderrLine: {'line': b'      |                        \x1b[01;31m\x1b[K^\x1b[m\x1b[K\n'}
[0.994124] (tuw_hardware_trinamic_driver) StderrLine: {'line': b'\x1b[01m\x1b[K/usr/include/c++/13/array:200:7:\x1b[m\x1b[K \x1b[01;36m\x1b[Knote: \x1b[m\x1b[Kcandidate: \xe2\x80\x98\x1b[01m\x1b[Kconstexpr std::array<_Tp, _Nm>::value_type& std::array<_Tp, _Nm>::\x1b[01;32m\x1b[Koperator[]\x1b[m\x1b[K(size_type) \x1b[35m\x1b[K[with _Tp = unsigned char; long unsigned int _Nm = 9; reference = unsigned char&; size_type = long unsigned int]\x1b[m\x1b[K\x1b[m\x1b[K\xe2\x80\x99\n'}
[0.994198] (tuw_hardware_trinamic_driver) StderrLine: {'line': b'  200 |       \x1b[01;36m\x1b[Koperator\x1b[m\x1b[K[](size_type __n) noexcept\n'}
[0.994265] (tuw_hardware_trinamic_driver) StderrLine: {'line': b'      |       \x1b[01;36m\x1b[K^~~~~~~~\x1b[m\x1b[K\n'}
[0.994333] (tuw_hardware_trinamic_driver) StderrLine: {'line': b'\x1b[01m\x1b[K/usr/include/c++/13/array:200:28:\x1b[m\x1b[K \x1b[01;36m\x1b[Knote: \x1b[m\x1b[K  no known conversion for argument 1 from \xe2\x80\x98\x1b[01m\x1b[Ktmcm1640::tmcm1640_cmd_format\x1b[m\x1b[K\xe2\x80\x99 to \xe2\x80\x98\x1b[01m\x1b[Kstd::array<unsigned char, 9>::size_type\x1b[m\x1b[K\xe2\x80\x99 {aka \xe2\x80\x98\x1b[01m\x1b[Klong unsigned int\x1b[m\x1b[K\xe2\x80\x99}\n'}
[0.994407] (tuw_hardware_trinamic_driver) StderrLine: {'line': b'  200 |       operator[](\x1b[01;36m\x1b[Ksize_type __n\x1b[m\x1b[K) noexcept\n'}
[0.994477] (tuw_hardware_trinamic_driver) StderrLine: {'line': b'      |                  \x1b[01;36m\x1b[K~~~~~~~~~~^~~\x1b[m\x1b[K\n'}
[0.994544] (tuw_hardware_trinamic_driver) StderrLine: {'line': b'\x1b[01m\x1b[K/usr/include/c++/13/array:208:7:\x1b[m\x1b[K \x1b[01;36m\x1b[Knote: \x1b[m\x1b[Kcandidate: \xe2\x80\x98\x1b[01m\x1b[Kconstexpr const std::array<_Tp, _Nm>::value_type& std::array<_Tp, _Nm>::\x1b[01;32m\x1b[Koperator[]\x1b[m\x1b[K(size_type) const \x1b[35m\x1b[K[with _Tp = unsigned char; long unsigned int _Nm = 9; const_reference = const unsigned char&; size_type = long unsigned int]\x1b[m\x1b[K\x1b[m\x1b[K\xe2\x80\x99\n'}
[0.994627] (tuw_hardware_trinamic_driver) StderrLine: {'line': b'  208 |       \x1b[01;36m\x1b[Koperator\x1b[m\x1b[K[](size_type __n) const noexcept\n'}
[0.994718] (tuw_hardware_trinamic_driver) StderrLine: {'line': b'      |       \x1b[01;36m\x1b[K^~~~~~~~\x1b[m\x1b[K\n'}
[0.994789] (tuw_hardware_trinamic_driver) StderrLine: {'line': b'\x1b[01m\x1b[K/usr/include/c++/13/array:208:28:\x1b[m\x1b[K \x1b[01;36m\x1b[Knote: \x1b[m\x1b[K  no known conversion for argument 1 from \xe2\x80\x98\x1b[01m\x1b[Ktmcm1640::tmcm1640_cmd_format\x1b[m\x1b[K\xe2\x80\x99 to \xe2\x80\x98\x1b[01m\x1b[Kstd::array<unsigned char, 9>::size_type\x1b[m\x1b[K\xe2\x80\x99 {aka \xe2\x80\x98\x1b[01m\x1b[Klong unsigned int\x1b[m\x1b[K\xe2\x80\x99}\n'}
[0.994859] (tuw_hardware_trinamic_driver) StderrLine: {'line': b'  208 |       operator[](\x1b[01;36m\x1b[Ksize_type __n\x1b[m\x1b[K) const noexcept\n'}
[0.994930] (tuw_hardware_trinamic_driver) StderrLine: {'line': b'      |                  \x1b[01;36m\x1b[K~~~~~~~~~~^~~\x1b[m\x1b[K\n'}
[0.994997] (tuw_hardware_trinamic_driver) StderrLine: {'line': b'\x1b[01m\x1b[K/home/coffee/Documents/Studium/TU/bachelorarbeit/tuw_hardware_interface/src/tuw_hardware_trinamic_driver/src/tuw_hardware_trinamic_connection.cpp:105:24:\x1b[m\x1b[K \x1b[01;31m\x1b[Kerror: \x1b[m\x1b[Kno match for \xe2\x80\x98\x1b[01m\x1b[Koperator[]\x1b[m\x1b[K\xe2\x80\x99 (operand types are \xe2\x80\x98\x1b[01m\x1b[Kstd::array<unsigned char, 9>\x1b[m\x1b[K\xe2\x80\x99 and \xe2\x80\x98\x1b[01m\x1b[Ktmcm1640::tmcm1640_cmd_format\x1b[m\x1b[K\xe2\x80\x99)\n'}
[0.995071] (tuw_hardware_trinamic_driver) StderrLine: {'line': b'  105 |         command_message\x1b[01;31m\x1b[K[\x1b[m\x1b[Ktmcm1640_cmd_format::VALUE0] = value;\n'}
[0.995140] (tuw_hardware_trinamic_driver) StderrLine: {'line': b'      |                        \x1b[01;31m\x1b[K^\x1b[m\x1b[K\n'}
[0.995210] (tuw_hardware_trinamic_driver) StderrLine: {'line': b'\x1b[01m\x1b[K/usr/include/c++/13/array:200:7:\x1b[m\x1b[K \x1b[01;36m\x1b[Knote: \x1b[m\x1b[Kcandidate: \xe2\x80\x98\x1b[01m\x1b[Kconstexpr std::array<_Tp, _Nm>::value_type& std::array<_Tp, _Nm>::\x1b[01;32m\x1b[Koperator[]\x1b[m\x1b[K(size_type) \x1b[35m\x1b[K[with _Tp = unsigned char; long unsigned int _Nm = 9; reference = unsigned char&; size_type = long unsigned int]\x1b[m\x1b[K\x1b[m\x1b[K\xe2\x80\x99\n'}
[0.995282] (tuw_hardware_trinamic_driver) StderrLine: {'line': b'  200 |       \x1b[01;36m\x1b[Koperator\x1b[m\x1b[K[](size_type __n) noexcept\n'}
[0.995353] (tuw_hardware_trinamic_driver) StderrLine: {'line': b'      |       \x1b[01;36m\x1b[K^~~~~~~~\x1b[m\x1b[K\n'}
[0.995422] (tuw_hardware_trinamic_driver) StderrLine: {'line': b'\x1b[01m\x1b[K/usr/include/c++/13/array:200:28:\x1b[m\x1b[K \x1b[01;36m\x1b[Knote: \x1b[m\x1b[K  no known conversion for argument 1 from \xe2\x80\x98\x1b[01m\x1b[Ktmcm1640::tmcm1640_cmd_format\x1b[m\x1b[K\xe2\x80\x99 to \xe2\x80\x98\x1b[01m\x1b[Kstd::array<unsigned char, 9>::size_type\x1b[m\x1b[K\xe2\x80\x99 {aka \xe2\x80\x98\x1b[01m\x1b[Klong unsigned int\x1b[m\x1b[K\xe2\x80\x99}\n'}
[0.995495] (tuw_hardware_trinamic_driver) StderrLine: {'line': b'  200 |       operator[](\x1b[01;36m\x1b[Ksize_type __n\x1b[m\x1b[K) noexcept\n'}
[0.995563] (tuw_hardware_trinamic_driver) StderrLine: {'line': b'      |                  \x1b[01;36m\x1b[K~~~~~~~~~~^~~\x1b[m\x1b[K\n'}
[0.995633] (tuw_hardware_trinamic_driver) StderrLine: {'line': b'\x1b[01m\x1b[K/usr/include/c++/13/array:208:7:\x1b[m\x1b[K \x1b[01;36m\x1b[Knote: \x1b[m\x1b[Kcandidate: \xe2\x80\x98\x1b[01m\x1b[Kconstexpr const std::array<_Tp, _Nm>::value_type& std::array<_Tp, _Nm>::\x1b[01;32m\x1b[Koperator[]\x1b[m\x1b[K(size_type) const \x1b[35m\x1b[K[with _Tp = unsigned char; long unsigned int _Nm = 9; const_reference = const unsigned char&; size_type = long unsigned int]\x1b[m\x1b[K\x1b[m\x1b[K\xe2\x80\x99\n'}
[0.995714] (tuw_hardware_trinamic_driver) StderrLine: {'line': b'  208 |       \x1b[01;36m\x1b[Koperator\x1b[m\x1b[K[](size_type __n) const noexcept\n'}
[0.995784] (tuw_hardware_trinamic_driver) StderrLine: {'line': b'      |       \x1b[01;36m\x1b[K^~~~~~~~\x1b[m\x1b[K\n'}
[0.995852] (tuw_hardware_trinamic_driver) StderrLine: {'line': b'\x1b[01m\x1b[K/usr/include/c++/13/array:208:28:\x1b[m\x1b[K \x1b[01;36m\x1b[Knote: \x1b[m\x1b[K  no known conversion for argument 1 from \xe2\x80\x98\x1b[01m\x1b[Ktmcm1640::tmcm1640_cmd_format\x1b[m\x1b[K\xe2\x80\x99 to \xe2\x80\x98\x1b[01m\x1b[Kstd::array<unsigned char, 9>::size_type\x1b[m\x1b[K\xe2\x80\x99 {aka \xe2\x80\x98\x1b[01m\x1b[Klong unsigned int\x1b[m\x1b[K\xe2\x80\x99}\n'}
[0.995928] (tuw_hardware_trinamic_driver) StderrLine: {'line': b'  208 |       operator[](\x1b[01;36m\x1b[Ksize_type __n\x1b[m\x1b[K) const noexcept\n'}
[0.995996] (tuw_hardware_trinamic_driver) StderrLine: {'line': b'      |                  \x1b[01;36m\x1b[K~~~~~~~~~~^~~\x1b[m\x1b[K\n'}
[0.996065] (tuw_hardware_trinamic_driver) StderrLine: {'line': b'\x1b[01m\x1b[K/home/coffee/Documents/Studium/TU/bachelorarbeit/tuw_hardware_interface/src/tuw_hardware_trinamic_driver/src/tuw_hardware_trinamic_connection.cpp:108:24:\x1b[m\x1b[K \x1b[01;31m\x1b[Kerror: \x1b[m\x1b[Kno match for \xe2\x80\x98\x1b[01m\x1b[Koperator[]\x1b[m\x1b[K\xe2\x80\x99 (operand types are \xe2\x80\x98\x1b[01m\x1b[Kstd::array<unsigned char, 9>\x1b[m\x1b[K\xe2\x80\x99 and \xe2\x80\x98\x1b[01m\x1b[Ktmcm1640::tmcm1640_cmd_format\x1b[m\x1b[K\xe2\x80\x99)\n'}
[0.996139] (tuw_hardware_trinamic_driver) StderrLine: {'line': b'  108 |         command_message\x1b[01;31m\x1b[K[\x1b[m\x1b[Ktmcm1640_cmd_format::CHECKSUM] = calc_checksum();\n'}
[0.996208] (tuw_hardware_trinamic_driver) StderrLine: {'line': b'      |                        \x1b[01;31m\x1b[K^\x1b[m\x1b[K\n'}
[0.996277] (tuw_hardware_trinamic_driver) StderrLine: {'line': b'\x1b[01m\x1b[K/usr/include/c++/13/array:200:7:\x1b[m\x1b[K \x1b[01;36m\x1b[Knote: \x1b[m\x1b[Kcandidate: \xe2\x80\x98\x1b[01m\x1b[Kconstexpr std::array<_Tp, _Nm>::value_type& std::array<_Tp, _Nm>::\x1b[01;32m\x1b[Koperator[]\x1b[m\x1b[K(size_type) \x1b[35m\x1b[K[with _Tp = unsigned char; long unsigned int _Nm = 9; reference = unsigned char&; size_type = long unsigned int]\x1b[m\x1b[K\x1b[m\x1b[K\xe2\x80\x99\n'}
[0.996347] (tuw_hardware_trinamic_driver) StderrLine: {'line': b'  200 |       \x1b[01;36m\x1b[Koperator\x1b[m\x1b[K[](size_type __n) noexcept\n'}
[0.996417] (tuw_hardware_trinamic_driver) StderrLine: {'line': b'      |       \x1b[01;36m\x1b[K^~~~~~~~\x1b[m\x1b[K\n'}
[0.996488] (tuw_hardware_trinamic_driver) StderrLine: {'line': b'\x1b[01m\x1b[K/usr/include/c++/13/array:200:28:\x1b[m\x1b[K \x1b[01;36m\x1b[Knote: \x1b[m\x1b[K  no known conversion for argument 1 from \xe2\x80\x98\x1b[01m\x1b[Ktmcm1640::tmcm1640_cmd_format\x1b[m\x1b[K\xe2\x80\x99 to \xe2\x80\x98\x1b[01m\x1b[Kstd::array<unsigned char, 9>::size_type\x1b[m\x1b[K\xe2\x80\x99 {aka \xe2\x80\x98\x1b[01m\x1b[Klong unsigned int\x1b[m\x1b[K\xe2\x80\x99}\n'}
[0.996558] (tuw_hardware_trinamic_driver) StderrLine: {'line': b'  200 |       operator[](\x1b[01;36m\x1b[Ksize_type __n\x1b[m\x1b[K) noexcept\n'}
[0.996628] (tuw_hardware_trinamic_driver) StderrLine: {'line': b'      |                  \x1b[01;36m\x1b[K~~~~~~~~~~^~~\x1b[m\x1b[K\n'}
[0.996705] (tuw_hardware_trinamic_driver) StderrLine: {'line': b'\x1b[01m\x1b[K/usr/include/c++/13/array:208:7:\x1b[m\x1b[K \x1b[01;36m\x1b[Knote: \x1b[m\x1b[Kcandidate: \xe2\x80\x98\x1b[01m\x1b[Kconstexpr const std::array<_Tp, _Nm>::value_type& std::array<_Tp, _Nm>::\x1b[01;32m\x1b[Koperator[]\x1b[m\x1b[K(size_type) const \x1b[35m\x1b[K[with _Tp = unsigned char; long unsigned int _Nm = 9; const_reference = const unsigned char&; size_type = long unsigned int]\x1b[m\x1b[K\x1b[m\x1b[K\xe2\x80\x99\n'}
[0.996782] (tuw_hardware_trinamic_driver) StderrLine: {'line': b'  208 |       \x1b[01;36m\x1b[Koperator\x1b[m\x1b[K[](size_type __n) const noexcept\n'}
[0.996855] (tuw_hardware_trinamic_driver) StderrLine: {'line': b'      |       \x1b[01;36m\x1b[K^~~~~~~~\x1b[m\x1b[K\n'}
[0.996923] (tuw_hardware_trinamic_driver) StderrLine: {'line': b'\x1b[01m\x1b[K/usr/include/c++/13/array:208:28:\x1b[m\x1b[K \x1b[01;36m\x1b[Knote: \x1b[m\x1b[K  no known conversion for argument 1 from \xe2\x80\x98\x1b[01m\x1b[Ktmcm1640::tmcm1640_cmd_format\x1b[m\x1b[K\xe2\x80\x99 to \xe2\x80\x98\x1b[01m\x1b[Kstd::array<unsigned char, 9>::size_type\x1b[m\x1b[K\xe2\x80\x99 {aka \xe2\x80\x98\x1b[01m\x1b[Klong unsigned int\x1b[m\x1b[K\xe2\x80\x99}\n'}
[0.996994] (tuw_hardware_trinamic_driver) StderrLine: {'line': b'  208 |       operator[](\x1b[01;36m\x1b[Ksize_type __n\x1b[m\x1b[K) const noexcept\n'}
[0.997062] (tuw_hardware_trinamic_driver) StderrLine: {'line': b'      |                  \x1b[01;36m\x1b[K~~~~~~~~~~^~~\x1b[m\x1b[K\n'}
[0.997130] (tuw_hardware_trinamic_driver) StderrLine: {'line': b'\x1b[01m\x1b[K/home/coffee/Documents/Studium/TU/bachelorarbeit/tuw_hardware_interface/src/tuw_hardware_trinamic_driver/src/tuw_hardware_trinamic_connection.cpp:108:71:\x1b[m\x1b[K \x1b[01;31m\x1b[Kerror: \x1b[m\x1b[Kno matching function for call to \xe2\x80\x98\x1b[01m\x1b[Ktmcm1640::TMCM1640Connection::calc_checksum()\x1b[m\x1b[K\xe2\x80\x99\n'}
[0.997201] (tuw_hardware_trinamic_driver) StderrLine: {'line': b'  108 |         command_message[tmcm1640_cmd_format::CHECKSUM] = \x1b[01;31m\x1b[Kcalc_checksum()\x1b[m\x1b[K;\n'}
[0.997273] (tuw_hardware_trinamic_driver) StderrLine: {'line': b'      |                                                          \x1b[01;31m\x1b[K~~~~~~~~~~~~~^~\x1b[m\x1b[K\n'}
[0.997345] (tuw_hardware_trinamic_driver) StderrLine: {'line': b'\x1b[01m\x1b[K/home/coffee/Documents/Studium/TU/bachelorarbeit/tuw_hardware_interface/src/tuw_hardware_trinamic_driver/include/tuw_hardware_trinamic_driver/tuw_hardware_trinamic_connection.hpp:31:26:\x1b[m\x1b[K \x1b[01;36m\x1b[Knote: \x1b[m\x1b[Kcandidate: \xe2\x80\x98\x1b[01m\x1b[Kuint8_t tmcm1640::TMCM1640Connection::\x1b[01;32m\x1b[Kcalc_checksum\x1b[m\x1b[K(std::array<unsigned char, 9>)\x1b[m\x1b[K\xe2\x80\x99\n'}
[0.997419] (tuw_hardware_trinamic_driver) StderrLine: {'line': b'   31 |             std::uint8_t \x1b[01;36m\x1b[Kcalc_checksum\x1b[m\x1b[K(std::array<std::uint8_t, 9> msg);\n'}
[0.997488] (tuw_hardware_trinamic_driver) StderrLine: {'line': b'      |                          \x1b[01;36m\x1b[K^~~~~~~~~~~~~\x1b[m\x1b[K\n'}
[0.997558] (tuw_hardware_trinamic_driver) StderrLine: {'line': b'\x1b[01m\x1b[K/home/coffee/Documents/Studium/TU/bachelorarbeit/tuw_hardware_interface/src/tuw_hardware_trinamic_driver/include/tuw_hardware_trinamic_driver/tuw_hardware_trinamic_connection.hpp:31:26:\x1b[m\x1b[K \x1b[01;36m\x1b[Knote: \x1b[m\x1b[K  candidate expects 1 argument, 0 provided\n'}
[0.997630] (tuw_hardware_trinamic_driver) StderrLine: {'line': b'\x1b[01m\x1b[K/home/coffee/Documents/Studium/TU/bachelorarbeit/tuw_hardware_interface/src/tuw_hardware_trinamic_driver/src/tuw_hardware_trinamic_connection.cpp:121:87:\x1b[m\x1b[K \x1b[01;31m\x1b[Kerror: \x1b[m\x1b[Kno matching function for call to \xe2\x80\x98\x1b[01m\x1b[Kboost::basic_format<char>::basic_format(const char [16], tmcm1640::tmcm1640_status_codes&)\x1b[m\x1b[K\xe2\x80\x99\n'}
[0.997711] (tuw_hardware_trinamic_driver) StderrLine: {'line': b'  121 |             std::string error_message = (boost::format("Reply wrong: %i", reply_status\x1b[01;31m\x1b[K)\x1b[m\x1b[K).str();\n'}
[0.997787] (tuw_hardware_trinamic_driver) StderrLine: {'line': b'      |                                                                                       \x1b[01;31m\x1b[K^\x1b[m\x1b[K\n'}
[0.997858] (tuw_hardware_trinamic_driver) StderrLine: {'line': b'\x1b[01m\x1b[K/usr/include/boost/format/format_implementation.hpp:46:5:\x1b[m\x1b[K \x1b[01;36m\x1b[Knote: \x1b[m\x1b[Kcandidate: \xe2\x80\x98\x1b[01m\x1b[Kboost::basic_format<Ch, Tr, Alloc>::\x1b[01;32m\x1b[Kbasic_format\x1b[m\x1b[K(const string_type&, const std::locale&) \x1b[35m\x1b[K[with Ch = char; Tr = std::char_traits<char>; Alloc = std::allocator<char>; string_type = std::__cxx11::basic_string<char>]\x1b[m\x1b[K\x1b[m\x1b[K\xe2\x80\x99\n'}
[0.997936] (tuw_hardware_trinamic_driver) StderrLine: {'line': b'   46 |     \x1b[01;36m\x1b[Kbasic_format<Ch, Tr, Alloc>\x1b[m\x1b[K:: basic_format(const string_type& s, const std::locale & loc)\n'}
[0.998008] (tuw_hardware_trinamic_driver) StderrLine: {'line': b'      |     \x1b[01;36m\x1b[K^~~~~~~~~~~~~~~~~~~~~~~~~~~\x1b[m\x1b[K\n'}
[0.998080] (tuw_hardware_trinamic_driver) StderrLine: {'line': b'\x1b[01m\x1b[K/usr/include/boost/format/format_implementation.hpp:46:90:\x1b[m\x1b[K \x1b[01;36m\x1b[Knote: \x1b[m\x1b[K  no known conversion for argument 2 from \xe2\x80\x98\x1b[01m\x1b[Ktmcm1640::tmcm1640_status_codes\x1b[m\x1b[K\xe2\x80\x99 to \xe2\x80\x98\x1b[01m\x1b[Kconst std::locale&\x1b[m\x1b[K\xe2\x80\x99\n'}
[0.998157] (tuw_hardware_trinamic_driver) StderrLine: {'line': b'   46 |     basic_format<Ch, Tr, Alloc>:: basic_format(const string_type& s, \x1b[01;36m\x1b[Kconst std::locale & loc\x1b[m\x1b[K)\n'}
[0.998230] (tuw_hardware_trinamic_driver) StderrLine: {'line': b'      |                                                                      \x1b[01;36m\x1b[K~~~~~~~~~~~~~~~~~~~~^~~\x1b[m\x1b[K\n'}
[0.998304] (tuw_hardware_trinamic_driver) StderrLine: {'line': b'\x1b[01m\x1b[K/usr/include/boost/format/format_implementation.hpp:38:5:\x1b[m\x1b[K \x1b[01;36m\x1b[Knote: \x1b[m\x1b[Kcandidate: \xe2\x80\x98\x1b[01m\x1b[Kboost::basic_format<Ch, Tr, Alloc>::\x1b[01;32m\x1b[Kbasic_format\x1b[m\x1b[K(const Ch*, const std::locale&) \x1b[35m\x1b[K[with Ch = char; Tr = std::char_traits<char>; Alloc = std::allocator<char>]\x1b[m\x1b[K\x1b[m\x1b[K\xe2\x80\x99\n'}
[0.998379] (tuw_hardware_trinamic_driver) StderrLine: {'line': b'   38 |     \x1b[01;36m\x1b[Kbasic_format<Ch, Tr, Alloc>\x1b[m\x1b[K:: basic_format(const Ch* s, const std::locale & loc)\n'}
[0.998452] (tuw_hardware_trinamic_driver) StderrLine: {'line': b'      |     \x1b[01;36m\x1b[K^~~~~~~~~~~~~~~~~~~~~~~~~~~\x1b[m\x1b[K\n'}
[0.998524] (tuw_hardware_trinamic_driver) StderrLine: {'line': b'\x1b[01m\x1b[K/usr/include/boost/format/format_implementation.hpp:38:81:\x1b[m\x1b[K \x1b[01;36m\x1b[Knote: \x1b[m\x1b[K  no known conversion for argument 2 from \xe2\x80\x98\x1b[01m\x1b[Ktmcm1640::tmcm1640_status_codes\x1b[m\x1b[K\xe2\x80\x99 to \xe2\x80\x98\x1b[01m\x1b[Kconst std::locale&\x1b[m\x1b[K\xe2\x80\x99\n'}
[0.998595] (tuw_hardware_trinamic_driver) StderrLine: {'line': b'   38 |     basic_format<Ch, Tr, Alloc>:: basic_format(const Ch* s, \x1b[01;36m\x1b[Kconst std::locale & loc\x1b[m\x1b[K)\n'}
[0.998678] (tuw_hardware_trinamic_driver) StderrLine: {'line': b'      |                                                             \x1b[01;36m\x1b[K~~~~~~~~~~~~~~~~~~~~^~~\x1b[m\x1b[K\n'}
[0.998754] (tuw_hardware_trinamic_driver) StderrLine: {'line': b'\x1b[01m\x1b[K/usr/include/boost/format/format_implementation.hpp:68:5:\x1b[m\x1b[K \x1b[01;36m\x1b[Knote: \x1b[m\x1b[Kcandidate: \xe2\x80\x98\x1b[01m\x1b[Kboost::basic_format<Ch, Tr, Alloc>::\x1b[01;32m\x1b[Kbasic_format\x1b[m\x1b[K(const boost::basic_format<Ch, Tr, Alloc>&) \x1b[35m\x1b[K[with Ch = char; Tr = std::char_traits<char>; Alloc = std::allocator<char>]\x1b[m\x1b[K\x1b[m\x1b[K\xe2\x80\x99\n'}
[0.998830] (tuw_hardware_trinamic_driver) StderrLine: {'line': b'   68 |     \x1b[01;36m\x1b[Kbasic_format<Ch, Tr, Alloc>\x1b[m\x1b[K:: basic_format(const basic_format& x)\n'}
[0.998904] (tuw_hardware_trinamic_driver) StderrLine: {'line': b'      |     \x1b[01;36m\x1b[K^~~~~~~~~~~~~~~~~~~~~~~~~~~\x1b[m\x1b[K\n'}
[0.998975] (tuw_hardware_trinamic_driver) StderrLine: {'line': b'\x1b[01m\x1b[K/usr/include/boost/format/format_implementation.hpp:68:5:\x1b[m\x1b[K \x1b[01;36m\x1b[Knote: \x1b[m\x1b[K  candidate expects 1 argument, 2 provided\n'}
[0.999045] (tuw_hardware_trinamic_driver) StderrLine: {'line': b'\x1b[01m\x1b[K/usr/include/boost/format/format_implementation.hpp:60:5:\x1b[m\x1b[K \x1b[01;36m\x1b[Knote: \x1b[m\x1b[Kcandidate: \xe2\x80\x98\x1b[01m\x1b[Kboost::basic_format<Ch, Tr, Alloc>::\x1b[01;32m\x1b[Kbasic_format\x1b[m\x1b[K(const string_type&) \x1b[35m\x1b[K[with Ch = char; Tr = std::char_traits<char>; Alloc = std::allocator<char>; string_type = std::__cxx11::basic_string<char>]\x1b[m\x1b[K\x1b[m\x1b[K\xe2\x80\x99\n'}
[0.999125] (tuw_hardware_trinamic_driver) StderrLine: {'line': b'   60 |     \x1b[01;36m\x1b[Kbasic_format<Ch, Tr, Alloc>\x1b[m\x1b[K:: basic_format(const string_type& s)\n'}
[0.999200] (tuw_hardware_trinamic_driver) StderrLine: {'line': b'      |     \x1b[01;36m\x1b[K^~~~~~~~~~~~~~~~~~~~~~~~~~~\x1b[m\x1b[K\n'}
[0.999271] (tuw_hardware_trinamic_driver) StderrLine: {'line': b'\x1b[01m\x1b[K/usr/include/boost/format/format_implementation.hpp:60:5:\x1b[m\x1b[K \x1b[01;36m\x1b[Knote: \x1b[m\x1b[K  candidate expects 1 argument, 2 provided\n'}
[0.999341] (tuw_hardware_trinamic_driver) StderrLine: {'line': b'\x1b[01m\x1b[K/usr/include/boost/format/format_implementation.hpp:28:5:\x1b[m\x1b[K \x1b[01;36m\x1b[Knote: \x1b[m\x1b[Kcandidate: \xe2\x80\x98\x1b[01m\x1b[Kboost::basic_format<Ch, Tr, Alloc>::\x1b[01;32m\x1b[Kbasic_format\x1b[m\x1b[K(const Ch*) \x1b[35m\x1b[K[with Ch = char; Tr = std::char_traits<char>; Alloc = std::allocator<char>]\x1b[m\x1b[K\x1b[m\x1b[K\xe2\x80\x99\n'}
[0.999416] (tuw_hardware_trinamic_driver) StderrLine: {'line': b'   28 |     \x1b[01;36m\x1b[Kbasic_format<Ch, Tr, Alloc>\x1b[m\x1b[K:: basic_format(const Ch* s)\n'}
[0.999490] (tuw_hardware_trinamic_driver) StderrLine: {'line': b'      |     \x1b[01;36m\x1b[K^~~~~~~~~~~~~~~~~~~~~~~~~~~\x1b[m\x1b[K\n'}
[0.999559] (tuw_hardware_trinamic_driver) StderrLine: {'line': b'\x1b[01m\x1b[K/usr/include/boost/format/format_implementation.hpp:28:5:\x1b[m\x1b[K \x1b[01;36m\x1b[Knote: \x1b[m\x1b[K  candidate expects 1 argument, 2 provided\n'}
[0.999631] (tuw_hardware_trinamic_driver) StderrLine: {'line': b'\x1b[01m\x1b[K/home/coffee/Documents/Studium/TU/bachelorarbeit/tuw_hardware_interface/src/tuw_hardware_trinamic_driver/src/tuw_hardware_trinamic_connection.cpp:\x1b[m\x1b[K In member function \xe2\x80\x98\x1b[01m\x1b[Kbool tmcm1640::TMCM1640Connection::\x1b[01;32m\x1b[Ksend_and_receive\x1b[m\x1b[K()\x1b[m\x1b[K\xe2\x80\x99:\n'}
[0.999716] (tuw_hardware_trinamic_driver) StderrLine: {'line': b'\x1b[01m\x1b[K/home/coffee/Documents/Studium/TU/bachelorarbeit/tuw_hardware_interface/src/tuw_hardware_trinamic_driver/src/tuw_hardware_trinamic_connection.cpp:139:28:\x1b[m\x1b[K \x1b[01;31m\x1b[Kerror: \x1b[m\x1b[Kcannot convert \xe2\x80\x98\x1b[01m\x1b[Kstd::array<unsigned char, 9>\x1b[m\x1b[K\xe2\x80\x99 to \xe2\x80\x98\x1b[01m\x1b[Kconst void*\x1b[m\x1b[K\xe2\x80\x99\n'}
[0.999795] (tuw_hardware_trinamic_driver) StderrLine: {'line': b'  139 |         write(serial_port, \x1b[01;31m\x1b[Kcommand_message\x1b[m\x1b[K, 9);\n'}
[0.999871] (tuw_hardware_trinamic_driver) StderrLine: {'line': b'      |                            \x1b[01;31m\x1b[K^~~~~~~~~~~~~~~\x1b[m\x1b[K\n'}
[0.999943] (tuw_hardware_trinamic_driver) StderrLine: {'line': b'      |                            \x1b[01;31m\x1b[K|\x1b[m\x1b[K\n'}
[1.000015] (tuw_hardware_trinamic_driver) StderrLine: {'line': b'      |                            \x1b[01;31m\x1b[Kstd::array<unsigned char, 9>\x1b[m\x1b[K\n'}
[1.000088] (tuw_hardware_trinamic_driver) StderrLine: {'line': b'In file included from \x1b[01m\x1b[K/home/coffee/Documents/Studium/TU/bachelorarbeit/tuw_hardware_interface/src/tuw_hardware_trinamic_driver/include/tuw_hardware_trinamic_driver/tuw_hardware_trinamic_connection.hpp:10\x1b[m\x1b[K:\n'}
[1.000166] (tuw_hardware_trinamic_driver) StderrLine: {'line': b'\x1b[01m\x1b[K/usr/include/unistd.h:378:45:\x1b[m\x1b[K \x1b[01;36m\x1b[Knote: \x1b[m\x1b[K  initializing argument 2 of \xe2\x80\x98\x1b[01m\x1b[Kssize_t\x1b[01;32m\x1b[K write\x1b[m\x1b[K(int, const void*, size_t)\x1b[m\x1b[K\xe2\x80\x99\n'}
[1.000239] (tuw_hardware_trinamic_driver) StderrLine: {'line': b'  378 | extern ssize_t write (int __fd, \x1b[01;36m\x1b[Kconst void *__buf\x1b[m\x1b[K, size_t __n) __wur\n'}
[1.000314] (tuw_hardware_trinamic_driver) StderrLine: {'line': b'      |                                 \x1b[01;36m\x1b[K~~~~~~~~~~~~^~~~~\x1b[m\x1b[K\n'}
[1.000391] (tuw_hardware_trinamic_driver) StderrLine: {'line': b'\x1b[01m\x1b[K/home/coffee/Documents/Studium/TU/bachelorarbeit/tuw_hardware_interface/src/tuw_hardware_trinamic_driver/src/tuw_hardware_trinamic_connection.cpp:142:43:\x1b[m\x1b[K \x1b[01;31m\x1b[Kerror: \x1b[m\x1b[Kcannot convert \xe2\x80\x98\x1b[01m\x1b[Kstd::array<unsigned char, 9>\x1b[m\x1b[K\xe2\x80\x99 to \xe2\x80\x98\x1b[01m\x1b[Kvoid*\x1b[m\x1b[K\xe2\x80\x99\n'}
[1.000472] (tuw_hardware_trinamic_driver) StderrLine: {'line': b'  142 |         int num_bytes = read(serial_port, \x1b[01;31m\x1b[Kreply_message\x1b[m\x1b[K, 9);\n'}
[1.000543] (tuw_hardware_trinamic_driver) StderrLine: {'line': b'      |                                           \x1b[01;31m\x1b[K^~~~~~~~~~~~~\x1b[m\x1b[K\n'}
[1.000617] (tuw_hardware_trinamic_driver) StderrLine: {'line': b'      |                                           \x1b[01;31m\x1b[K|\x1b[m\x1b[K\n'}
[1.000696] (tuw_hardware_trinamic_driver) StderrLine: {'line': b'      |                                           \x1b[01;31m\x1b[Kstd::array<unsigned char, 9>\x1b[m\x1b[K\n'}
[1.000771] (tuw_hardware_trinamic_driver) StderrLine: {'line': b'\x1b[01m\x1b[K/usr/include/unistd.h:371:38:\x1b[m\x1b[K \x1b[01;36m\x1b[Knote: \x1b[m\x1b[K  initializing argument 2 of \xe2\x80\x98\x1b[01m\x1b[Kssize_t\x1b[01;32m\x1b[K read\x1b[m\x1b[K(int, void*, size_t)\x1b[m\x1b[K\xe2\x80\x99\n'}
[1.000843] (tuw_hardware_trinamic_driver) StderrLine: {'line': b'  371 | extern ssize_t read (int __fd, \x1b[01;36m\x1b[Kvoid *__buf\x1b[m\x1b[K, size_t __nbytes) __wur\n'}
[1.000914] (tuw_hardware_trinamic_driver) StderrLine: {'line': b'      |                                \x1b[01;36m\x1b[K~~~~~~^~~~~\x1b[m\x1b[K\n'}
[1.000987] (tuw_hardware_trinamic_driver) StderrLine: {'line': b'\x1b[01m\x1b[K/home/coffee/Documents/Studium/TU/bachelorarbeit/tuw_hardware_interface/src/tuw_hardware_trinamic_driver/src/tuw_hardware_trinamic_connection.cpp:148:18:\x1b[m\x1b[K \x1b[01;35m\x1b[Kwarning: \x1b[m\x1b[Kstatement has no effect [\x1b[01;35m\x1b[K\x1b]8;;https://gcc.gnu.org/onlinedocs/gcc/Warning-Options.html#index-Wunused-value\x07-Wunused-value\x1b]8;;\x07\x1b[m\x1b[K]\n'}
[1.001062] (tuw_hardware_trinamic_driver) StderrLine: {'line': b'  148 |         else true\x1b[01;35m\x1b[K;\x1b[m\x1b[K\n'}
[1.001135] (tuw_hardware_trinamic_driver) StderrLine: {'line': b'      |                  \x1b[01;35m\x1b[K^\x1b[m\x1b[K\n'}
[1.001206] (tuw_hardware_trinamic_driver) StderrLine: {'line': b'\x1b[01m\x1b[K/home/coffee/Documents/Studium/TU/bachelorarbeit/tuw_hardware_interface/src/tuw_hardware_trinamic_driver/src/tuw_hardware_trinamic_connection.cpp:\x1b[m\x1b[K In member function \xe2\x80\x98\x1b[01m\x1b[Ktmcm1640::tmcm1640_status_codes tmcm1640::TMCM1640Connection::\x1b[01;32m\x1b[Kcheck_reply\x1b[m\x1b[K()\x1b[m\x1b[K\xe2\x80\x99:\n'}
[1.001283] (tuw_hardware_trinamic_driver) StderrLine: {'line': b'\x1b[01m\x1b[K/home/coffee/Documents/Studium/TU/bachelorarbeit/tuw_hardware_interface/src/tuw_hardware_trinamic_driver/src/tuw_hardware_trinamic_connection.cpp:164:44:\x1b[m\x1b[K \x1b[01;31m\x1b[Kerror: \x1b[m\x1b[Kno match for \xe2\x80\x98\x1b[01m\x1b[Koperator[]\x1b[m\x1b[K\xe2\x80\x99 (operand types are \xe2\x80\x98\x1b[01m\x1b[Kstd::array<unsigned char, 9>\x1b[m\x1b[K\xe2\x80\x99 and \xe2\x80\x98\x1b[01m\x1b[Ktmcm1640::tmcm1640_reply_format\x1b[m\x1b[K\xe2\x80\x99)\n'}
[1.001360] (tuw_hardware_trinamic_driver) StderrLine: {'line': b'  164 |         if(!(calc_checksum == reply_message\x1b[01;31m\x1b[K[\x1b[m\x1b[Ktmcm1640_reply_format::CHECKSUM])) {\n'}
[1.001436] (tuw_hardware_trinamic_driver) StderrLine: {'line': b'      |                                            \x1b[01;31m\x1b[K^\x1b[m\x1b[K\n'}
[1.001508] (tuw_hardware_trinamic_driver) StderrLine: {'line': b'\x1b[01m\x1b[K/usr/include/c++/13/array:200:7:\x1b[m\x1b[K \x1b[01;36m\x1b[Knote: \x1b[m\x1b[Kcandidate: \xe2\x80\x98\x1b[01m\x1b[Kconstexpr std::array<_Tp, _Nm>::value_type& std::array<_Tp, _Nm>::\x1b[01;32m\x1b[Koperator[]\x1b[m\x1b[K(size_type) \x1b[35m\x1b[K[with _Tp = unsigned char; long unsigned int _Nm = 9; reference = unsigned char&; size_type = long unsigned int]\x1b[m\x1b[K\x1b[m\x1b[K\xe2\x80\x99\n'}
[1.001586] (tuw_hardware_trinamic_driver) StderrLine: {'line': b'  200 |       \x1b[01;36m\x1b[Koperator\x1b[m\x1b[K[](size_type __n) noexcept\n'}
[1.001664] (tuw_hardware_trinamic_driver) StderrLine: {'line': b'      |       \x1b[01;36m\x1b[K^~~~~~~~\x1b[m\x1b[K\n'}
[1.001742] (tuw_hardware_trinamic_driver) StderrLine: {'line': b'\x1b[01m\x1b[K/usr/include/c++/13/array:200:28:\x1b[m\x1b[K \x1b[01;36m\x1b[Knote: \x1b[m\x1b[K  no known conversion for argument 1 from \xe2\x80\x98\x1b[01m\x1b[Ktmcm1640::tmcm1640_reply_format\x1b[m\x1b[K\xe2\x80\x99 to \xe2\x80\x98\x1b[01m\x1b[Kstd::array<unsigned char, 9>::size_type\x1b[m\x1b[K\xe2\x80\x99 {aka \xe2\x80\x98\x1b[01m\x1b[Klong unsigned int\x1b[m\x1b[K\xe2\x80\x99}\n'}
[1.001822] (tuw_hardware_trinamic_driver) StderrLine: {'line': b'  200 |       operator[](\x1b[01;36m\x1b[Ksize_type __n\x1b[m\x1b[K) noexcept\n'}
[1.001897] (tuw_hardware_trinamic_driver) StderrLine: {'line': b'      |                  \x1b[01;36m\x1b[K~~~~~~~~~~^~~\x1b[m\x1b[K\n'}
[1.001970] (tuw_hardware_trinamic_driver) StderrLine: {'line': b'\x1b[01m\x1b[K/usr/include/c++/13/array:208:7:\x1b[m\x1b[K \x1b[01;36m\x1b[Knote: \x1b[m\x1b[Kcandidate: \xe2\x80\x98\x1b[01m\x1b[Kconstexpr const std::array<_Tp, _Nm>::value_type& std::array<_Tp, _Nm>::\x1b[01;32m\x1b[Koperator[]\x1b[m\x1b[K(size_type) const \x1b[35m\x1b[K[with _Tp = unsigned char; long unsigned int _Nm = 9; const_reference = const unsigned char&; size_type = long unsigned int]\x1b[m\x1b[K\x1b[m\x1b[K\xe2\x80\x99\n'}
[1.002046] (tuw_hardware_trinamic_driver) StderrLine: {'line': b'  208 |       \x1b[01;36m\x1b[Koperator\x1b[m\x1b[K[](size_type __n) const noexcept\n'}
[1.002117] (tuw_hardware_trinamic_driver) StderrLine: {'line': b'      |       \x1b[01;36m\x1b[K^~~~~~~~\x1b[m\x1b[K\n'}
[1.002187] (tuw_hardware_trinamic_driver) StderrLine: {'line': b'\x1b[01m\x1b[K/usr/include/c++/13/array:208:28:\x1b[m\x1b[K \x1b[01;36m\x1b[Knote: \x1b[m\x1b[K  no known conversion for argument 1 from \xe2\x80\x98\x1b[01m\x1b[Ktmcm1640::tmcm1640_reply_format\x1b[m\x1b[K\xe2\x80\x99 to \xe2\x80\x98\x1b[01m\x1b[Kstd::array<unsigned char, 9>::size_type\x1b[m\x1b[K\xe2\x80\x99 {aka \xe2\x80\x98\x1b[01m\x1b[Klong unsigned int\x1b[m\x1b[K\xe2\x80\x99}\n'}
[1.002260] (tuw_hardware_trinamic_driver) StderrLine: {'line': b'  208 |       operator[](\x1b[01;36m\x1b[Ksize_type __n\x1b[m\x1b[K) const noexcept\n'}
[1.002335] (tuw_hardware_trinamic_driver) StderrLine: {'line': b'      |                  \x1b[01;36m\x1b[K~~~~~~~~~~^~~\x1b[m\x1b[K\n'}
[1.002408] (tuw_hardware_trinamic_driver) StderrLine: {'line': b'\x1b[01m\x1b[K/home/coffee/Documents/Studium/TU/bachelorarbeit/tuw_hardware_interface/src/tuw_hardware_trinamic_driver/src/tuw_hardware_trinamic_connection.cpp:171:29:\x1b[m\x1b[K \x1b[01;31m\x1b[Kerror: \x1b[m\x1b[Kno match for \xe2\x80\x98\x1b[01m\x1b[Koperator[]\x1b[m\x1b[K\xe2\x80\x99 (operand types are \xe2\x80\x98\x1b[01m\x1b[Kstd::array<unsigned char, 9>\x1b[m\x1b[K\xe2\x80\x99 and \xe2\x80\x98\x1b[01m\x1b[Ktmcm1640::tmcm1640_reply_format\x1b[m\x1b[K\xe2\x80\x99)\n'}
[1.002484] (tuw_hardware_trinamic_driver) StderrLine: {'line': b'  171 |         return reply_message\x1b[01;31m\x1b[K[\x1b[m\x1b[Ktmcm1640_reply_format::STATUS];\n'}
[1.002556] (tuw_hardware_trinamic_driver) StderrLine: {'line': b'      |                             \x1b[01;31m\x1b[K^\x1b[m\x1b[K\n'}
[1.002630] (tuw_hardware_trinamic_driver) StderrLine: {'line': b'\x1b[01m\x1b[K/usr/include/c++/13/array:200:7:\x1b[m\x1b[K \x1b[01;36m\x1b[Knote: \x1b[m\x1b[Kcandidate: \xe2\x80\x98\x1b[01m\x1b[Kconstexpr std::array<_Tp, _Nm>::value_type& std::array<_Tp, _Nm>::\x1b[01;32m\x1b[Koperator[]\x1b[m\x1b[K(size_type) \x1b[35m\x1b[K[with _Tp = unsigned char; long unsigned int _Nm = 9; reference = unsigned char&; size_type = long unsigned int]\x1b[m\x1b[K\x1b[m\x1b[K\xe2\x80\x99\n'}
[1.002711] (tuw_hardware_trinamic_driver) StderrLine: {'line': b'  200 |       \x1b[01;36m\x1b[Koperator\x1b[m\x1b[K[](size_type __n) noexcept\n'}
[1.002786] (tuw_hardware_trinamic_driver) StderrLine: {'line': b'      |       \x1b[01;36m\x1b[K^~~~~~~~\x1b[m\x1b[K\n'}
[1.002857] (tuw_hardware_trinamic_driver) StderrLine: {'line': b'\x1b[01m\x1b[K/usr/include/c++/13/array:200:28:\x1b[m\x1b[K \x1b[01;36m\x1b[Knote: \x1b[m\x1b[K  no known conversion for argument 1 from \xe2\x80\x98\x1b[01m\x1b[Ktmcm1640::tmcm1640_reply_format\x1b[m\x1b[K\xe2\x80\x99 to \xe2\x80\x98\x1b[01m\x1b[Kstd::array<unsigned char, 9>::size_type\x1b[m\x1b[K\xe2\x80\x99 {aka \xe2\x80\x98\x1b[01m\x1b[Klong unsigned int\x1b[m\x1b[K\xe2\x80\x99}\n'}
[1.002932] (tuw_hardware_trinamic_driver) StderrLine: {'line': b'  200 |       operator[](\x1b[01;36m\x1b[Ksize_type __n\x1b[m\x1b[K) noexcept\n'}
[1.003004] (tuw_hardware_trinamic_driver) StderrLine: {'line': b'      |                  \x1b[01;36m\x1b[K~~~~~~~~~~^~~\x1b[m\x1b[K\n'}
[1.003076] (tuw_hardware_trinamic_driver) StderrLine: {'line': b'\x1b[01m\x1b[K/usr/include/c++/13/array:208:7:\x1b[m\x1b[K \x1b[01;36m\x1b[Knote: \x1b[m\x1b[Kcandidate: \xe2\x80\x98\x1b[01m\x1b[Kconstexpr const std::array<_Tp, _Nm>::value_type& std::array<_Tp, _Nm>::\x1b[01;32m\x1b[Koperator[]\x1b[m\x1b[K(size_type) const \x1b[35m\x1b[K[with _Tp = unsigned char; long unsigned int _Nm = 9; const_reference = const unsigned char&; size_type = long unsigned int]\x1b[m\x1b[K\x1b[m\x1b[K\xe2\x80\x99\n'}
[1.003152] (tuw_hardware_trinamic_driver) StderrLine: {'line': b'  208 |       \x1b[01;36m\x1b[Koperator\x1b[m\x1b[K[](size_type __n) const noexcept\n'}
[1.003223] (tuw_hardware_trinamic_driver) StderrLine: {'line': b'      |       \x1b[01;36m\x1b[K^~~~~~~~\x1b[m\x1b[K\n'}
[1.003296] (tuw_hardware_trinamic_driver) StderrLine: {'line': b'\x1b[01m\x1b[K/usr/include/c++/13/array:208:28:\x1b[m\x1b[K \x1b[01;36m\x1b[Knote: \x1b[m\x1b[K  no known conversion for argument 1 from \xe2\x80\x98\x1b[01m\x1b[Ktmcm1640::tmcm1640_reply_format\x1b[m\x1b[K\xe2\x80\x99 to \xe2\x80\x98\x1b[01m\x1b[Kstd::array<unsigned char, 9>::size_type\x1b[m\x1b[K\xe2\x80\x99 {aka \xe2\x80\x98\x1b[01m\x1b[Klong unsigned int\x1b[m\x1b[K\xe2\x80\x99}\n'}
[1.003367] (tuw_hardware_trinamic_driver) StderrLine: {'line': b'  208 |       operator[](\x1b[01;36m\x1b[Ksize_type __n\x1b[m\x1b[K) const noexcept\n'}
[1.003437] (tuw_hardware_trinamic_driver) StderrLine: {'line': b'      |                  \x1b[01;36m\x1b[K~~~~~~~~~~^~~\x1b[m\x1b[K\n'}
[1.003509] (tuw_hardware_trinamic_driver) StderrLine: {'line': b'\x1b[01m\x1b[K/home/coffee/Documents/Studium/TU/bachelorarbeit/tuw_hardware_interface/src/tuw_hardware_trinamic_driver/src/tuw_hardware_trinamic_connection.cpp:\x1b[m\x1b[K In member function \xe2\x80\x98\x1b[01m\x1b[Kvoid tmcm1640::TMCM1640Connection::\x1b[01;32m\x1b[Kset_value\x1b[m\x1b[K()\x1b[m\x1b[K\xe2\x80\x99:\n'}
[1.003584] (tuw_hardware_trinamic_driver) StderrLine: {'line': b'\x1b[01m\x1b[K/home/coffee/Documents/Studium/TU/bachelorarbeit/tuw_hardware_interface/src/tuw_hardware_trinamic_driver/src/tuw_hardware_trinamic_connection.cpp:175:31:\x1b[m\x1b[K \x1b[01;31m\x1b[Kerror: \x1b[m\x1b[Kno match for \xe2\x80\x98\x1b[01m\x1b[Koperator[]\x1b[m\x1b[K\xe2\x80\x99 (operand types are \xe2\x80\x98\x1b[01m\x1b[Kstd::array<unsigned char, 9>\x1b[m\x1b[K\xe2\x80\x99 and \xe2\x80\x98\x1b[01m\x1b[Ktmcm1640::tmcm1640_reply_format\x1b[m\x1b[K\xe2\x80\x99)\n'}
[1.003661] (tuw_hardware_trinamic_driver) StderrLine: {'line': b'  175 |         value = (reply_message\x1b[01;31m\x1b[K[\x1b[m\x1b[Ktmcm1640_reply_format::VALUE3] << 24 |\n'}
[1.003737] (tuw_hardware_trinamic_driver) StderrLine: {'line': b'      |                               \x1b[01;31m\x1b[K^\x1b[m\x1b[K\n'}
[1.003811] (tuw_hardware_trinamic_driver) StderrLine: {'line': b'\x1b[01m\x1b[K/usr/include/c++/13/array:200:7:\x1b[m\x1b[K \x1b[01;36m\x1b[Knote: \x1b[m\x1b[Kcandidate: \xe2\x80\x98\x1b[01m\x1b[Kconstexpr std::array<_Tp, _Nm>::value_type& std::array<_Tp, _Nm>::\x1b[01;32m\x1b[Koperator[]\x1b[m\x1b[K(size_type) \x1b[35m\x1b[K[with _Tp = unsigned char; long unsigned int _Nm = 9; reference = unsigned char&; size_type = long unsigned int]\x1b[m\x1b[K\x1b[m\x1b[K\xe2\x80\x99\n'}
[1.003892] (tuw_hardware_trinamic_driver) StderrLine: {'line': b'  200 |       \x1b[01;36m\x1b[Koperator\x1b[m\x1b[K[](size_type __n) noexcept\n'}
[1.003964] (tuw_hardware_trinamic_driver) StderrLine: {'line': b'      |       \x1b[01;36m\x1b[K^~~~~~~~\x1b[m\x1b[K\n'}
[1.004036] (tuw_hardware_trinamic_driver) StderrLine: {'line': b'\x1b[01m\x1b[K/usr/include/c++/13/array:200:28:\x1b[m\x1b[K \x1b[01;36m\x1b[Knote: \x1b[m\x1b[K  no known conversion for argument 1 from \xe2\x80\x98\x1b[01m\x1b[Ktmcm1640::tmcm1640_reply_format\x1b[m\x1b[K\xe2\x80\x99 to \xe2\x80\x98\x1b[01m\x1b[Kstd::array<unsigned char, 9>::size_type\x1b[m\x1b[K\xe2\x80\x99 {aka \xe2\x80\x98\x1b[01m\x1b[Klong unsigned int\x1b[m\x1b[K\xe2\x80\x99}\n'}
[1.004109] (tuw_hardware_trinamic_driver) StderrLine: {'line': b'  200 |       operator[](\x1b[01;36m\x1b[Ksize_type __n\x1b[m\x1b[K) noexcept\n'}
[1.004182] (tuw_hardware_trinamic_driver) StderrLine: {'line': b'      |                  \x1b[01;36m\x1b[K~~~~~~~~~~^~~\x1b[m\x1b[K\n'}
[1.004252] (tuw_hardware_trinamic_driver) StderrLine: {'line': b'\x1b[01m\x1b[K/usr/include/c++/13/array:208:7:\x1b[m\x1b[K \x1b[01;36m\x1b[Knote: \x1b[m\x1b[Kcandidate: \xe2\x80\x98\x1b[01m\x1b[Kconstexpr const std::array<_Tp, _Nm>::value_type& std::array<_Tp, _Nm>::\x1b[01;32m\x1b[Koperator[]\x1b[m\x1b[K(size_type) const \x1b[35m\x1b[K[with _Tp = unsigned char; long unsigned int _Nm = 9; const_reference = const unsigned char&; size_type = long unsigned int]\x1b[m\x1b[K\x1b[m\x1b[K\xe2\x80\x99\n'}
[1.004325] (tuw_hardware_trinamic_driver) StderrLine: {'line': b'  208 |       \x1b[01;36m\x1b[Koperator\x1b[m\x1b[K[](size_type __n) const noexcept\n'}
[1.004394] (-) TimerEvent: {}
[1.004535] (tuw_hardware_trinamic_driver) StderrLine: {'line': b'      |       \x1b[01;36m\x1b[K^~~~~~~~\x1b[m\x1b[K\n'}
[1.004626] (tuw_hardware_trinamic_driver) StderrLine: {'line': b'\x1b[01m\x1b[K/usr/include/c++/13/array:208:28:\x1b[m\x1b[K \x1b[01;36m\x1b[Knote: \x1b[m\x1b[K  no known conversion for argument 1 from \xe2\x80\x98\x1b[01m\x1b[Ktmcm1640::tmcm1640_reply_format\x1b[m\x1b[K\xe2\x80\x99 to \xe2\x80\x98\x1b[01m\x1b[Kstd::array<unsigned char, 9>::size_type\x1b[m\x1b[K\xe2\x80\x99 {aka \xe2\x80\x98\x1b[01m\x1b[Klong unsigned int\x1b[m\x1b[K\xe2\x80\x99}\n'}
[1.004718] (tuw_hardware_trinamic_driver) StderrLine: {'line': b'  208 |       operator[](\x1b[01;36m\x1b[Ksize_type __n\x1b[m\x1b[K) const noexcept\n'}
[1.004791] (tuw_hardware_trinamic_driver) StderrLine: {'line': b'      |                  \x1b[01;36m\x1b[K~~~~~~~~~~^~~\x1b[m\x1b[K\n'}
[1.004867] (tuw_hardware_trinamic_driver) StderrLine: {'line': b'\x1b[01m\x1b[K/home/coffee/Documents/Studium/TU/bachelorarbeit/tuw_hardware_interface/src/tuw_hardware_trinamic_driver/src/tuw_hardware_trinamic_connection.cpp:176:31:\x1b[m\x1b[K \x1b[01;31m\x1b[Kerror: \x1b[m\x1b[Kno match for \xe2\x80\x98\x1b[01m\x1b[Koperator[]\x1b[m\x1b[K\xe2\x80\x99 (operand types are \xe2\x80\x98\x1b[01m\x1b[Kstd::array<unsigned char, 9>\x1b[m\x1b[K\xe2\x80\x99 and \xe2\x80\x98\x1b[01m\x1b[Ktmcm1640::tmcm1640_reply_format\x1b[m\x1b[K\xe2\x80\x99)\n'}
[1.004949] (tuw_hardware_trinamic_driver) StderrLine: {'line': b'  176 |                  reply_message\x1b[01;31m\x1b[K[\x1b[m\x1b[Ktmcm1640_reply_format::VALUE2] << 16 |\n'}
[1.005020] (tuw_hardware_trinamic_driver) StderrLine: {'line': b'      |                               \x1b[01;31m\x1b[K^\x1b[m\x1b[K\n'}
[1.005094] (tuw_hardware_trinamic_driver) StderrLine: {'line': b'\x1b[01m\x1b[K/usr/include/c++/13/array:200:7:\x1b[m\x1b[K \x1b[01;36m\x1b[Knote: \x1b[m\x1b[Kcandidate: \xe2\x80\x98\x1b[01m\x1b[Kconstexpr std::array<_Tp, _Nm>::value_type& std::array<_Tp, _Nm>::\x1b[01;32m\x1b[Koperator[]\x1b[m\x1b[K(size_type) \x1b[35m\x1b[K[with _Tp = unsigned char; long unsigned int _Nm = 9; reference = unsigned char&; size_type = long unsigned int]\x1b[m\x1b[K\x1b[m\x1b[K\xe2\x80\x99\n'}
[1.005170] (tuw_hardware_trinamic_driver) StderrLine: {'line': b'  200 |       \x1b[01;36m\x1b[Koperator\x1b[m\x1b[K[](size_type __n) noexcept\n'}
[1.005246] (tuw_hardware_trinamic_driver) StderrLine: {'line': b'      |       \x1b[01;36m\x1b[K^~~~~~~~\x1b[m\x1b[K\n'}
[1.005317] (tuw_hardware_trinamic_driver) StderrLine: {'line': b'\x1b[01m\x1b[K/usr/include/c++/13/array:200:28:\x1b[m\x1b[K \x1b[01;36m\x1b[Knote: \x1b[m\x1b[K  no known conversion for argument 1 from \xe2\x80\x98\x1b[01m\x1b[Ktmcm1640::tmcm1640_reply_format\x1b[m\x1b[K\xe2\x80\x99 to \xe2\x80\x98\x1b[01m\x1b[Kstd::array<unsigned char, 9>::size_type\x1b[m\x1b[K\xe2\x80\x99 {aka \xe2\x80\x98\x1b[01m\x1b[Klong unsigned int\x1b[m\x1b[K\xe2\x80\x99}\n'}
[1.005391] (tuw_hardware_trinamic_driver) StderrLine: {'line': b'  200 |       operator[](\x1b[01;36m\x1b[Ksize_type __n\x1b[m\x1b[K) noexcept\n'}
[1.005466] (tuw_hardware_trinamic_driver) StderrLine: {'line': b'      |                  \x1b[01;36m\x1b[K~~~~~~~~~~^~~\x1b[m\x1b[K\n'}
[1.005536] (tuw_hardware_trinamic_driver) StderrLine: {'line': b'\x1b[01m\x1b[K/usr/include/c++/13/array:208:7:\x1b[m\x1b[K \x1b[01;36m\x1b[Knote: \x1b[m\x1b[Kcandidate: \xe2\x80\x98\x1b[01m\x1b[Kconstexpr const std::array<_Tp, _Nm>::value_type& std::array<_Tp, _Nm>::\x1b[01;32m\x1b[Koperator[]\x1b[m\x1b[K(size_type) const \x1b[35m\x1b[K[with _Tp = unsigned char; long unsigned int _Nm = 9; const_reference = const unsigned char&; size_type = long unsigned int]\x1b[m\x1b[K\x1b[m\x1b[K\xe2\x80\x99\n'}
[1.005609] (tuw_hardware_trinamic_driver) StderrLine: {'line': b'  208 |       \x1b[01;36m\x1b[Koperator\x1b[m\x1b[K[](size_type __n) const noexcept\n'}
[1.005687] (tuw_hardware_trinamic_driver) StderrLine: {'line': b'      |       \x1b[01;36m\x1b[K^~~~~~~~\x1b[m\x1b[K\n'}
[1.005760] (tuw_hardware_trinamic_driver) StderrLine: {'line': b'\x1b[01m\x1b[K/usr/include/c++/13/array:208:28:\x1b[m\x1b[K \x1b[01;36m\x1b[Knote: \x1b[m\x1b[K  no known conversion for argument 1 from \xe2\x80\x98\x1b[01m\x1b[Ktmcm1640::tmcm1640_reply_format\x1b[m\x1b[K\xe2\x80\x99 to \xe2\x80\x98\x1b[01m\x1b[Kstd::array<unsigned char, 9>::size_type\x1b[m\x1b[K\xe2\x80\x99 {aka \xe2\x80\x98\x1b[01m\x1b[Klong unsigned int\x1b[m\x1b[K\xe2\x80\x99}\n'}
[1.005837] (tuw_hardware_trinamic_driver) StderrLine: {'line': b'  208 |       operator[](\x1b[01;36m\x1b[Ksize_type __n\x1b[m\x1b[K) const noexcept\n'}
[1.005909] (tuw_hardware_trinamic_driver) StderrLine: {'line': b'      |                  \x1b[01;36m\x1b[K~~~~~~~~~~^~~\x1b[m\x1b[K\n'}
[1.005982] (tuw_hardware_trinamic_driver) StderrLine: {'line': b'\x1b[01m\x1b[K/home/coffee/Documents/Studium/TU/bachelorarbeit/tuw_hardware_interface/src/tuw_hardware_trinamic_driver/src/tuw_hardware_trinamic_connection.cpp:177:31:\x1b[m\x1b[K \x1b[01;31m\x1b[Kerror: \x1b[m\x1b[Kno match for \xe2\x80\x98\x1b[01m\x1b[Koperator[]\x1b[m\x1b[K\xe2\x80\x99 (operand types are \xe2\x80\x98\x1b[01m\x1b[Kstd::array<unsigned char, 9>\x1b[m\x1b[K\xe2\x80\x99 and \xe2\x80\x98\x1b[01m\x1b[Ktmcm1640::tmcm1640_reply_format\x1b[m\x1b[K\xe2\x80\x99)\n'}
[1.006377] (tuw_hardware_trinamic_driver) StderrLine: {'line': b'  177 |                  reply_message\x1b[01;31m\x1b[K[\x1b[m\x1b[Ktmcm1640_reply_format::VALUE1] << 8  |\n'}
[1.006465] (tuw_hardware_trinamic_driver) StderrLine: {'line': b'      |                               \x1b[01;31m\x1b[K^\x1b[m\x1b[K\n'}
[1.006539] (tuw_hardware_trinamic_driver) StderrLine: {'line': b'\x1b[01m\x1b[K/usr/include/c++/13/array:200:7:\x1b[m\x1b[K \x1b[01;36m\x1b[Knote: \x1b[m\x1b[Kcandidate: \xe2\x80\x98\x1b[01m\x1b[Kconstexpr std::array<_Tp, _Nm>::value_type& std::array<_Tp, _Nm>::\x1b[01;32m\x1b[Koperator[]\x1b[m\x1b[K(size_type) \x1b[35m\x1b[K[with _Tp = unsigned char; long unsigned int _Nm = 9; reference = unsigned char&; size_type = long unsigned int]\x1b[m\x1b[K\x1b[m\x1b[K\xe2\x80\x99\n'}
[1.006620] (tuw_hardware_trinamic_driver) StderrLine: {'line': b'  200 |       \x1b[01;36m\x1b[Koperator\x1b[m\x1b[K[](size_type __n) noexcept\n'}
[1.006710] (tuw_hardware_trinamic_driver) StderrLine: {'line': b'      |       \x1b[01;36m\x1b[K^~~~~~~~\x1b[m\x1b[K\n'}
[1.006788] (tuw_hardware_trinamic_driver) StderrLine: {'line': b'\x1b[01m\x1b[K/usr/include/c++/13/array:200:28:\x1b[m\x1b[K \x1b[01;36m\x1b[Knote: \x1b[m\x1b[K  no known conversion for argument 1 from \xe2\x80\x98\x1b[01m\x1b[Ktmcm1640::tmcm1640_reply_format\x1b[m\x1b[K\xe2\x80\x99 to \xe2\x80\x98\x1b[01m\x1b[Kstd::array<unsigned char, 9>::size_type\x1b[m\x1b[K\xe2\x80\x99 {aka \xe2\x80\x98\x1b[01m\x1b[Klong unsigned int\x1b[m\x1b[K\xe2\x80\x99}\n'}
[1.006868] (tuw_hardware_trinamic_driver) StderrLine: {'line': b'  200 |       operator[](\x1b[01;36m\x1b[Ksize_type __n\x1b[m\x1b[K) noexcept\n'}
[1.006943] (tuw_hardware_trinamic_driver) StderrLine: {'line': b'      |                  \x1b[01;36m\x1b[K~~~~~~~~~~^~~\x1b[m\x1b[K\n'}
[1.007022] (tuw_hardware_trinamic_driver) StderrLine: {'line': b'\x1b[01m\x1b[K/usr/include/c++/13/array:208:7:\x1b[m\x1b[K \x1b[01;36m\x1b[Knote: \x1b[m\x1b[Kcandidate: \xe2\x80\x98\x1b[01m\x1b[Kconstexpr const std::array<_Tp, _Nm>::value_type& std::array<_Tp, _Nm>::\x1b[01;32m\x1b[Koperator[]\x1b[m\x1b[K(size_type) const \x1b[35m\x1b[K[with _Tp = unsigned char; long unsigned int _Nm = 9; const_reference = const unsigned char&; size_type = long unsigned int]\x1b[m\x1b[K\x1b[m\x1b[K\xe2\x80\x99\n'}
[1.007102] (tuw_hardware_trinamic_driver) StderrLine: {'line': b'  208 |       \x1b[01;36m\x1b[Koperator\x1b[m\x1b[K[](size_type __n) const noexcept\n'}
[1.007177] (tuw_hardware_trinamic_driver) StderrLine: {'line': b'      |       \x1b[01;36m\x1b[K^~~~~~~~\x1b[m\x1b[K\n'}
[1.007248] (tuw_hardware_trinamic_driver) StderrLine: {'line': b'\x1b[01m\x1b[K/usr/include/c++/13/array:208:28:\x1b[m\x1b[K \x1b[01;36m\x1b[Knote: \x1b[m\x1b[K  no known conversion for argument 1 from \xe2\x80\x98\x1b[01m\x1b[Ktmcm1640::tmcm1640_reply_format\x1b[m\x1b[K\xe2\x80\x99 to \xe2\x80\x98\x1b[01m\x1b[Kstd::array<unsigned char, 9>::size_type\x1b[m\x1b[K\xe2\x80\x99 {aka \xe2\x80\x98\x1b[01m\x1b[Klong unsigned int\x1b[m\x1b[K\xe2\x80\x99}\n'}
[1.007328] (tuw_hardware_trinamic_driver) StderrLine: {'line': b'  208 |       operator[](\x1b[01;36m\x1b[Ksize_type __n\x1b[m\x1b[K) const noexcept\n'}
[1.007401] (tuw_hardware_trinamic_driver) StderrLine: {'line': b'      |                  \x1b[01;36m\x1b[K~~~~~~~~~~^~~\x1b[m\x1b[K\n'}
[1.007476] (tuw_hardware_trinamic_driver) StderrLine: {'line': b'\x1b[01m\x1b[K/home/coffee/Documents/Studium/TU/bachelorarbeit/tuw_hardware_interface/src/tuw_hardware_trinamic_driver/src/tuw_hardware_trinamic_connection.cpp:178:31:\x1b[m\x1b[K \x1b[01;31m\x1b[Kerror: \x1b[m\x1b[Kno match for \xe2\x80\x98\x1b[01m\x1b[Koperator[]\x1b[m\x1b[K\xe2\x80\x99 (operand types are \xe2\x80\x98\x1b[01m\x1b[Kstd::array<unsigned char, 9>\x1b[m\x1b[K\xe2\x80\x99 and \xe2\x80\x98\x1b[01m\x1b[Ktmcm1640::tmcm1640_reply_format\x1b[m\x1b[K\xe2\x80\x99)\n'}
[1.007555] (tuw_hardware_trinamic_driver) StderrLine: {'line': b'  178 |                  reply_message\x1b[01;31m\x1b[K[\x1b[m\x1b[Ktmcm1640_reply_format::VALUE0]);\n'}
[1.007631] (tuw_hardware_trinamic_driver) StderrLine: {'line': b'      |                               \x1b[01;31m\x1b[K^\x1b[m\x1b[K\n'}
[1.007709] (tuw_hardware_trinamic_driver) StderrLine: {'line': b'\x1b[01m\x1b[K/usr/include/c++/13/array:200:7:\x1b[m\x1b[K \x1b[01;36m\x1b[Knote: \x1b[m\x1b[Kcandidate: \xe2\x80\x98\x1b[01m\x1b[Kconstexpr std::array<_Tp, _Nm>::value_type& std::array<_Tp, _Nm>::\x1b[01;32m\x1b[Koperator[]\x1b[m\x1b[K(size_type) \x1b[35m\x1b[K[with _Tp = unsigned char; long unsigned int _Nm = 9; reference = unsigned char&; size_type = long unsigned int]\x1b[m\x1b[K\x1b[m\x1b[K\xe2\x80\x99\n'}
[1.007791] (tuw_hardware_trinamic_driver) StderrLine: {'line': b'  200 |       \x1b[01;36m\x1b[Koperator\x1b[m\x1b[K[](size_type __n) noexcept\n'}
[1.007864] (tuw_hardware_trinamic_driver) StderrLine: {'line': b'      |       \x1b[01;36m\x1b[K^~~~~~~~\x1b[m\x1b[K\n'}
[1.007935] (tuw_hardware_trinamic_driver) StderrLine: {'line': b'\x1b[01m\x1b[K/usr/include/c++/13/array:200:28:\x1b[m\x1b[K \x1b[01;36m\x1b[Knote: \x1b[m\x1b[K  no known conversion for argument 1 from \xe2\x80\x98\x1b[01m\x1b[Ktmcm1640::tmcm1640_reply_format\x1b[m\x1b[K\xe2\x80\x99 to \xe2\x80\x98\x1b[01m\x1b[Kstd::array<unsigned char, 9>::size_type\x1b[m\x1b[K\xe2\x80\x99 {aka \xe2\x80\x98\x1b[01m\x1b[Klong unsigned int\x1b[m\x1b[K\xe2\x80\x99}\n'}
[1.008013] (tuw_hardware_trinamic_driver) StderrLine: {'line': b'  200 |       operator[](\x1b[01;36m\x1b[Ksize_type __n\x1b[m\x1b[K) noexcept\n'}
[1.008085] (tuw_hardware_trinamic_driver) StderrLine: {'line': b'      |                  \x1b[01;36m\x1b[K~~~~~~~~~~^~~\x1b[m\x1b[K\n'}
[1.008155] (tuw_hardware_trinamic_driver) StderrLine: {'line': b'\x1b[01m\x1b[K/usr/include/c++/13/array:208:7:\x1b[m\x1b[K \x1b[01;36m\x1b[Knote: \x1b[m\x1b[Kcandidate: \xe2\x80\x98\x1b[01m\x1b[Kconstexpr const std::array<_Tp, _Nm>::value_type& std::array<_Tp, _Nm>::\x1b[01;32m\x1b[Koperator[]\x1b[m\x1b[K(size_type) const \x1b[35m\x1b[K[with _Tp = unsigned char; long unsigned int _Nm = 9; const_reference = const unsigned char&; size_type = long unsigned int]\x1b[m\x1b[K\x1b[m\x1b[K\xe2\x80\x99\n'}
[1.008227] (tuw_hardware_trinamic_driver) StderrLine: {'line': b'  208 |       \x1b[01;36m\x1b[Koperator\x1b[m\x1b[K[](size_type __n) const noexcept\n'}
[1.008301] (tuw_hardware_trinamic_driver) StderrLine: {'line': b'      |       \x1b[01;36m\x1b[K^~~~~~~~\x1b[m\x1b[K\n'}
[1.008374] (tuw_hardware_trinamic_driver) StderrLine: {'line': b'\x1b[01m\x1b[K/usr/include/c++/13/array:208:28:\x1b[m\x1b[K \x1b[01;36m\x1b[Knote: \x1b[m\x1b[K  no known conversion for argument 1 from \xe2\x80\x98\x1b[01m\x1b[Ktmcm1640::tmcm1640_reply_format\x1b[m\x1b[K\xe2\x80\x99 to \xe2\x80\x98\x1b[01m\x1b[Kstd::array<unsigned char, 9>::size_type\x1b[m\x1b[K\xe2\x80\x99 {aka \xe2\x80\x98\x1b[01m\x1b[Klong unsigned int\x1b[m\x1b[K\xe2\x80\x99}\n'}
[1.008452] (tuw_hardware_trinamic_driver) StderrLine: {'line': b'  208 |       operator[](\x1b[01;36m\x1b[Ksize_type __n\x1b[m\x1b[K) const noexcept\n'}
[1.008523] (tuw_hardware_trinamic_driver) StderrLine: {'line': b'      |                  \x1b[01;36m\x1b[K~~~~~~~~~~^~~\x1b[m\x1b[K\n'}
[1.039205] (tuw_hardware_trinamic_driver) StderrLine: {'line': b'\x1b[01m\x1b[K/home/coffee/Documents/Studium/TU/bachelorarbeit/tuw_hardware_interface/src/tuw_hardware_trinamic_driver/src/tuw_hardware_trinamic_connection.cpp:\x1b[m\x1b[K In member function \xe2\x80\x98\x1b[01m\x1b[Kbool tmcm1640::TMCM1640Connection::\x1b[01;32m\x1b[Ksend_and_receive\x1b[m\x1b[K()\x1b[m\x1b[K\xe2\x80\x99:\n'}
[1.039669] (tuw_hardware_trinamic_driver) StderrLine: {'line': b'\x1b[01m\x1b[K/home/coffee/Documents/Studium/TU/bachelorarbeit/tuw_hardware_interface/src/tuw_hardware_trinamic_driver/src/tuw_hardware_trinamic_connection.cpp:149:5:\x1b[m\x1b[K \x1b[01;35m\x1b[Kwarning: \x1b[m\x1b[Kcontrol reaches end of non-void function [\x1b[01;35m\x1b[K\x1b]8;;https://gcc.gnu.org/onlinedocs/gcc/Warning-Options.html#index-Wreturn-type\x07-Wreturn-type\x1b]8;;\x07\x1b[m\x1b[K]\n'}
[1.039858] (tuw_hardware_trinamic_driver) StderrLine: {'line': b'  149 |     \x1b[01;35m\x1b[K}\x1b[m\x1b[K\n'}
[1.039994] (tuw_hardware_trinamic_driver) StderrLine: {'line': b'      |     \x1b[01;35m\x1b[K^\x1b[m\x1b[K\n'}
[1.052577] (tuw_hardware_trinamic_driver) StderrLine: {'line': b'gmake[2]: *** [CMakeFiles/trinamic_test_node.dir/build.make:90: CMakeFiles/trinamic_test_node.dir/src/tuw_hardware_trinamic_connection.cpp.o] Error 1\n'}
[1.053241] (tuw_hardware_trinamic_driver) StderrLine: {'line': b'gmake[1]: *** [CMakeFiles/Makefile2:137: CMakeFiles/trinamic_test_node.dir/all] Error 2\n'}
[1.053792] (tuw_hardware_trinamic_driver) StderrLine: {'line': b'gmake: *** [Makefile:146: all] Error 2\n'}
[1.058022] (tuw_hardware_trinamic_driver) CommandEnded: {'returncode': 2}
[1.074277] (tuw_hardware_trinamic_driver) JobEnded: {'identifier': 'tuw_hardware_trinamic_driver', 'rc': 2}
[1.100441] (-) EventReactorShutdown: {}
