[0.000000] (-) TimerEvent: {}
[0.000423] (-) JobUnselected: {'identifier': 'tuw_hardware_interface'}
[0.000880] (-) JobUnselected: {'identifier': 'tuw_hardware_interface_dynamixel'}
[0.000942] (-) JobUnselected: {'identifier': 'tuw_hardware_interface_template'}
[0.000975] (-) JobUnselected: {'identifier': 'tuw_hardware_interface_trinamic'}
[0.001443] (tuw_hardware_trinamic_driver) JobQueued: {'identifier': 'tuw_hardware_trinamic_driver', 'dependencies': OrderedDict()}
[0.001496] (tuw_hardware_trinamic_driver) JobStarted: {'identifier': 'tuw_hardware_trinamic_driver'}
[0.022246] (tuw_hardware_trinamic_driver) JobProgress: {'identifier': 'tuw_hardware_trinamic_driver', 'progress': 'cmake'}
[0.025164] (tuw_hardware_trinamic_driver) JobProgress: {'identifier': 'tuw_hardware_trinamic_driver', 'progress': 'build'}
[0.025298] (tuw_hardware_trinamic_driver) Command: {'cmd': ['/usr/bin/cmake', '--build', '/home/coffee/Documents/Studium/TU/bachelorarbeit/tuw_hardware_interface/build/tuw_hardware_trinamic_driver', '--', '-j14', '-l14'], 'cwd': '/home/coffee/Documents/Studium/TU/bachelorarbeit/tuw_hardware_interface/build/tuw_hardware_trinamic_driver', 'env': OrderedDict({'LESSOPEN': '| /usr/bin/lesspipe %s', 'GZ_SIM_RESOURCE_PATH': '/opt/ros/jazzy/share', 'USER': 'coffee', 'LC_TIME': 'en_GB.UTF-8', 'GZ_CONFIG_PATH': '/opt/ros/jazzy/opt/gz_sim_vendor/share/gz:/opt/ros/jazzy/opt/sdformat_vendor/share/gz:/opt/ros/jazzy/opt/gz_gui_vendor/share/gz:/opt/ros/jazzy/opt/gz_transport_vendor/share/gz:/opt/ros/jazzy/opt/gz_rendering_vendor/share/gz:/opt/ros/jazzy/opt/gz_plugin_vendor/share/gz:/opt/ros/jazzy/opt/gz_fuel_tools_vendor/share/gz:/opt/ros/jazzy/opt/gz_msgs_vendor/share/gz:/opt/ros/jazzy/opt/gz_common_vendor/share/gz', 'XDG_SESSION_TYPE': 'wayland', 'SHLVL': '1', 'LD_LIBRARY_PATH': '/opt/ros/jazzy/opt/gz_sim_vendor/lib:/opt/ros/jazzy/opt/gz_sensors_vendor/lib:/opt/ros/jazzy/opt/gz_physics_vendor/lib:/opt/ros/jazzy/opt/sdformat_vendor/lib:/opt/ros/jazzy/opt/rviz_ogre_vendor/lib:/opt/ros/jazzy/lib/x86_64-linux-gnu:/opt/ros/jazzy/opt/gz_gui_vendor/lib:/opt/ros/jazzy/opt/gz_transport_vendor/lib:/opt/ros/jazzy/opt/gz_rendering_vendor/lib:/opt/ros/jazzy/opt/gz_plugin_vendor/lib:/opt/ros/jazzy/opt/gz_fuel_tools_vendor/lib:/opt/ros/jazzy/opt/gz_msgs_vendor/lib:/opt/ros/jazzy/opt/gz_common_vendor/lib:/opt/ros/jazzy/opt/gz_math_vendor/lib:/opt/ros/jazzy/opt/gz_utils_vendor/lib:/opt/ros/jazzy/opt/gz_tools_vendor/lib:/opt/ros/jazzy/opt/gz_ogre_next_vendor/lib:/opt/ros/jazzy/opt/gz_dartsim_vendor/lib:/opt/ros/jazzy/opt/gz_cmake_vendor/lib:/opt/ros/jazzy/lib', 'HOME': '/home/coffee', 'OLDPWD': '/home/coffee/Documents/Studium/TU/bachelorarbeit/tuw_hardware_interface/src', 'CAML_LD_LIBRARY_PATH': '/home/coffee/.opam/default/lib/stublibs:/usr/local/lib/ocaml/4.14.1/stublibs:/usr/lib/ocaml/stublibs', 'DESKTOP_SESSION': 'ubuntu', 'OCAML_TOPLEVEL_PATH': '/home/coffee/.opam/default/lib/toplevel', 'ROS_PYTHON_VERSION': '3', 'GNOME_SHELL_SESSION_MODE': 'ubuntu', 'GTK_MODULES': 'gail:atk-bridge', 'LC_MONETARY': 'en_GB.UTF-8', 'SYSTEMD_EXEC_PID': '3643', 'GSM_SKIP_SSH_AGENT_WORKAROUND': 'true', 'DBUS_SESSION_BUS_ADDRESS': 'unix:path=/run/user/1000/bus', 'COLORTERM': 'truecolor', '_colcon_cd_root': '/opt/ros/jazzy/', 'DEBUGINFOD_URLS': 'https://debuginfod.ubuntu.com', 'IM_CONFIG_PHASE': '1', 'WAYLAND_DISPLAY': 'wayland-0', 'ROS_DISTRO': 'jazzy', 'LOGNAME': 'coffee', 'DESKTOP_AUTOSTART_ID': '10bedafe2b6673f756178177737514225200000036430017', '_': '/usr/bin/colcon', 'ROS_VERSION': '2', 'MEMORY_PRESSURE_WATCH': '/sys/fs/cgroup/user.slice/user-1000.slice/user@1000.service/app.slice/app-gnome\\x2dsession\\x2dmanager.slice/gnome-session-manager@ubuntu.service/memory.pressure', 'XDG_SESSION_CLASS': 'user', 'USERNAME': 'coffee', 'TERM': 'xterm-256color', 'GNOME_DESKTOP_SESSION_ID': 'this-is-deprecated', 'PATH': '/opt/ros/jazzy/opt/gz_msgs_vendor/bin:/opt/ros/jazzy/opt/gz_tools_vendor/bin:/opt/ros/jazzy/opt/gz_ogre_next_vendor/bin:/opt/ros/jazzy/bin:/home/coffee/.config/emacs/bin:/home/coffee/.opam/default/bin:/home/coffee/.elan/bin:/home/coffee/.cargo/bin:/home/coffee/.local/bin:/home/coffee/.config/emacs/bin:/usr/local/sbin:/usr/local/bin:/usr/sbin:/usr/bin:/sbin:/bin:/usr/games:/usr/local/games:/snap/bin:/snap/bin:/home/coffee/.local/bin:/home/coffee/.local/bin:/usr/local/texlive/2026/bin/x86_64-linux', 'SESSION_MANAGER': 'local/coffee-machine:@/tmp/.ICE-unix/3643,unix/coffee-machine:/tmp/.ICE-unix/3643', 'PAPERSIZE': 'a4', 'XDG_MENU_PREFIX': 'gnome-', 'LC_ADDRESS': 'en_GB.UTF-8', 'GNOME_TERMINAL_SCREEN': '/org/gnome/Terminal/screen/a3b845f1_dd1e_469a_8bb7_438ec915aa79', 'GNOME_SETUP_DISPLAY': ':1', 'XDG_RUNTIME_DIR': '/run/user/1000', 'DISPLAY': ':0', 'LANG': 'en_US.UTF-8', 'XDG_CURRENT_DESKTOP': 'ubuntu:GNOME', 'LC_TELEPHONE': 'en_GB.UTF-8', 'XMODIFIERS': '@im=ibus', 'XDG_SESSION_DESKTOP': 'ubuntu', 'XAUTHORITY': '/run/user/1000/.mutter-Xwaylandauth.4Y1BR3', 'LS_COLORS': 'rs=0:di=01;34:ln=01;36:mh=00:pi=40;33:so=01;35:do=01;35:bd=40;33;01:cd=40;33;01:or=40;31;01:mi=00:su=37;41:sg=30;43:ca=00:tw=30;42:ow=34;42:st=37;44:ex=01;32:*.tar=01;31:*.tgz=01;31:*.arc=01;31:*.arj=01;31:*.taz=01;31:*.lha=01;31:*.lz4=01;31:*.lzh=01;31:*.lzma=01;31:*.tlz=01;31:*.txz=01;31:*.tzo=01;31:*.t7z=01;31:*.zip=01;31:*.z=01;31:*.dz=01;31:*.gz=01;31:*.lrz=01;31:*.lz=01;31:*.lzo=01;31:*.xz=01;31:*.zst=01;31:*.tzst=01;31:*.bz2=01;31:*.bz=01;31:*.tbz=01;31:*.tbz2=01;31:*.tz=01;31:*.deb=01;31:*.rpm=01;31:*.jar=01;31:*.war=01;31:*.ear=01;31:*.sar=01;31:*.rar=01;31:*.alz=01;31:*.ace=01;31:*.zoo=01;31:*.cpio=01;31:*.7z=01;31:*.rz=01;31:*.cab=01;31:*.wim=01;31:*.swm=01;31:*.dwm=01;31:*.esd=01;31:*.avif=01;35:*.jpg=01;35:*.jpeg=01;35:*.mjpg=01;35:*.mjpeg=01;35:*.gif=01;35:*.bmp=01;35:*.pbm=01;35:*.pgm=01;35:*.ppm=01;35:*.tga=01;35:*.xbm=01;35:*.xpm=01;35:*.tif=01;35:*.tiff=01;35:*.png=01;35:*.svg=01;35:*.svgz=01;35:*.mng=01;35:*.pcx=01;35:*.mov=01;35:*.mpg=01;35:*.mpeg=01;35:*.m2v=01;35:*.mkv=01;35:*.webm=01;35:*.webp=01;35:*.ogm=01;35:*.mp4=01;35:*.m4v=01;35:*.mp4v=01;35:*.vob=01;35:*.qt=01;35:*.nuv=01;35:*.wmv=01;35:*.asf=01;35:*.rm=01;35:*.rmvb=01;35:*.flc=01;35:*.avi=01;35:*.fli=01;35:*.flv=01;35:*.gl=01;35:*.dl=01;35:*.xcf=01;35:*.xwd=01;35:*.yuv=01;35:*.cgm=01;35:*.emf=01;35:*.ogv=01;35:*.ogx=01;35:*.aac=00;36:*.au=00;36:*.flac=00;36:*.m4a=00;36:*.mid=00;36:*.midi=00;36:*.mka=00;36:*.mp3=00;36:*.mpc=00;36:*.ogg=00;36:*.ra=00;36:*.wav=00;36:*.oga=00;36:*.opus=00;36:*.spx=00;36:*.xspf=00;36:*~=00;90:*#=00;90:*.bak=00;90:*.crdownload=00;90:*.dpkg-dist=00;90:*.dpkg-new=00;90:*.dpkg-old=00;90:*.dpkg-tmp=00;90:*.old=00;90:*.orig=00;90:*.part=00;90:*.rej=00;90:*.rpmnew=00;90:*.rpmorig=00;90:*.rpmsave=00;90:*.swp=00;90:*.tmp=00;90:*.ucf-dist=00;90:*.ucf-new=00;90:*.ucf-old=00;90:', 'GNOME_TERMINAL_SERVICE': ':1.90', 'SSH_AUTH_SOCK': '/run/user/1000/keyring/ssh', 'AMENT_PREFIX_PATH': '/opt/ros/jazzy', 'SHELL': '/bin/bash', 'LC_NAME': 'en_GB.UTF-8', 'QT_ACCESSIBILITY': '1', 'GDMSESSION': 'ubuntu', 'LESSCLOSE': '/usr/bin/lesspipe %s %s', 'LC_MEASUREMENT': 'en_GB.UTF-8', 'OCAMLTOP_INCLUDE_PATH': '/home/coffee/.opam/default/lib/toplevel:', 'OPAM_SWITCH_PREFIX': '/home/coffee/.opam/default', 'LC_IDENTIFICATION': 'en_GB.UTF-8', 'ROS_AUTOMATIC_DISCOVERY_RANGE': 'SUBNET', 'QT_IM_MODULE': 'ibus', 'PWD': '/home/coffee/Documents/Studium/TU/bachelorarbeit/tuw_hardware_interface/build/tuw_hardware_trinamic_driver', 'XDG_CONFIG_DIRS': '/etc/xdg/xdg-ubuntu:/etc/xdg', 'XDG_DATA_DIRS': '/usr/share/ubuntu:/usr/share/gnome:/usr/local/share/:/usr/share/:/var/lib/snapd/desktop', 'QTWEBENGINE_DICTIONARIES_PATH': '/usr/share/hunspell-bdic/', 'PYTHONPATH': '/opt/ros/jazzy/lib/python3.12/site-packages', 'LC_NUMERIC': 'en_GB.UTF-8', 'LC_PAPER': 'en_GB.UTF-8', 'COLCON': '1', 'MEMORY_PRESSURE_WRITE': 'c29tZSAyMDAwMDAgMjAwMDAwMAA=', 'MANPATH': ':/home/coffee/.opam/default/man', 'VTE_VERSION': '7600', 'CMAKE_PREFIX_PATH': '/opt/ros/jazzy/opt/gz_sim_vendor:/opt/ros/jazzy/opt/gz_sensors_vendor:/opt/ros/jazzy/opt/gz_physics_vendor:/opt/ros/jazzy/opt/sdformat_vendor:/opt/ros/jazzy/opt/gz_gui_vendor:/opt/ros/jazzy/opt/gz_transport_vendor:/opt/ros/jazzy/opt/gz_rendering_vendor:/opt/ros/jazzy/opt/gz_plugin_vendor:/opt/ros/jazzy/opt/gz_fuel_tools_vendor:/opt/ros/jazzy/opt/gz_msgs_vendor:/opt/ros/jazzy/opt/gz_common_vendor:/opt/ros/jazzy/opt/gz_math_vendor:/opt/ros/jazzy/opt/gz_utils_vendor:/opt/ros/jazzy/opt/gz_tools_vendor:/opt/ros/jazzy/opt/gz_ogre_next_vendor:/opt/ros/jazzy/opt/gz_dartsim_vendor:/opt/ros/jazzy/opt/gz_cmake_vendor:/opt/ros/jazzy'}), 'shell': False}
[0.099371] (-) TimerEvent: {}
[0.170213] (tuw_hardware_trinamic_driver) StdoutLine: {'line': b'[ 33%] \x1b[32mBuilding CXX object CMakeFiles/trinamic_test_node.dir/src/tuw_hardware_trinamic_connection.cpp.o\x1b[0m\n'}
[0.199583] (-) TimerEvent: {}
[0.300163] (-) TimerEvent: {}
[0.400761] (-) TimerEvent: {}
[0.501340] (-) TimerEvent: {}
[0.601944] (-) TimerEvent: {}
[0.702537] (-) TimerEvent: {}
[0.803121] (-) TimerEvent: {}
[0.903703] (-) TimerEvent: {}
[0.938478] (tuw_hardware_trinamic_driver) StderrLine: {'line': b'\x1b[01m\x1b[K/home/coffee/Documents/Studium/TU/bachelorarbeit/tuw_hardware_interface/src/tuw_hardware_trinamic_driver/src/tuw_hardware_trinamic_connection.cpp:\x1b[m\x1b[K In constructor \xe2\x80\x98\x1b[01m\x1b[Ktmcm1640::TMCM1640Connection::\x1b[01;32m\x1b[KTMCM1640Connection\x1b[m\x1b[K(std::string)\x1b[m\x1b[K\xe2\x80\x99:\n'}
[0.941133] (tuw_hardware_trinamic_driver) StderrLine: {'line': b'\x1b[01m\x1b[K/home/coffee/Documents/Studium/TU/bachelorarbeit/tuw_hardware_interface/src/tuw_hardware_trinamic_driver/src/tuw_hardware_trinamic_connection.cpp:67:21:\x1b[m\x1b[K \x1b[01;31m\x1b[Kerror: \x1b[m\x1b[Ktoo many arguments to function \xe2\x80\x98\x1b[01m\x1b[Kint\x1b[01;32m\x1b[K tcgetattr\x1b[m\x1b[K(int, termios*)\x1b[m\x1b[K\xe2\x80\x99\n'}
[0.941656] (tuw_hardware_trinamic_driver) StderrLine: {'line': b'   67 |         if(\x1b[01;31m\x1b[Ktcgetattr(serial_port, TCSANOW, &tty)\x1b[m\x1b[K != 0) {\n'}
[0.942035] (tuw_hardware_trinamic_driver) StderrLine: {'line': b'      |            \x1b[01;31m\x1b[K~~~~~~~~~^~~~~~~~~~~~~~~~~~~~~~~~~~~~\x1b[m\x1b[K\n'}
[0.942177] (tuw_hardware_trinamic_driver) StderrLine: {'line': b'In file included from \x1b[01m\x1b[K/home/coffee/Documents/Studium/TU/bachelorarbeit/tuw_hardware_interface/src/tuw_hardware_trinamic_driver/include/tuw_hardware_trinamic_driver/tuw_hardware_trinamic_connection.hpp:9\x1b[m\x1b[K,\n'}
[0.942321] (tuw_hardware_trinamic_driver) StderrLine: {'line': b'                 from \x1b[01m\x1b[K/home/coffee/Documents/Studium/TU/bachelorarbeit/tuw_hardware_interface/src/tuw_hardware_trinamic_driver/src/tuw_hardware_trinamic_connection.cpp:1\x1b[m\x1b[K:\n'}
[0.942600] (tuw_hardware_trinamic_driver) StderrLine: {'line': b'\x1b[01m\x1b[K/usr/include/termios.h:66:12:\x1b[m\x1b[K \x1b[01;36m\x1b[Knote: \x1b[m\x1b[Kdeclared here\n'}
[0.942858] (tuw_hardware_trinamic_driver) StderrLine: {'line': b'   66 | extern int \x1b[01;36m\x1b[Ktcgetattr\x1b[m\x1b[K (int __fd, struct termios *__termios_p) __THROW;\n'}
[0.942993] (tuw_hardware_trinamic_driver) StderrLine: {'line': b'      |            \x1b[01;36m\x1b[K^~~~~~~~~\x1b[m\x1b[K\n'}
[0.943127] (tuw_hardware_trinamic_driver) StderrLine: {'line': b'In file included from \x1b[01m\x1b[K/home/coffee/Documents/Studium/TU/bachelorarbeit/tuw_hardware_interface/src/tuw_hardware_trinamic_driver/include/tuw_hardware_trinamic_driver/tuw_hardware_trinamic_connection.hpp:4\x1b[m\x1b[K:\n'}
[0.943263] (tuw_hardware_trinamic_driver) StderrLine: {'line': b'\x1b[01m\x1b[K/home/coffee/Documents/Studium/TU/bachelorarbeit/tuw_hardware_interface/src/tuw_hardware_trinamic_driver/include/tuw_hardware_trinamic_driver/tuw_hardware_trinamic_definitions.hpp:146:20:\x1b[m\x1b[K \x1b[01;31m\x1b[Kerror: \x1b[m\x1b[Kexpected unqualified-id before numeric constant\n'}
[0.943398] (tuw_hardware_trinamic_driver) StderrLine: {'line': b'  146 |     #define TARGET \x1b[01;31m\x1b[K1\x1b[m\x1b[K\n'}
[0.943558] (tuw_hardware_trinamic_driver) StderrLine: {'line': b'      |                    \x1b[01;31m\x1b[K^\x1b[m\x1b[K\n'}
[0.943694] (tuw_hardware_trinamic_driver) StderrLine: {'line': b'\x1b[01m\x1b[K/home/coffee/Documents/Studium/TU/bachelorarbeit/tuw_hardware_interface/src/tuw_hardware_trinamic_driver/src/tuw_hardware_trinamic_connection.cpp:76:46:\x1b[m\x1b[K \x1b[01;36m\x1b[Knote: \x1b[m\x1b[Kin expansion of macro \xe2\x80\x98\x1b[01m\x1b[KTARGET\x1b[m\x1b[K\xe2\x80\x99\n'}
[0.944409] (tuw_hardware_trinamic_driver) StderrLine: {'line': b'   76 |         command_message[tmcm1640_cmd_format::\x1b[01;36m\x1b[KTARGET\x1b[m\x1b[K] = TARGET;\n'}
[0.944606] (tuw_hardware_trinamic_driver) StderrLine: {'line': b'      |                                              \x1b[01;36m\x1b[K^~~~~~\x1b[m\x1b[K\n'}
[0.944750] (tuw_hardware_trinamic_driver) StderrLine: {'line': b'\x1b[01m\x1b[K/home/coffee/Documents/Studium/TU/bachelorarbeit/tuw_hardware_interface/src/tuw_hardware_trinamic_driver/src/tuw_hardware_trinamic_connection.cpp:76:44:\x1b[m\x1b[K \x1b[01;31m\x1b[Kerror: \x1b[m\x1b[Kexpected \xe2\x80\x98\x1b[01m\x1b[K]\x1b[m\x1b[K\xe2\x80\x99 before numeric constant\n'}
[0.944888] (tuw_hardware_trinamic_driver) StderrLine: {'line': b'   76 |         command_message[tmcm1640_cmd_format\x1b[01;31m\x1b[K:\x1b[m\x1b[K:TARGET] = TARGET;\n'}
[0.945018] (tuw_hardware_trinamic_driver) StderrLine: {'line': b'      |                                            \x1b[01;31m\x1b[K^\x1b[m\x1b[K\n'}
[0.945148] (tuw_hardware_trinamic_driver) StderrLine: {'line': b'      |                                            \x1b[32m\x1b[K]\x1b[m\x1b[K\n'}
[0.945274] (tuw_hardware_trinamic_driver) StderrLine: {'line': b'\x1b[01m\x1b[K/home/coffee/Documents/Studium/TU/bachelorarbeit/tuw_hardware_interface/src/tuw_hardware_trinamic_driver/src/tuw_hardware_trinamic_connection.cpp:77:24:\x1b[m\x1b[K \x1b[01;31m\x1b[Kerror: \x1b[m\x1b[Kno match for \xe2\x80\x98\x1b[01m\x1b[Koperator[]\x1b[m\x1b[K\xe2\x80\x99 (operand types are \xe2\x80\x98\x1b[01m\x1b[Kstd::array<unsigned char, 9>\x1b[m\x1b[K\xe2\x80\x99 and \xe2\x80\x98\x1b[01m\x1b[Ktmcm1640::tmcm1640_cmd_format\x1b[m\x1b[K\xe2\x80\x99)\n'}
[0.945410] (tuw_hardware_trinamic_driver) StderrLine: {'line': b'   77 |         command_message\x1b[01;31m\x1b[K[\x1b[m\x1b[Ktmcm1640_cmd_format::TYPE] = TYPE_DEFAULT;\n'}
[0.945555] (tuw_hardware_trinamic_driver) StderrLine: {'line': b'      |                        \x1b[01;31m\x1b[K^\x1b[m\x1b[K\n'}
[0.945681] (tuw_hardware_trinamic_driver) StderrLine: {'line': b'In file included from \x1b[01m\x1b[K/home/coffee/Documents/Studium/TU/bachelorarbeit/tuw_hardware_interface/src/tuw_hardware_trinamic_driver/include/tuw_hardware_trinamic_driver/tuw_hardware_trinamic_connection.hpp:13\x1b[m\x1b[K:\n'}
[0.945828] (tuw_hardware_trinamic_driver) StderrLine: {'line': b'\x1b[01m\x1b[K/usr/include/c++/13/array:200:7:\x1b[m\x1b[K \x1b[01;36m\x1b[Knote: \x1b[m\x1b[Kcandidate: \xe2\x80\x98\x1b[01m\x1b[Kconstexpr std::array<_Tp, _Nm>::value_type& std::array<_Tp, _Nm>::\x1b[01;32m\x1b[Koperator[]\x1b[m\x1b[K(size_type) \x1b[35m\x1b[K[with _Tp = unsigned char; long unsigned int _Nm = 9; reference = unsigned char&; size_type = long unsigned int]\x1b[m\x1b[K\x1b[m\x1b[K\xe2\x80\x99\n'}
[0.945963] (tuw_hardware_trinamic_driver) StderrLine: {'line': b'  200 |       \x1b[01;36m\x1b[Koperator\x1b[m\x1b[K[](size_type __n) noexcept\n'}
[0.946087] (tuw_hardware_trinamic_driver) StderrLine: {'line': b'      |       \x1b[01;36m\x1b[K^~~~~~~~\x1b[m\x1b[K\n'}
[0.946211] (tuw_hardware_trinamic_driver) StderrLine: {'line': b'\x1b[01m\x1b[K/usr/include/c++/13/array:200:28:\x1b[m\x1b[K \x1b[01;36m\x1b[Knote: \x1b[m\x1b[K  no known conversion for argument 1 from \xe2\x80\x98\x1b[01m\x1b[Ktmcm1640::tmcm1640_cmd_format\x1b[m\x1b[K\xe2\x80\x99 to \xe2\x80\x98\x1b[01m\x1b[Kstd::array<unsigned char, 9>::size_type\x1b[m\x1b[K\xe2\x80\x99 {aka \xe2\x80\x98\x1b[01m\x1b[Klong unsigned int\x1b[m\x1b[K\xe2\x80\x99}\n'}
[0.946354] (tuw_hardware_trinamic_driver) StderrLine: {'line': b'  200 |       operator[](\x1b[01;36m\x1b[Ksize_type __n\x1b[m\x1b[K) noexcept\n'}
[0.946499] (tuw_hardware_trinamic_driver) StderrLine: {'line': b'      |                  \x1b[01;36m\x1b[K~~~~~~~~~~^~~\x1b[m\x1b[K\n'}
[0.946629] (tuw_hardware_trinamic_driver) StderrLine: {'line': b'\x1b[01m\x1b[K/usr/include/c++/13/array:208:7:\x1b[m\x1b[K \x1b[01;36m\x1b[Knote: \x1b[m\x1b[Kcandidate: \xe2\x80\x98\x1b[01m\x1b[Kconstexpr const std::array<_Tp, _Nm>::value_type& std::array<_Tp, _Nm>::\x1b[01;32m\x1b[Koperator[]\x1b[m\x1b[K(size_type) const \x1b[35m\x1b[K[with _Tp = unsigned char; long unsigned int _Nm = 9; const_reference = const unsigned char&; size_type = long unsigned int]\x1b[m\x1b[K\x1b[m\x1b[K\xe2\x80\x99\n'}
[0.946765] (tuw_hardware_trinamic_driver) StderrLine: {'line': b'  208 |       \x1b[01;36m\x1b[Koperator\x1b[m\x1b[K[](size_type __n) const noexcept\n'}
[0.946887] (tuw_hardware_trinamic_driver) StderrLine: {'line': b'      |       \x1b[01;36m\x1b[K^~~~~~~~\x1b[m\x1b[K\n'}
[0.947008] (tuw_hardware_trinamic_driver) StderrLine: {'line': b'\x1b[01m\x1b[K/usr/include/c++/13/array:208:28:\x1b[m\x1b[K \x1b[01;36m\x1b[Knote: \x1b[m\x1b[K  no known conversion for argument 1 from \xe2\x80\x98\x1b[01m\x1b[Ktmcm1640::tmcm1640_cmd_format\x1b[m\x1b[K\xe2\x80\x99 to \xe2\x80\x98\x1b[01m\x1b[Kstd::array<unsigned char, 9>::size_type\x1b[m\x1b[K\xe2\x80\x99 {aka \xe2\x80\x98\x1b[01m\x1b[Klong unsigned int\x1b[m\x1b[K\xe2\x80\x99}\n'}
[0.947132] (tuw_hardware_trinamic_driver) StderrLine: {'line': b'  208 |       operator[](\x1b[01;36m\x1b[Ksize_type __n\x1b[m\x1b[K) const noexcept\n'}
[0.947252] (tuw_hardware_trinamic_driver) StderrLine: {'line': b'      |                  \x1b[01;36m\x1b[K~~~~~~~~~~^~~\x1b[m\x1b[K\n'}
[0.947371] (tuw_hardware_trinamic_driver) StderrLine: {'line': b'\x1b[01m\x1b[K/home/coffee/Documents/Studium/TU/bachelorarbeit/tuw_hardware_interface/src/tuw_hardware_trinamic_driver/src/tuw_hardware_trinamic_connection.cpp:78:24:\x1b[m\x1b[K \x1b[01;31m\x1b[Kerror: \x1b[m\x1b[Kno match for \xe2\x80\x98\x1b[01m\x1b[Koperator[]\x1b[m\x1b[K\xe2\x80\x99 (operand types are \xe2\x80\x98\x1b[01m\x1b[Kstd::array<unsigned char, 9>\x1b[m\x1b[K\xe2\x80\x99 and \xe2\x80\x98\x1b[01m\x1b[Ktmcm1640::tmcm1640_cmd_format\x1b[m\x1b[K\xe2\x80\x99)\n'}
[0.947514] (tuw_hardware_trinamic_driver) StderrLine: {'line': b'   78 |         command_message\x1b[01;31m\x1b[K[\x1b[m\x1b[Ktmcm1640_cmd_format::MOT_BANK] = MOTOR_NUMBER;\n'}
[0.947644] (tuw_hardware_trinamic_driver) StderrLine: {'line': b'      |                        \x1b[01;31m\x1b[K^\x1b[m\x1b[K\n'}
[0.947765] (tuw_hardware_trinamic_driver) StderrLine: {'line': b'\x1b[01m\x1b[K/usr/include/c++/13/array:200:7:\x1b[m\x1b[K \x1b[01;36m\x1b[Knote: \x1b[m\x1b[Kcandidate: \xe2\x80\x98\x1b[01m\x1b[Kconstexpr std::array<_Tp, _Nm>::value_type& std::array<_Tp, _Nm>::\x1b[01;32m\x1b[Koperator[]\x1b[m\x1b[K(size_type) \x1b[35m\x1b[K[with _Tp = unsigned char; long unsigned int _Nm = 9; reference = unsigned char&; size_type = long unsigned int]\x1b[m\x1b[K\x1b[m\x1b[K\xe2\x80\x99\n'}
[0.947905] (tuw_hardware_trinamic_driver) StderrLine: {'line': b'  200 |       \x1b[01;36m\x1b[Koperator\x1b[m\x1b[K[](size_type __n) noexcept\n'}
[0.948025] (tuw_hardware_trinamic_driver) StderrLine: {'line': b'      |       \x1b[01;36m\x1b[K^~~~~~~~\x1b[m\x1b[K\n'}
[0.948144] (tuw_hardware_trinamic_driver) StderrLine: {'line': b'\x1b[01m\x1b[K/usr/include/c++/13/array:200:28:\x1b[m\x1b[K \x1b[01;36m\x1b[Knote: \x1b[m\x1b[K  no known conversion for argument 1 from \xe2\x80\x98\x1b[01m\x1b[Ktmcm1640::tmcm1640_cmd_format\x1b[m\x1b[K\xe2\x80\x99 to \xe2\x80\x98\x1b[01m\x1b[Kstd::array<unsigned char, 9>::size_type\x1b[m\x1b[K\xe2\x80\x99 {aka \xe2\x80\x98\x1b[01m\x1b[Klong unsigned int\x1b[m\x1b[K\xe2\x80\x99}\n'}
[0.948267] (tuw_hardware_trinamic_driver) StderrLine: {'line': b'  200 |       operator[](\x1b[01;36m\x1b[Ksize_type __n\x1b[m\x1b[K) noexcept\n'}
[0.948386] (tuw_hardware_trinamic_driver) StderrLine: {'line': b'      |                  \x1b[01;36m\x1b[K~~~~~~~~~~^~~\x1b[m\x1b[K\n'}
[0.948520] (tuw_hardware_trinamic_driver) StderrLine: {'line': b'\x1b[01m\x1b[K/usr/include/c++/13/array:208:7:\x1b[m\x1b[K \x1b[01;36m\x1b[Knote: \x1b[m\x1b[Kcandidate: \xe2\x80\x98\x1b[01m\x1b[Kconstexpr const std::array<_Tp, _Nm>::value_type& std::array<_Tp, _Nm>::\x1b[01;32m\x1b[Koperator[]\x1b[m\x1b[K(size_type) const \x1b[35m\x1b[K[with _Tp = unsigned char; long unsigned int _Nm = 9; const_reference = const unsigned char&; size_type = long unsigned int]\x1b[m\x1b[K\x1b[m\x1b[K\xe2\x80\x99\n'}
[0.948655] (tuw_hardware_trinamic_driver) StderrLine: {'line': b'  208 |       \x1b[01;36m\x1b[Koperator\x1b[m\x1b[K[](size_type __n) const noexcept\n'}
[0.948775] (tuw_hardware_trinamic_driver) StderrLine: {'line': b'      |       \x1b[01;36m\x1b[K^~~~~~~~\x1b[m\x1b[K\n'}
[0.948895] (tuw_hardware_trinamic_driver) StderrLine: {'line': b'\x1b[01m\x1b[K/usr/include/c++/13/array:208:28:\x1b[m\x1b[K \x1b[01;36m\x1b[Knote: \x1b[m\x1b[K  no known conversion for argument 1 from \xe2\x80\x98\x1b[01m\x1b[Ktmcm1640::tmcm1640_cmd_format\x1b[m\x1b[K\xe2\x80\x99 to \xe2\x80\x98\x1b[01m\x1b[Kstd::array<unsigned char, 9>::size_type\x1b[m\x1b[K\xe2\x80\x99 {aka \xe2\x80\x98\x1b[01m\x1b[Klong unsigned int\x1b[m\x1b[K\xe2\x80\x99}\n'}
[0.949022] (tuw_hardware_trinamic_driver) StderrLine: {'line': b'  208 |       operator[](\x1b[01;36m\x1b[Ksize_type __n\x1b[m\x1b[K) const noexcept\n'}
[0.949143] (tuw_hardware_trinamic_driver) StderrLine: {'line': b'      |                  \x1b[01;36m\x1b[K~~~~~~~~~~^~~\x1b[m\x1b[K\n'}
[0.949263] (tuw_hardware_trinamic_driver) StderrLine: {'line': b'\x1b[01m\x1b[K/home/coffee/Documents/Studium/TU/bachelorarbeit/tuw_hardware_interface/src/tuw_hardware_trinamic_driver/src/tuw_hardware_trinamic_connection.cpp:79:24:\x1b[m\x1b[K \x1b[01;31m\x1b[Kerror: \x1b[m\x1b[Kno match for \xe2\x80\x98\x1b[01m\x1b[Koperator[]\x1b[m\x1b[K\xe2\x80\x99 (operand types are \xe2\x80\x98\x1b[01m\x1b[Kstd::array<unsigned char, 9>\x1b[m\x1b[K\xe2\x80\x99 and \xe2\x80\x98\x1b[01m\x1b[Ktmcm1640::tmcm1640_cmd_format\x1b[m\x1b[K\xe2\x80\x99)\n'}
[0.949395] (tuw_hardware_trinamic_driver) StderrLine: {'line': b'   79 |         command_message\x1b[01;31m\x1b[K[\x1b[m\x1b[Ktmcm1640_cmd_format::VALUE3] = VALUE_DEFAULT;\n'}
[0.949531] (tuw_hardware_trinamic_driver) StderrLine: {'line': b'      |                        \x1b[01;31m\x1b[K^\x1b[m\x1b[K\n'}
[0.949651] (tuw_hardware_trinamic_driver) StderrLine: {'line': b'\x1b[01m\x1b[K/usr/include/c++/13/array:200:7:\x1b[m\x1b[K \x1b[01;36m\x1b[Knote: \x1b[m\x1b[Kcandidate: \xe2\x80\x98\x1b[01m\x1b[Kconstexpr std::array<_Tp, _Nm>::value_type& std::array<_Tp, _Nm>::\x1b[01;32m\x1b[Koperator[]\x1b[m\x1b[K(size_type) \x1b[35m\x1b[K[with _Tp = unsigned char; long unsigned int _Nm = 9; reference = unsigned char&; size_type = long unsigned int]\x1b[m\x1b[K\x1b[m\x1b[K\xe2\x80\x99\n'}
[0.949787] (tuw_hardware_trinamic_driver) StderrLine: {'line': b'  200 |       \x1b[01;36m\x1b[Koperator\x1b[m\x1b[K[](size_type __n) noexcept\n'}
[0.949908] (tuw_hardware_trinamic_driver) StderrLine: {'line': b'      |       \x1b[01;36m\x1b[K^~~~~~~~\x1b[m\x1b[K\n'}
[0.950026] (tuw_hardware_trinamic_driver) StderrLine: {'line': b'\x1b[01m\x1b[K/usr/include/c++/13/array:200:28:\x1b[m\x1b[K \x1b[01;36m\x1b[Knote: \x1b[m\x1b[K  no known conversion for argument 1 from \xe2\x80\x98\x1b[01m\x1b[Ktmcm1640::tmcm1640_cmd_format\x1b[m\x1b[K\xe2\x80\x99 to \xe2\x80\x98\x1b[01m\x1b[Kstd::array<unsigned char, 9>::size_type\x1b[m\x1b[K\xe2\x80\x99 {aka \xe2\x80\x98\x1b[01m\x1b[Klong unsigned int\x1b[m\x1b[K\xe2\x80\x99}\n'}
[0.950148] (tuw_hardware_trinamic_driver) StderrLine: {'line': b'  200 |       operator[](\x1b[01;36m\x1b[Ksize_type __n\x1b[m\x1b[K) noexcept\n'}
[0.950268] (tuw_hardware_trinamic_driver) StderrLine: {'line': b'      |                  \x1b[01;36m\x1b[K~~~~~~~~~~^~~\x1b[m\x1b[K\n'}
[0.950388] (tuw_hardware_trinamic_driver) StderrLine: {'line': b'\x1b[01m\x1b[K/usr/include/c++/13/array:208:7:\x1b[m\x1b[K \x1b[01;36m\x1b[Knote: \x1b[m\x1b[Kcandidate: \xe2\x80\x98\x1b[01m\x1b[Kconstexpr const std::array<_Tp, _Nm>::value_type& std::array<_Tp, _Nm>::\x1b[01;32m\x1b[Koperator[]\x1b[m\x1b[K(size_type) const \x1b[35m\x1b[K[with _Tp = unsigned char; long unsigned int _Nm = 9; const_reference = const unsigned char&; size_type = long unsigned int]\x1b[m\x1b[K\x1b[m\x1b[K\xe2\x80\x99\n'}
[0.950541] (tuw_hardware_trinamic_driver) StderrLine: {'line': b'  208 |       \x1b[01;36m\x1b[Koperator\x1b[m\x1b[K[](size_type __n) const noexcept\n'}
[0.950672] (tuw_hardware_trinamic_driver) StderrLine: {'line': b'      |       \x1b[01;36m\x1b[K^~~~~~~~\x1b[m\x1b[K\n'}
[0.950851] (tuw_hardware_trinamic_driver) StderrLine: {'line': b'\x1b[01m\x1b[K/usr/include/c++/13/array:208:28:\x1b[m\x1b[K \x1b[01;36m\x1b[Knote: \x1b[m\x1b[K  no known conversion for argument 1 from \xe2\x80\x98\x1b[01m\x1b[Ktmcm1640::tmcm1640_cmd_format\x1b[m\x1b[K\xe2\x80\x99 to \xe2\x80\x98\x1b[01m\x1b[Kstd::array<unsigned char, 9>::size_type\x1b[m\x1b[K\xe2\x80\x99 {aka \xe2\x80\x98\x1b[01m\x1b[Klong unsigned int\x1b[m\x1b[K\xe2\x80\x99}\n'}
[0.950995] (tuw_hardware_trinamic_driver) StderrLine: {'line': b'  208 |       operator[](\x1b[01;36m\x1b[Ksize_type __n\x1b[m\x1b[K) const noexcept\n'}
[0.951115] (tuw_hardware_trinamic_driver) StderrLine: {'line': b'      |                  \x1b[01;36m\x1b[K~~~~~~~~~~^~~\x1b[m\x1b[K\n'}
[0.951236] (tuw_hardware_trinamic_driver) StderrLine: {'line': b'\x1b[01m\x1b[K/home/coffee/Documents/Studium/TU/bachelorarbeit/tuw_hardware_interface/src/tuw_hardware_trinamic_driver/src/tuw_hardware_trinamic_connection.cpp:80:24:\x1b[m\x1b[K \x1b[01;31m\x1b[Kerror: \x1b[m\x1b[Kno match for \xe2\x80\x98\x1b[01m\x1b[Koperator[]\x1b[m\x1b[K\xe2\x80\x99 (operand types are \xe2\x80\x98\x1b[01m\x1b[Kstd::array<unsigned char, 9>\x1b[m\x1b[K\xe2\x80\x99 and \xe2\x80\x98\x1b[01m\x1b[Ktmcm1640::tmcm1640_cmd_format\x1b[m\x1b[K\xe2\x80\x99)\n'}
[0.951359] (tuw_hardware_trinamic_driver) StderrLine: {'line': b'   80 |         command_message\x1b[01;31m\x1b[K[\x1b[m\x1b[Ktmcm1640_cmd_format::VALUE2] = VALUE_DEFAULT;\n'}
[0.951493] (tuw_hardware_trinamic_driver) StderrLine: {'line': b'      |                        \x1b[01;31m\x1b[K^\x1b[m\x1b[K\n'}
[0.951617] (tuw_hardware_trinamic_driver) StderrLine: {'line': b'\x1b[01m\x1b[K/usr/include/c++/13/array:200:7:\x1b[m\x1b[K \x1b[01;36m\x1b[Knote: \x1b[m\x1b[Kcandidate: \xe2\x80\x98\x1b[01m\x1b[Kconstexpr std::array<_Tp, _Nm>::value_type& std::array<_Tp, _Nm>::\x1b[01;32m\x1b[Koperator[]\x1b[m\x1b[K(size_type) \x1b[35m\x1b[K[with _Tp = unsigned char; long unsigned int _Nm = 9; reference = unsigned char&; size_type = long unsigned int]\x1b[m\x1b[K\x1b[m\x1b[K\xe2\x80\x99\n'}
[0.951740] (tuw_hardware_trinamic_driver) StderrLine: {'line': b'  200 |       \x1b[01;36m\x1b[Koperator\x1b[m\x1b[K[](size_type __n) noexcept\n'}
[0.951859] (tuw_hardware_trinamic_driver) StderrLine: {'line': b'      |       \x1b[01;36m\x1b[K^~~~~~~~\x1b[m\x1b[K\n'}
[0.951980] (tuw_hardware_trinamic_driver) StderrLine: {'line': b'\x1b[01m\x1b[K/usr/include/c++/13/array:200:28:\x1b[m\x1b[K \x1b[01;36m\x1b[Knote: \x1b[m\x1b[K  no known conversion for argument 1 from \xe2\x80\x98\x1b[01m\x1b[Ktmcm1640::tmcm1640_cmd_format\x1b[m\x1b[K\xe2\x80\x99 to \xe2\x80\x98\x1b[01m\x1b[Kstd::array<unsigned char, 9>::size_type\x1b[m\x1b[K\xe2\x80\x99 {aka \xe2\x80\x98\x1b[01m\x1b[Klong unsigned int\x1b[m\x1b[K\xe2\x80\x99}\n'}
[0.952102] (tuw_hardware_trinamic_driver) StderrLine: {'line': b'  200 |       operator[](\x1b[01;36m\x1b[Ksize_type __n\x1b[m\x1b[K) noexcept\n'}
[0.952222] (tuw_hardware_trinamic_driver) StderrLine: {'line': b'      |                  \x1b[01;36m\x1b[K~~~~~~~~~~^~~\x1b[m\x1b[K\n'}
[0.952340] (tuw_hardware_trinamic_driver) StderrLine: {'line': b'\x1b[01m\x1b[K/usr/include/c++/13/array:208:7:\x1b[m\x1b[K \x1b[01;36m\x1b[Knote: \x1b[m\x1b[Kcandidate: \xe2\x80\x98\x1b[01m\x1b[Kconstexpr const std::array<_Tp, _Nm>::value_type& std::array<_Tp, _Nm>::\x1b[01;32m\x1b[Koperator[]\x1b[m\x1b[K(size_type) const \x1b[35m\x1b[K[with _Tp = unsigned char; long unsigned int _Nm = 9; const_reference = const unsigned char&; size_type = long unsigned int]\x1b[m\x1b[K\x1b[m\x1b[K\xe2\x80\x99\n'}
[0.952493] (tuw_hardware_trinamic_driver) StderrLine: {'line': b'  208 |       \x1b[01;36m\x1b[Koperator\x1b[m\x1b[K[](size_type __n) const noexcept\n'}
[0.952622] (tuw_hardware_trinamic_driver) StderrLine: {'line': b'      |       \x1b[01;36m\x1b[K^~~~~~~~\x1b[m\x1b[K\n'}
[0.952742] (tuw_hardware_trinamic_driver) StderrLine: {'line': b'\x1b[01m\x1b[K/usr/include/c++/13/array:208:28:\x1b[m\x1b[K \x1b[01;36m\x1b[Knote: \x1b[m\x1b[K  no known conversion for argument 1 from \xe2\x80\x98\x1b[01m\x1b[Ktmcm1640::tmcm1640_cmd_format\x1b[m\x1b[K\xe2\x80\x99 to \xe2\x80\x98\x1b[01m\x1b[Kstd::array<unsigned char, 9>::size_type\x1b[m\x1b[K\xe2\x80\x99 {aka \xe2\x80\x98\x1b[01m\x1b[Klong unsigned int\x1b[m\x1b[K\xe2\x80\x99}\n'}
[0.952872] (tuw_hardware_trinamic_driver) StderrLine: {'line': b'  208 |       operator[](\x1b[01;36m\x1b[Ksize_type __n\x1b[m\x1b[K) const noexcept\n'}
[0.952992] (tuw_hardware_trinamic_driver) StderrLine: {'line': b'      |                  \x1b[01;36m\x1b[K~~~~~~~~~~^~~\x1b[m\x1b[K\n'}
[0.953112] (tuw_hardware_trinamic_driver) StderrLine: {'line': b'\x1b[01m\x1b[K/home/coffee/Documents/Studium/TU/bachelorarbeit/tuw_hardware_interface/src/tuw_hardware_trinamic_driver/src/tuw_hardware_trinamic_connection.cpp:81:24:\x1b[m\x1b[K \x1b[01;31m\x1b[Kerror: \x1b[m\x1b[Kno match for \xe2\x80\x98\x1b[01m\x1b[Koperator[]\x1b[m\x1b[K\xe2\x80\x99 (operand types are \xe2\x80\x98\x1b[01m\x1b[Kstd::array<unsigned char, 9>\x1b[m\x1b[K\xe2\x80\x99 and \xe2\x80\x98\x1b[01m\x1b[Ktmcm1640::tmcm1640_cmd_format\x1b[m\x1b[K\xe2\x80\x99)\n'}
[0.953243] (tuw_hardware_trinamic_driver) StderrLine: {'line': b'   81 |         command_message\x1b[01;31m\x1b[K[\x1b[m\x1b[Ktmcm1640_cmd_format::VALUE1] = VALUE_DEFAULT;\n'}
[0.953364] (tuw_hardware_trinamic_driver) StderrLine: {'line': b'      |                        \x1b[01;31m\x1b[K^\x1b[m\x1b[K\n'}
[0.953510] (tuw_hardware_trinamic_driver) StderrLine: {'line': b'\x1b[01m\x1b[K/usr/include/c++/13/array:200:7:\x1b[m\x1b[K \x1b[01;36m\x1b[Knote: \x1b[m\x1b[Kcandidate: \xe2\x80\x98\x1b[01m\x1b[Kconstexpr std::array<_Tp, _Nm>::value_type& std::array<_Tp, _Nm>::\x1b[01;32m\x1b[Koperator[]\x1b[m\x1b[K(size_type) \x1b[35m\x1b[K[with _Tp = unsigned char; long unsigned int _Nm = 9; reference = unsigned char&; size_type = long unsigned int]\x1b[m\x1b[K\x1b[m\x1b[K\xe2\x80\x99\n'}
[0.953649] (tuw_hardware_trinamic_driver) StderrLine: {'line': b'  200 |       \x1b[01;36m\x1b[Koperator\x1b[m\x1b[K[](size_type __n) noexcept\n'}
[0.953768] (tuw_hardware_trinamic_driver) StderrLine: {'line': b'      |       \x1b[01;36m\x1b[K^~~~~~~~\x1b[m\x1b[K\n'}
[0.953887] (tuw_hardware_trinamic_driver) StderrLine: {'line': b'\x1b[01m\x1b[K/usr/include/c++/13/array:200:28:\x1b[m\x1b[K \x1b[01;36m\x1b[Knote: \x1b[m\x1b[K  no known conversion for argument 1 from \xe2\x80\x98\x1b[01m\x1b[Ktmcm1640::tmcm1640_cmd_format\x1b[m\x1b[K\xe2\x80\x99 to \xe2\x80\x98\x1b[01m\x1b[Kstd::array<unsigned char, 9>::size_type\x1b[m\x1b[K\xe2\x80\x99 {aka \xe2\x80\x98\x1b[01m\x1b[Klong unsigned int\x1b[m\x1b[K\xe2\x80\x99}\n'}
[0.954011] (tuw_hardware_trinamic_driver) StderrLine: {'line': b'  200 |       operator[](\x1b[01;36m\x1b[Ksize_type __n\x1b[m\x1b[K) noexcept\n'}
[0.954129] (tuw_hardware_trinamic_driver) StderrLine: {'line': b'      |                  \x1b[01;36m\x1b[K~~~~~~~~~~^~~\x1b[m\x1b[K\n'}
[0.954247] (tuw_hardware_trinamic_driver) StderrLine: {'line': b'\x1b[01m\x1b[K/usr/include/c++/13/array:208:7:\x1b[m\x1b[K \x1b[01;36m\x1b[Knote: \x1b[m\x1b[Kcandidate: \xe2\x80\x98\x1b[01m\x1b[Kconstexpr const std::array<_Tp, _Nm>::value_type& std::array<_Tp, _Nm>::\x1b[01;32m\x1b[Koperator[]\x1b[m\x1b[K(size_type) const \x1b[35m\x1b[K[with _Tp = unsigned char; long unsigned int _Nm = 9; const_reference = const unsigned char&; size_type = long unsigned int]\x1b[m\x1b[K\x1b[m\x1b[K\xe2\x80\x99\n'}
[0.954370] (tuw_hardware_trinamic_driver) StderrLine: {'line': b'  208 |       \x1b[01;36m\x1b[Koperator\x1b[m\x1b[K[](size_type __n) const noexcept\n'}
[0.954504] (tuw_hardware_trinamic_driver) StderrLine: {'line': b'      |       \x1b[01;36m\x1b[K^~~~~~~~\x1b[m\x1b[K\n'}
[0.954628] (tuw_hardware_trinamic_driver) StderrLine: {'line': b'\x1b[01m\x1b[K/usr/include/c++/13/array:208:28:\x1b[m\x1b[K \x1b[01;36m\x1b[Knote: \x1b[m\x1b[K  no known conversion for argument 1 from \xe2\x80\x98\x1b[01m\x1b[Ktmcm1640::tmcm1640_cmd_format\x1b[m\x1b[K\xe2\x80\x99 to \xe2\x80\x98\x1b[01m\x1b[Kstd::array<unsigned char, 9>::size_type\x1b[m\x1b[K\xe2\x80\x99 {aka \xe2\x80\x98\x1b[01m\x1b[Klong unsigned int\x1b[m\x1b[K\xe2\x80\x99}\n'}
[0.954760] (tuw_hardware_trinamic_driver) StderrLine: {'line': b'  208 |       operator[](\x1b[01;36m\x1b[Ksize_type __n\x1b[m\x1b[K) const noexcept\n'}
[0.954880] (tuw_hardware_trinamic_driver) StderrLine: {'line': b'      |                  \x1b[01;36m\x1b[K~~~~~~~~~~^~~\x1b[m\x1b[K\n'}
[0.955000] (tuw_hardware_trinamic_driver) StderrLine: {'line': b'\x1b[01m\x1b[K/home/coffee/Documents/Studium/TU/bachelorarbeit/tuw_hardware_interface/src/tuw_hardware_trinamic_driver/src/tuw_hardware_trinamic_connection.cpp:82:24:\x1b[m\x1b[K \x1b[01;31m\x1b[Kerror: \x1b[m\x1b[Kno match for \xe2\x80\x98\x1b[01m\x1b[Koperator[]\x1b[m\x1b[K\xe2\x80\x99 (operand types are \xe2\x80\x98\x1b[01m\x1b[Kstd::array<unsigned char, 9>\x1b[m\x1b[K\xe2\x80\x99 and \xe2\x80\x98\x1b[01m\x1b[Ktmcm1640::tmcm1640_cmd_format\x1b[m\x1b[K\xe2\x80\x99)\n'}
[0.955132] (tuw_hardware_trinamic_driver) StderrLine: {'line': b'   82 |         command_message\x1b[01;31m\x1b[K[\x1b[m\x1b[Ktmcm1640_cmd_format::VALUE0] = VALUE_DEFAULT;\n'}
[0.955252] (tuw_hardware_trinamic_driver) StderrLine: {'line': b'      |                        \x1b[01;31m\x1b[K^\x1b[m\x1b[K\n'}
[0.955372] (tuw_hardware_trinamic_driver) StderrLine: {'line': b'\x1b[01m\x1b[K/usr/include/c++/13/array:200:7:\x1b[m\x1b[K \x1b[01;36m\x1b[Knote: \x1b[m\x1b[Kcandidate: \xe2\x80\x98\x1b[01m\x1b[Kconstexpr std::array<_Tp, _Nm>::value_type& std::array<_Tp, _Nm>::\x1b[01;32m\x1b[Koperator[]\x1b[m\x1b[K(size_type) \x1b[35m\x1b[K[with _Tp = unsigned char; long unsigned int _Nm = 9; reference = unsigned char&; size_type = long unsigned int]\x1b[m\x1b[K\x1b[m\x1b[K\xe2\x80\x99\n'}
[0.955825] (tuw_hardware_trinamic_driver) StderrLine: {'line': b'  200 |       \x1b[01;36m\x1b[Koperator\x1b[m\x1b[K[](size_type __n) noexcept\n'}
[0.955993] (tuw_hardware_trinamic_driver) StderrLine: {'line': b'      |       \x1b[01;36m\x1b[K^~~~~~~~\x1b[m\x1b[K\n'}
[0.956112] (tuw_hardware_trinamic_driver) StderrLine: {'line': b'\x1b[01m\x1b[K/usr/include/c++/13/array:200:28:\x1b[m\x1b[K \x1b[01;36m\x1b[Knote: \x1b[m\x1b[K  no known conversion for argument 1 from \xe2\x80\x98\x1b[01m\x1b[Ktmcm1640::tmcm1640_cmd_format\x1b[m\x1b[K\xe2\x80\x99 to \xe2\x80\x98\x1b[01m\x1b[Kstd::array<unsigned char, 9>::size_type\x1b[m\x1b[K\xe2\x80\x99 {aka \xe2\x80\x98\x1b[01m\x1b[Klong unsigned int\x1b[m\x1b[K\xe2\x80\x99}\n'}
[0.956221] (tuw_hardware_trinamic_driver) StderrLine: {'line': b'  200 |       operator[](\x1b[01;36m\x1b[Ksize_type __n\x1b[m\x1b[K) noexcept\n'}
[0.956316] (tuw_hardware_trinamic_driver) StderrLine: {'line': b'      |                  \x1b[01;36m\x1b[K~~~~~~~~~~^~~\x1b[m\x1b[K\n'}
[0.956409] (tuw_hardware_trinamic_driver) StderrLine: {'line': b'\x1b[01m\x1b[K/usr/include/c++/13/array:208:7:\x1b[m\x1b[K \x1b[01;36m\x1b[Knote: \x1b[m\x1b[Kcandidate: \xe2\x80\x98\x1b[01m\x1b[Kconstexpr const std::array<_Tp, _Nm>::value_type& std::array<_Tp, _Nm>::\x1b[01;32m\x1b[Koperator[]\x1b[m\x1b[K(size_type) const \x1b[35m\x1b[K[with _Tp = unsigned char; long unsigned int _Nm = 9; const_reference = const unsigned char&; size_type = long unsigned int]\x1b[m\x1b[K\x1b[m\x1b[K\xe2\x80\x99\n'}
[0.956539] (tuw_hardware_trinamic_driver) StderrLine: {'line': b'  208 |       \x1b[01;36m\x1b[Koperator\x1b[m\x1b[K[](size_type __n) const noexcept\n'}
[0.956633] (tuw_hardware_trinamic_driver) StderrLine: {'line': b'      |       \x1b[01;36m\x1b[K^~~~~~~~\x1b[m\x1b[K\n'}
[0.956719] (tuw_hardware_trinamic_driver) StderrLine: {'line': b'\x1b[01m\x1b[K/usr/include/c++/13/array:208:28:\x1b[m\x1b[K \x1b[01;36m\x1b[Knote: \x1b[m\x1b[K  no known conversion for argument 1 from \xe2\x80\x98\x1b[01m\x1b[Ktmcm1640::tmcm1640_cmd_format\x1b[m\x1b[K\xe2\x80\x99 to \xe2\x80\x98\x1b[01m\x1b[Kstd::array<unsigned char, 9>::size_type\x1b[m\x1b[K\xe2\x80\x99 {aka \xe2\x80\x98\x1b[01m\x1b[Klong unsigned int\x1b[m\x1b[K\xe2\x80\x99}\n'}
[0.956830] (tuw_hardware_trinamic_driver) StderrLine: {'line': b'  208 |       operator[](\x1b[01;36m\x1b[Ksize_type __n\x1b[m\x1b[K) const noexcept\n'}
[0.956921] (tuw_hardware_trinamic_driver) StderrLine: {'line': b'      |                  \x1b[01;36m\x1b[K~~~~~~~~~~^~~\x1b[m\x1b[K\n'}
[0.957013] (tuw_hardware_trinamic_driver) StderrLine: {'line': b'\x1b[01m\x1b[K/home/coffee/Documents/Studium/TU/bachelorarbeit/tuw_hardware_interface/src/tuw_hardware_trinamic_driver/src/tuw_hardware_trinamic_connection.cpp:\x1b[m\x1b[K In member function \xe2\x80\x98\x1b[01m\x1b[Kint32_t tmcm1640::TMCM1640Connection::\x1b[01;32m\x1b[Kcommunicate\x1b[m\x1b[K(tmcm1640::tmcm1640_cmd, int, int)\x1b[m\x1b[K\xe2\x80\x99:\n'}
[0.957116] (tuw_hardware_trinamic_driver) StderrLine: {'line': b'\x1b[01m\x1b[K/home/coffee/Documents/Studium/TU/bachelorarbeit/tuw_hardware_interface/src/tuw_hardware_trinamic_driver/src/tuw_hardware_trinamic_connection.cpp:100:24:\x1b[m\x1b[K \x1b[01;31m\x1b[Kerror: \x1b[m\x1b[Kno match for \xe2\x80\x98\x1b[01m\x1b[Koperator[]\x1b[m\x1b[K\xe2\x80\x99 (operand types are \xe2\x80\x98\x1b[01m\x1b[Kstd::array<unsigned char, 9>\x1b[m\x1b[K\xe2\x80\x99 and \xe2\x80\x98\x1b[01m\x1b[Ktmcm1640::tmcm1640_cmd_format\x1b[m\x1b[K\xe2\x80\x99)\n'}
[0.957210] (tuw_hardware_trinamic_driver) StderrLine: {'line': b'  100 |         command_message\x1b[01;31m\x1b[K[\x1b[m\x1b[Ktmcm1640_cmd_format::CMD] = cmd;\n'}
[0.957300] (tuw_hardware_trinamic_driver) StderrLine: {'line': b'      |                        \x1b[01;31m\x1b[K^\x1b[m\x1b[K\n'}
[0.957389] (tuw_hardware_trinamic_driver) StderrLine: {'line': b'\x1b[01m\x1b[K/usr/include/c++/13/array:200:7:\x1b[m\x1b[K \x1b[01;36m\x1b[Knote: \x1b[m\x1b[Kcandidate: \xe2\x80\x98\x1b[01m\x1b[Kconstexpr std::array<_Tp, _Nm>::value_type& std::array<_Tp, _Nm>::\x1b[01;32m\x1b[Koperator[]\x1b[m\x1b[K(size_type) \x1b[35m\x1b[K[with _Tp = unsigned char; long unsigned int _Nm = 9; reference = unsigned char&; size_type = long unsigned int]\x1b[m\x1b[K\x1b[m\x1b[K\xe2\x80\x99\n'}
[0.957501] (tuw_hardware_trinamic_driver) StderrLine: {'line': b'  200 |       \x1b[01;36m\x1b[Koperator\x1b[m\x1b[K[](size_type __n) noexcept\n'}
[0.957591] (tuw_hardware_trinamic_driver) StderrLine: {'line': b'      |       \x1b[01;36m\x1b[K^~~~~~~~\x1b[m\x1b[K\n'}
[0.957678] (tuw_hardware_trinamic_driver) StderrLine: {'line': b'\x1b[01m\x1b[K/usr/include/c++/13/array:200:28:\x1b[m\x1b[K \x1b[01;36m\x1b[Knote: \x1b[m\x1b[K  no known conversion for argument 1 from \xe2\x80\x98\x1b[01m\x1b[Ktmcm1640::tmcm1640_cmd_format\x1b[m\x1b[K\xe2\x80\x99 to \xe2\x80\x98\x1b[01m\x1b[Kstd::array<unsigned char, 9>::size_type\x1b[m\x1b[K\xe2\x80\x99 {aka \xe2\x80\x98\x1b[01m\x1b[Klong unsigned int\x1b[m\x1b[K\xe2\x80\x99}\n'}
[0.957772] (tuw_hardware_trinamic_driver) StderrLine: {'line': b'  200 |       operator[](\x1b[01;36m\x1b[Ksize_type __n\x1b[m\x1b[K) noexcept\n'}
[0.957861] (tuw_hardware_trinamic_driver) StderrLine: {'line': b'      |                  \x1b[01;36m\x1b[K~~~~~~~~~~^~~\x1b[m\x1b[K\n'}
[0.957949] (tuw_hardware_trinamic_driver) StderrLine: {'line': b'\x1b[01m\x1b[K/usr/include/c++/13/array:208:7:\x1b[m\x1b[K \x1b[01;36m\x1b[Knote: \x1b[m\x1b[Kcandidate: \xe2\x80\x98\x1b[01m\x1b[Kconstexpr const std::array<_Tp, _Nm>::value_type& std::array<_Tp, _Nm>::\x1b[01;32m\x1b[Koperator[]\x1b[m\x1b[K(size_type) const \x1b[35m\x1b[K[with _Tp = unsigned char; long unsigned int _Nm = 9; const_reference = const unsigned char&; size_type = long unsigned int]\x1b[m\x1b[K\x1b[m\x1b[K\xe2\x80\x99\n'}
[0.958039] (tuw_hardware_trinamic_driver) StderrLine: {'line': b'  208 |       \x1b[01;36m\x1b[Koperator\x1b[m\x1b[K[](size_type __n) const noexcept\n'}
[0.958122] (tuw_hardware_trinamic_driver) StderrLine: {'line': b'      |       \x1b[01;36m\x1b[K^~~~~~~~\x1b[m\x1b[K\n'}
[0.958207] (tuw_hardware_trinamic_driver) StderrLine: {'line': b'\x1b[01m\x1b[K/usr/include/c++/13/array:208:28:\x1b[m\x1b[K \x1b[01;36m\x1b[Knote: \x1b[m\x1b[K  no known conversion for argument 1 from \xe2\x80\x98\x1b[01m\x1b[Ktmcm1640::tmcm1640_cmd_format\x1b[m\x1b[K\xe2\x80\x99 to \xe2\x80\x98\x1b[01m\x1b[Kstd::array<unsigned char, 9>::size_type\x1b[m\x1b[K\xe2\x80\x99 {aka \xe2\x80\x98\x1b[01m\x1b[Klong unsigned int\x1b[m\x1b[K\xe2\x80\x99}\n'}
[0.958299] (tuw_hardware_trinamic_driver) StderrLine: {'line': b'  208 |       operator[](\x1b[01;36m\x1b[Ksize_type __n\x1b[m\x1b[K) const noexcept\n'}
[0.958387] (tuw_hardware_trinamic_driver) StderrLine: {'line': b'      |                  \x1b[01;36m\x1b[K~~~~~~~~~~^~~\x1b[m\x1b[K\n'}
[0.958499] (tuw_hardware_trinamic_driver) StderrLine: {'line': b'\x1b[01m\x1b[K/home/coffee/Documents/Studium/TU/bachelorarbeit/tuw_hardware_interface/src/tuw_hardware_trinamic_driver/src/tuw_hardware_trinamic_connection.cpp:101:24:\x1b[m\x1b[K \x1b[01;31m\x1b[Kerror: \x1b[m\x1b[Kno match for \xe2\x80\x98\x1b[01m\x1b[Koperator[]\x1b[m\x1b[K\xe2\x80\x99 (operand types are \xe2\x80\x98\x1b[01m\x1b[Kstd::array<unsigned char, 9>\x1b[m\x1b[K\xe2\x80\x99 and \xe2\x80\x98\x1b[01m\x1b[Ktmcm1640::tmcm1640_cmd_format\x1b[m\x1b[K\xe2\x80\x99)\n'}
[0.958606] (tuw_hardware_trinamic_driver) StderrLine: {'line': b'  101 |         command_message\x1b[01;31m\x1b[K[\x1b[m\x1b[Ktmcm1640_cmd_format::TYPE] = type;\n'}
[0.958702] (tuw_hardware_trinamic_driver) StderrLine: {'line': b'      |                        \x1b[01;31m\x1b[K^\x1b[m\x1b[K\n'}
[0.958798] (tuw_hardware_trinamic_driver) StderrLine: {'line': b'\x1b[01m\x1b[K/usr/include/c++/13/array:200:7:\x1b[m\x1b[K \x1b[01;36m\x1b[Knote: \x1b[m\x1b[Kcandidate: \xe2\x80\x98\x1b[01m\x1b[Kconstexpr std::array<_Tp, _Nm>::value_type& std::array<_Tp, _Nm>::\x1b[01;32m\x1b[Koperator[]\x1b[m\x1b[K(size_type) \x1b[35m\x1b[K[with _Tp = unsigned char; long unsigned int _Nm = 9; reference = unsigned char&; size_type = long unsigned int]\x1b[m\x1b[K\x1b[m\x1b[K\xe2\x80\x99\n'}
[0.958897] (tuw_hardware_trinamic_driver) StderrLine: {'line': b'  200 |       \x1b[01;36m\x1b[Koperator\x1b[m\x1b[K[](size_type __n) noexcept\n'}
[0.958992] (tuw_hardware_trinamic_driver) StderrLine: {'line': b'      |       \x1b[01;36m\x1b[K^~~~~~~~\x1b[m\x1b[K\n'}
[0.959079] (tuw_hardware_trinamic_driver) StderrLine: {'line': b'\x1b[01m\x1b[K/usr/include/c++/13/array:200:28:\x1b[m\x1b[K \x1b[01;36m\x1b[Knote: \x1b[m\x1b[K  no known conversion for argument 1 from \xe2\x80\x98\x1b[01m\x1b[Ktmcm1640::tmcm1640_cmd_format\x1b[m\x1b[K\xe2\x80\x99 to \xe2\x80\x98\x1b[01m\x1b[Kstd::array<unsigned char, 9>::size_type\x1b[m\x1b[K\xe2\x80\x99 {aka \xe2\x80\x98\x1b[01m\x1b[Klong unsigned int\x1b[m\x1b[K\xe2\x80\x99}\n'}
[0.959172] (tuw_hardware_trinamic_driver) StderrLine: {'line': b'  200 |       operator[](\x1b[01;36m\x1b[Ksize_type __n\x1b[m\x1b[K) noexcept\n'}
[0.959263] (tuw_hardware_trinamic_driver) StderrLine: {'line': b'      |                  \x1b[01;36m\x1b[K~~~~~~~~~~^~~\x1b[m\x1b[K\n'}
[0.959352] (tuw_hardware_trinamic_driver) StderrLine: {'line': b'\x1b[01m\x1b[K/usr/include/c++/13/array:208:7:\x1b[m\x1b[K \x1b[01;36m\x1b[Knote: \x1b[m\x1b[Kcandidate: \xe2\x80\x98\x1b[01m\x1b[Kconstexpr const std::array<_Tp, _Nm>::value_type& std::array<_Tp, _Nm>::\x1b[01;32m\x1b[Koperator[]\x1b[m\x1b[K(size_type) const \x1b[35m\x1b[K[with _Tp = unsigned char; long unsigned int _Nm = 9; const_reference = const unsigned char&; size_type = long unsigned int]\x1b[m\x1b[K\x1b[m\x1b[K\xe2\x80\x99\n'}
[0.959459] (tuw_hardware_trinamic_driver) StderrLine: {'line': b'  208 |       \x1b[01;36m\x1b[Koperator\x1b[m\x1b[K[](size_type __n) const noexcept\n'}
[0.959553] (tuw_hardware_trinamic_driver) StderrLine: {'line': b'      |       \x1b[01;36m\x1b[K^~~~~~~~\x1b[m\x1b[K\n'}
[0.959644] (tuw_hardware_trinamic_driver) StderrLine: {'line': b'\x1b[01m\x1b[K/usr/include/c++/13/array:208:28:\x1b[m\x1b[K \x1b[01;36m\x1b[Knote: \x1b[m\x1b[K  no known conversion for argument 1 from \xe2\x80\x98\x1b[01m\x1b[Ktmcm1640::tmcm1640_cmd_format\x1b[m\x1b[K\xe2\x80\x99 to \xe2\x80\x98\x1b[01m\x1b[Kstd::array<unsigned char, 9>::size_type\x1b[m\x1b[K\xe2\x80\x99 {aka \xe2\x80\x98\x1b[01m\x1b[Klong unsigned int\x1b[m\x1b[K\xe2\x80\x99}\n'}
[0.959739] (tuw_hardware_trinamic_driver) StderrLine: {'line': b'  208 |       operator[](\x1b[01;36m\x1b[Ksize_type __n\x1b[m\x1b[K) const noexcept\n'}
[0.959833] (tuw_hardware_trinamic_driver) StderrLine: {'line': b'      |                  \x1b[01;36m\x1b[K~~~~~~~~~~^~~\x1b[m\x1b[K\n'}
[0.959933] (tuw_hardware_trinamic_driver) StderrLine: {'line': b'\x1b[01m\x1b[K/home/coffee/Documents/Studium/TU/bachelorarbeit/tuw_hardware_interface/src/tuw_hardware_trinamic_driver/src/tuw_hardware_trinamic_connection.cpp:102:24:\x1b[m\x1b[K \x1b[01;31m\x1b[Kerror: \x1b[m\x1b[Kno match for \xe2\x80\x98\x1b[01m\x1b[Koperator[]\x1b[m\x1b[K\xe2\x80\x99 (operand types are \xe2\x80\x98\x1b[01m\x1b[Kstd::array<unsigned char, 9>\x1b[m\x1b[K\xe2\x80\x99 and \xe2\x80\x98\x1b[01m\x1b[Ktmcm1640::tmcm1640_cmd_format\x1b[m\x1b[K\xe2\x80\x99)\n'}
[0.960033] (tuw_hardware_trinamic_driver) StderrLine: {'line': b'  102 |         command_message\x1b[01;31m\x1b[K[\x1b[m\x1b[Ktmcm1640_cmd_format::VALUE3] = value >> 24;\n'}
[0.960129] (tuw_hardware_trinamic_driver) StderrLine: {'line': b'      |                        \x1b[01;31m\x1b[K^\x1b[m\x1b[K\n'}
[0.960221] (tuw_hardware_trinamic_driver) StderrLine: {'line': b'\x1b[01m\x1b[K/usr/include/c++/13/array:200:7:\x1b[m\x1b[K \x1b[01;36m\x1b[Knote: \x1b[m\x1b[Kcandidate: \xe2\x80\x98\x1b[01m\x1b[Kconstexpr std::array<_Tp, _Nm>::value_type& std::array<_Tp, _Nm>::\x1b[01;32m\x1b[Koperator[]\x1b[m\x1b[K(size_type) \x1b[35m\x1b[K[with _Tp = unsigned char; long unsigned int _Nm = 9; reference = unsigned char&; size_type = long unsigned int]\x1b[m\x1b[K\x1b[m\x1b[K\xe2\x80\x99\n'}
[0.960339] (tuw_hardware_trinamic_driver) StderrLine: {'line': b'  200 |       \x1b[01;36m\x1b[Koperator\x1b[m\x1b[K[](size_type __n) noexcept\n'}
[0.960447] (tuw_hardware_trinamic_driver) StderrLine: {'line': b'      |       \x1b[01;36m\x1b[K^~~~~~~~\x1b[m\x1b[K\n'}
[0.960552] (tuw_hardware_trinamic_driver) StderrLine: {'line': b'\x1b[01m\x1b[K/usr/include/c++/13/array:200:28:\x1b[m\x1b[K \x1b[01;36m\x1b[Knote: \x1b[m\x1b[K  no known conversion for argument 1 from \xe2\x80\x98\x1b[01m\x1b[Ktmcm1640::tmcm1640_cmd_format\x1b[m\x1b[K\xe2\x80\x99 to \xe2\x80\x98\x1b[01m\x1b[Kstd::array<unsigned char, 9>::size_type\x1b[m\x1b[K\xe2\x80\x99 {aka \xe2\x80\x98\x1b[01m\x1b[Klong unsigned int\x1b[m\x1b[K\xe2\x80\x99}\n'}
[0.960653] (tuw_hardware_trinamic_driver) StderrLine: {'line': b'  200 |       operator[](\x1b[01;36m\x1b[Ksize_type __n\x1b[m\x1b[K) noexcept\n'}
[0.960751] (tuw_hardware_trinamic_driver) StderrLine: {'line': b'      |                  \x1b[01;36m\x1b[K~~~~~~~~~~^~~\x1b[m\x1b[K\n'}
[0.960847] (tuw_hardware_trinamic_driver) StderrLine: {'line': b'\x1b[01m\x1b[K/usr/include/c++/13/array:208:7:\x1b[m\x1b[K \x1b[01;36m\x1b[Knote: \x1b[m\x1b[Kcandidate: \xe2\x80\x98\x1b[01m\x1b[Kconstexpr const std::array<_Tp, _Nm>::value_type& std::array<_Tp, _Nm>::\x1b[01;32m\x1b[Koperator[]\x1b[m\x1b[K(size_type) const \x1b[35m\x1b[K[with _Tp = unsigned char; long unsigned int _Nm = 9; const_reference = const unsigned char&; size_type = long unsigned int]\x1b[m\x1b[K\x1b[m\x1b[K\xe2\x80\x99\n'}
[0.960948] (tuw_hardware_trinamic_driver) StderrLine: {'line': b'  208 |       \x1b[01;36m\x1b[Koperator\x1b[m\x1b[K[](size_type __n) const noexcept\n'}
[0.961040] (tuw_hardware_trinamic_driver) StderrLine: {'line': b'      |       \x1b[01;36m\x1b[K^~~~~~~~\x1b[m\x1b[K\n'}
[0.961136] (tuw_hardware_trinamic_driver) StderrLine: {'line': b'\x1b[01m\x1b[K/usr/include/c++/13/array:208:28:\x1b[m\x1b[K \x1b[01;36m\x1b[Knote: \x1b[m\x1b[K  no known conversion for argument 1 from \xe2\x80\x98\x1b[01m\x1b[Ktmcm1640::tmcm1640_cmd_format\x1b[m\x1b[K\xe2\x80\x99 to \xe2\x80\x98\x1b[01m\x1b[Kstd::array<unsigned char, 9>::size_type\x1b[m\x1b[K\xe2\x80\x99 {aka \xe2\x80\x98\x1b[01m\x1b[Klong unsigned int\x1b[m\x1b[K\xe2\x80\x99}\n'}
[0.961237] (tuw_hardware_trinamic_driver) StderrLine: {'line': b'  208 |       operator[](\x1b[01;36m\x1b[Ksize_type __n\x1b[m\x1b[K) const noexcept\n'}
[0.961332] (tuw_hardware_trinamic_driver) StderrLine: {'line': b'      |                  \x1b[01;36m\x1b[K~~~~~~~~~~^~~\x1b[m\x1b[K\n'}
[0.961420] (tuw_hardware_trinamic_driver) StderrLine: {'line': b'\x1b[01m\x1b[K/home/coffee/Documents/Studium/TU/bachelorarbeit/tuw_hardware_interface/src/tuw_hardware_trinamic_driver/src/tuw_hardware_trinamic_connection.cpp:103:24:\x1b[m\x1b[K \x1b[01;31m\x1b[Kerror: \x1b[m\x1b[Kno match for \xe2\x80\x98\x1b[01m\x1b[Koperator[]\x1b[m\x1b[K\xe2\x80\x99 (operand types are \xe2\x80\x98\x1b[01m\x1b[Kstd::array<unsigned char, 9>\x1b[m\x1b[K\xe2\x80\x99 and \xe2\x80\x98\x1b[01m\x1b[Ktmcm1640::tmcm1640_cmd_format\x1b[m\x1b[K\xe2\x80\x99)\n'}
[0.961534] (tuw_hardware_trinamic_driver) StderrLine: {'line': b'  103 |         command_message\x1b[01;31m\x1b[K[\x1b[m\x1b[Ktmcm1640_cmd_format::VALUE2] = value >> 16;\n'}
[0.961646] (tuw_hardware_trinamic_driver) StderrLine: {'line': b'      |                        \x1b[01;31m\x1b[K^\x1b[m\x1b[K\n'}
[0.961737] (tuw_hardware_trinamic_driver) StderrLine: {'line': b'\x1b[01m\x1b[K/usr/include/c++/13/array:200:7:\x1b[m\x1b[K \x1b[01;36m\x1b[Knote: \x1b[m\x1b[Kcandidate: \xe2\x80\x98\x1b[01m\x1b[Kconstexpr std::array<_Tp, _Nm>::value_type& std::array<_Tp, _Nm>::\x1b[01;32m\x1b[Koperator[]\x1b[m\x1b[K(size_type) \x1b[35m\x1b[K[with _Tp = unsigned char; long unsigned int _Nm = 9; reference = unsigned char&; size_type = long unsigned int]\x1b[m\x1b[K\x1b[m\x1b[K\xe2\x80\x99\n'}
[0.961827] (tuw_hardware_trinamic_driver) StderrLine: {'line': b'  200 |       \x1b[01;36m\x1b[Koperator\x1b[m\x1b[K[](size_type __n) noexcept\n'}
[0.961915] (tuw_hardware_trinamic_driver) StderrLine: {'line': b'      |       \x1b[01;36m\x1b[K^~~~~~~~\x1b[m\x1b[K\n'}
[0.962003] (tuw_hardware_trinamic_driver) StderrLine: {'line': b'\x1b[01m\x1b[K/usr/include/c++/13/array:200:28:\x1b[m\x1b[K \x1b[01;36m\x1b[Knote: \x1b[m\x1b[K  no known conversion for argument 1 from \xe2\x80\x98\x1b[01m\x1b[Ktmcm1640::tmcm1640_cmd_format\x1b[m\x1b[K\xe2\x80\x99 to \xe2\x80\x98\x1b[01m\x1b[Kstd::array<unsigned char, 9>::size_type\x1b[m\x1b[K\xe2\x80\x99 {aka \xe2\x80\x98\x1b[01m\x1b[Klong unsigned int\x1b[m\x1b[K\xe2\x80\x99}\n'}
[0.962106] (tuw_hardware_trinamic_driver) StderrLine: {'line': b'  200 |       operator[](\x1b[01;36m\x1b[Ksize_type __n\x1b[m\x1b[K) noexcept\n'}
[0.962206] (tuw_hardware_trinamic_driver) StderrLine: {'line': b'      |                  \x1b[01;36m\x1b[K~~~~~~~~~~^~~\x1b[m\x1b[K\n'}
[0.962303] (tuw_hardware_trinamic_driver) StderrLine: {'line': b'\x1b[01m\x1b[K/usr/include/c++/13/array:208:7:\x1b[m\x1b[K \x1b[01;36m\x1b[Knote: \x1b[m\x1b[Kcandidate: \xe2\x80\x98\x1b[01m\x1b[Kconstexpr const std::array<_Tp, _Nm>::value_type& std::array<_Tp, _Nm>::\x1b[01;32m\x1b[Koperator[]\x1b[m\x1b[K(size_type) const \x1b[35m\x1b[K[with _Tp = unsigned char; long unsigned int _Nm = 9; const_reference = const unsigned char&; size_type = long unsigned int]\x1b[m\x1b[K\x1b[m\x1b[K\xe2\x80\x99\n'}
[0.962415] (tuw_hardware_trinamic_driver) StderrLine: {'line': b'  208 |       \x1b[01;36m\x1b[Koperator\x1b[m\x1b[K[](size_type __n) const noexcept\n'}
[0.962544] (tuw_hardware_trinamic_driver) StderrLine: {'line': b'      |       \x1b[01;36m\x1b[K^~~~~~~~\x1b[m\x1b[K\n'}
[0.962644] (tuw_hardware_trinamic_driver) StderrLine: {'line': b'\x1b[01m\x1b[K/usr/include/c++/13/array:208:28:\x1b[m\x1b[K \x1b[01;36m\x1b[Knote: \x1b[m\x1b[K  no known conversion for argument 1 from \xe2\x80\x98\x1b[01m\x1b[Ktmcm1640::tmcm1640_cmd_format\x1b[m\x1b[K\xe2\x80\x99 to \xe2\x80\x98\x1b[01m\x1b[Kstd::array<unsigned char, 9>::size_type\x1b[m\x1b[K\xe2\x80\x99 {aka \xe2\x80\x98\x1b[01m\x1b[Klong unsigned int\x1b[m\x1b[K\xe2\x80\x99}\n'}
[0.962739] (tuw_hardware_trinamic_driver) StderrLine: {'line': b'  208 |       operator[](\x1b[01;36m\x1b[Ksize_type __n\x1b[m\x1b[K) const noexcept\n'}
[0.962833] (tuw_hardware_trinamic_driver) StderrLine: {'line': b'      |                  \x1b[01;36m\x1b[K~~~~~~~~~~^~~\x1b[m\x1b[K\n'}
[0.962932] (tuw_hardware_trinamic_driver) StderrLine: {'line': b'\x1b[01m\x1b[K/home/coffee/Documents/Studium/TU/bachelorarbeit/tuw_hardware_interface/src/tuw_hardware_trinamic_driver/src/tuw_hardware_trinamic_connection.cpp:104:24:\x1b[m\x1b[K \x1b[01;31m\x1b[Kerror: \x1b[m\x1b[Kno match for \xe2\x80\x98\x1b[01m\x1b[Koperator[]\x1b[m\x1b[K\xe2\x80\x99 (operand types are \xe2\x80\x98\x1b[01m\x1b[Kstd::array<unsigned char, 9>\x1b[m\x1b[K\xe2\x80\x99 and \xe2\x80\x98\x1b[01m\x1b[Ktmcm1640::tmcm1640_cmd_format\x1b[m\x1b[K\xe2\x80\x99)\n'}
[0.963041] (tuw_hardware_trinamic_driver) StderrLine: {'line': b'  104 |         command_message\x1b[01;31m\x1b[K[\x1b[m\x1b[Ktmcm1640_cmd_format::VALUE1] = value >> 8;\n'}
[0.963137] (tuw_hardware_trinamic_driver) StderrLine: {'line': b'      |                        \x1b[01;31m\x1b[K^\x1b[m\x1b[K\n'}
[0.963229] (tuw_hardware_trinamic_driver) StderrLine: {'line': b'\x1b[01m\x1b[K/usr/include/c++/13/array:200:7:\x1b[m\x1b[K \x1b[01;36m\x1b[Knote: \x1b[m\x1b[Kcandidate: \xe2\x80\x98\x1b[01m\x1b[Kconstexpr std::array<_Tp, _Nm>::value_type& std::array<_Tp, _Nm>::\x1b[01;32m\x1b[Koperator[]\x1b[m\x1b[K(size_type) \x1b[35m\x1b[K[with _Tp = unsigned char; long unsigned int _Nm = 9; reference = unsigned char&; size_type = long unsigned int]\x1b[m\x1b[K\x1b[m\x1b[K\xe2\x80\x99\n'}
[0.963330] (tuw_hardware_trinamic_driver) StderrLine: {'line': b'  200 |       \x1b[01;36m\x1b[Koperator\x1b[m\x1b[K[](size_type __n) noexcept\n'}
[0.963426] (tuw_hardware_trinamic_driver) StderrLine: {'line': b'      |       \x1b[01;36m\x1b[K^~~~~~~~\x1b[m\x1b[K\n'}
[0.963536] (tuw_hardware_trinamic_driver) StderrLine: {'line': b'\x1b[01m\x1b[K/usr/include/c++/13/array:200:28:\x1b[m\x1b[K \x1b[01;36m\x1b[Knote: \x1b[m\x1b[K  no known conversion for argument 1 from \xe2\x80\x98\x1b[01m\x1b[Ktmcm1640::tmcm1640_cmd_format\x1b[m\x1b[K\xe2\x80\x99 to \xe2\x80\x98\x1b[01m\x1b[Kstd::array<unsigned char, 9>::size_type\x1b[m\x1b[K\xe2\x80\x99 {aka \xe2\x80\x98\x1b[01m\x1b[Klong unsigned int\x1b[m\x1b[K\xe2\x80\x99}\n'}
[0.963631] (tuw_hardware_trinamic_driver) StderrLine: {'line': b'  200 |       operator[](\x1b[01;36m\x1b[Ksize_type __n\x1b[m\x1b[K) noexcept\n'}
[0.963724] (tuw_hardware_trinamic_driver) StderrLine: {'line': b'      |                  \x1b[01;36m\x1b[K~~~~~~~~~~^~~\x1b[m\x1b[K\n'}
[0.963818] (tuw_hardware_trinamic_driver) StderrLine: {'line': b'\x1b[01m\x1b[K/usr/include/c++/13/array:208:7:\x1b[m\x1b[K \x1b[01;36m\x1b[Knote: \x1b[m\x1b[Kcandidate: \xe2\x80\x98\x1b[01m\x1b[Kconstexpr const std::array<_Tp, _Nm>::value_type& std::array<_Tp, _Nm>::\x1b[01;32m\x1b[Koperator[]\x1b[m\x1b[K(size_type) const \x1b[35m\x1b[K[with _Tp = unsigned char; long unsigned int _Nm = 9; const_reference = const unsigned char&; size_type = long unsigned int]\x1b[m\x1b[K\x1b[m\x1b[K\xe2\x80\x99\n'}
[0.963914] (tuw_hardware_trinamic_driver) StderrLine: {'line': b'  208 |       \x1b[01;36m\x1b[Koperator\x1b[m\x1b[K[](size_type __n) const noexcept\n'}
[0.964007] (tuw_hardware_trinamic_driver) StderrLine: {'line': b'      |       \x1b[01;36m\x1b[K^~~~~~~~\x1b[m\x1b[K\n'}
[0.964100] (tuw_hardware_trinamic_driver) StderrLine: {'line': b'\x1b[01m\x1b[K/usr/include/c++/13/array:208:28:\x1b[m\x1b[K \x1b[01;36m\x1b[Knote: \x1b[m\x1b[K  no known conversion for argument 1 from \xe2\x80\x98\x1b[01m\x1b[Ktmcm1640::tmcm1640_cmd_format\x1b[m\x1b[K\xe2\x80\x99 to \xe2\x80\x98\x1b[01m\x1b[Kstd::array<unsigned char, 9>::size_type\x1b[m\x1b[K\xe2\x80\x99 {aka \xe2\x80\x98\x1b[01m\x1b[Klong unsigned int\x1b[m\x1b[K\xe2\x80\x99}\n'}
[0.964193] (tuw_hardware_trinamic_driver) StderrLine: {'line': b'  208 |       operator[](\x1b[01;36m\x1b[Ksize_type __n\x1b[m\x1b[K) const noexcept\n'}
[0.964288] (tuw_hardware_trinamic_driver) StderrLine: {'line': b'      |                  \x1b[01;36m\x1b[K~~~~~~~~~~^~~\x1b[m\x1b[K\n'}
[0.964382] (tuw_hardware_trinamic_driver) StderrLine: {'line': b'\x1b[01m\x1b[K/home/coffee/Documents/Studium/TU/bachelorarbeit/tuw_hardware_interface/src/tuw_hardware_trinamic_driver/src/tuw_hardware_trinamic_connection.cpp:105:24:\x1b[m\x1b[K \x1b[01;31m\x1b[Kerror: \x1b[m\x1b[Kno match for \xe2\x80\x98\x1b[01m\x1b[Koperator[]\x1b[m\x1b[K\xe2\x80\x99 (operand types are \xe2\x80\x98\x1b[01m\x1b[Kstd::array<unsigned char, 9>\x1b[m\x1b[K\xe2\x80\x99 and \xe2\x80\x98\x1b[01m\x1b[Ktmcm1640::tmcm1640_cmd_format\x1b[m\x1b[K\xe2\x80\x99)\n'}
[0.964505] (tuw_hardware_trinamic_driver) StderrLine: {'line': b'  105 |         command_message\x1b[01;31m\x1b[K[\x1b[m\x1b[Ktmcm1640_cmd_format::VALUE0] = value;\n'}
[0.964604] (tuw_hardware_trinamic_driver) StderrLine: {'line': b'      |                        \x1b[01;31m\x1b[K^\x1b[m\x1b[K\n'}
[0.964697] (tuw_hardware_trinamic_driver) StderrLine: {'line': b'\x1b[01m\x1b[K/usr/include/c++/13/array:200:7:\x1b[m\x1b[K \x1b[01;36m\x1b[Knote: \x1b[m\x1b[Kcandidate: \xe2\x80\x98\x1b[01m\x1b[Kconstexpr std::array<_Tp, _Nm>::value_type& std::array<_Tp, _Nm>::\x1b[01;32m\x1b[Koperator[]\x1b[m\x1b[K(size_type) \x1b[35m\x1b[K[with _Tp = unsigned char; long unsigned int _Nm = 9; reference = unsigned char&; size_type = long unsigned int]\x1b[m\x1b[K\x1b[m\x1b[K\xe2\x80\x99\n'}
[0.964793] (tuw_hardware_trinamic_driver) StderrLine: {'line': b'  200 |       \x1b[01;36m\x1b[Koperator\x1b[m\x1b[K[](size_type __n) noexcept\n'}
[0.964890] (tuw_hardware_trinamic_driver) StderrLine: {'line': b'      |       \x1b[01;36m\x1b[K^~~~~~~~\x1b[m\x1b[K\n'}
[0.964984] (tuw_hardware_trinamic_driver) StderrLine: {'line': b'\x1b[01m\x1b[K/usr/include/c++/13/array:200:28:\x1b[m\x1b[K \x1b[01;36m\x1b[Knote: \x1b[m\x1b[K  no known conversion for argument 1 from \xe2\x80\x98\x1b[01m\x1b[Ktmcm1640::tmcm1640_cmd_format\x1b[m\x1b[K\xe2\x80\x99 to \xe2\x80\x98\x1b[01m\x1b[Kstd::array<unsigned char, 9>::size_type\x1b[m\x1b[K\xe2\x80\x99 {aka \xe2\x80\x98\x1b[01m\x1b[Klong unsigned int\x1b[m\x1b[K\xe2\x80\x99}\n'}
[0.965089] (tuw_hardware_trinamic_driver) StderrLine: {'line': b'  200 |       operator[](\x1b[01;36m\x1b[Ksize_type __n\x1b[m\x1b[K) noexcept\n'}
[0.965187] (tuw_hardware_trinamic_driver) StderrLine: {'line': b'      |                  \x1b[01;36m\x1b[K~~~~~~~~~~^~~\x1b[m\x1b[K\n'}
[0.965280] (tuw_hardware_trinamic_driver) StderrLine: {'line': b'\x1b[01m\x1b[K/usr/include/c++/13/array:208:7:\x1b[m\x1b[K \x1b[01;36m\x1b[Knote: \x1b[m\x1b[Kcandidate: \xe2\x80\x98\x1b[01m\x1b[Kconstexpr const std::array<_Tp, _Nm>::value_type& std::array<_Tp, _Nm>::\x1b[01;32m\x1b[Koperator[]\x1b[m\x1b[K(size_type) const \x1b[35m\x1b[K[with _Tp = unsigned char; long unsigned int _Nm = 9; const_reference = const unsigned char&; size_type = long unsigned int]\x1b[m\x1b[K\x1b[m\x1b[K\xe2\x80\x99\n'}
[0.965383] (tuw_hardware_trinamic_driver) StderrLine: {'line': b'  208 |       \x1b[01;36m\x1b[Koperator\x1b[m\x1b[K[](size_type __n) const noexcept\n'}
[0.965500] (tuw_hardware_trinamic_driver) StderrLine: {'line': b'      |       \x1b[01;36m\x1b[K^~~~~~~~\x1b[m\x1b[K\n'}
[0.965596] (tuw_hardware_trinamic_driver) StderrLine: {'line': b'\x1b[01m\x1b[K/usr/include/c++/13/array:208:28:\x1b[m\x1b[K \x1b[01;36m\x1b[Knote: \x1b[m\x1b[K  no known conversion for argument 1 from \xe2\x80\x98\x1b[01m\x1b[Ktmcm1640::tmcm1640_cmd_format\x1b[m\x1b[K\xe2\x80\x99 to \xe2\x80\x98\x1b[01m\x1b[Kstd::array<unsigned char, 9>::size_type\x1b[m\x1b[K\xe2\x80\x99 {aka \xe2\x80\x98\x1b[01m\x1b[Klong unsigned int\x1b[m\x1b[K\xe2\x80\x99}\n'}
[0.965702] (tuw_hardware_trinamic_driver) StderrLine: {'line': b'  208 |       operator[](\x1b[01;36m\x1b[Ksize_type __n\x1b[m\x1b[K) const noexcept\n'}
[0.965805] (tuw_hardware_trinamic_driver) StderrLine: {'line': b'      |                  \x1b[01;36m\x1b[K~~~~~~~~~~^~~\x1b[m\x1b[K\n'}
[0.965895] (tuw_hardware_trinamic_driver) StderrLine: {'line': b'\x1b[01m\x1b[K/home/coffee/Documents/Studium/TU/bachelorarbeit/tuw_hardware_interface/src/tuw_hardware_trinamic_driver/src/tuw_hardware_trinamic_connection.cpp:108:24:\x1b[m\x1b[K \x1b[01;31m\x1b[Kerror: \x1b[m\x1b[Kno match for \xe2\x80\x98\x1b[01m\x1b[Koperator[]\x1b[m\x1b[K\xe2\x80\x99 (operand types are \xe2\x80\x98\x1b[01m\x1b[Kstd::array<unsigned char, 9>\x1b[m\x1b[K\xe2\x80\x99 and \xe2\x80\x98\x1b[01m\x1b[Ktmcm1640::tmcm1640_cmd_format\x1b[m\x1b[K\xe2\x80\x99)\n'}
[0.965996] (tuw_hardware_trinamic_driver) StderrLine: {'line': b'  108 |         command_message\x1b[01;31m\x1b[K[\x1b[m\x1b[Ktmcm1640_cmd_format::CHECKSUM] = calc_checksum();\n'}
[0.966090] (tuw_hardware_trinamic_driver) StderrLine: {'line': b'      |                        \x1b[01;31m\x1b[K^\x1b[m\x1b[K\n'}
[0.966183] (tuw_hardware_trinamic_driver) StderrLine: {'line': b'\x1b[01m\x1b[K/usr/include/c++/13/array:200:7:\x1b[m\x1b[K \x1b[01;36m\x1b[Knote: \x1b[m\x1b[Kcandidate: \xe2\x80\x98\x1b[01m\x1b[Kconstexpr std::array<_Tp, _Nm>::value_type& std::array<_Tp, _Nm>::\x1b[01;32m\x1b[Koperator[]\x1b[m\x1b[K(size_type) \x1b[35m\x1b[K[with _Tp = unsigned char; long unsigned int _Nm = 9; reference = unsigned char&; size_type = long unsigned int]\x1b[m\x1b[K\x1b[m\x1b[K\xe2\x80\x99\n'}
[0.966292] (tuw_hardware_trinamic_driver) StderrLine: {'line': b'  200 |       \x1b[01;36m\x1b[Koperator\x1b[m\x1b[K[](size_type __n) noexcept\n'}
[0.966389] (tuw_hardware_trinamic_driver) StderrLine: {'line': b'      |       \x1b[01;36m\x1b[K^~~~~~~~\x1b[m\x1b[K\n'}
[0.966504] (tuw_hardware_trinamic_driver) StderrLine: {'line': b'\x1b[01m\x1b[K/usr/include/c++/13/array:200:28:\x1b[m\x1b[K \x1b[01;36m\x1b[Knote: \x1b[m\x1b[K  no known conversion for argument 1 from \xe2\x80\x98\x1b[01m\x1b[Ktmcm1640::tmcm1640_cmd_format\x1b[m\x1b[K\xe2\x80\x99 to \xe2\x80\x98\x1b[01m\x1b[Kstd::array<unsigned char, 9>::size_type\x1b[m\x1b[K\xe2\x80\x99 {aka \xe2\x80\x98\x1b[01m\x1b[Klong unsigned int\x1b[m\x1b[K\xe2\x80\x99}\n'}
[0.966603] (tuw_hardware_trinamic_driver) StderrLine: {'line': b'  200 |       operator[](\x1b[01;36m\x1b[Ksize_type __n\x1b[m\x1b[K) noexcept\n'}
[0.966698] (tuw_hardware_trinamic_driver) StderrLine: {'line': b'      |                  \x1b[01;36m\x1b[K~~~~~~~~~~^~~\x1b[m\x1b[K\n'}
[0.966795] (tuw_hardware_trinamic_driver) StderrLine: {'line': b'\x1b[01m\x1b[K/usr/include/c++/13/array:208:7:\x1b[m\x1b[K \x1b[01;36m\x1b[Knote: \x1b[m\x1b[Kcandidate: \xe2\x80\x98\x1b[01m\x1b[Kconstexpr const std::array<_Tp, _Nm>::value_type& std::array<_Tp, _Nm>::\x1b[01;32m\x1b[Koperator[]\x1b[m\x1b[K(size_type) const \x1b[35m\x1b[K[with _Tp = unsigned char; long unsigned int _Nm = 9; const_reference = const unsigned char&; size_type = long unsigned int]\x1b[m\x1b[K\x1b[m\x1b[K\xe2\x80\x99\n'}
[0.966897] (tuw_hardware_trinamic_driver) StderrLine: {'line': b'  208 |       \x1b[01;36m\x1b[Koperator\x1b[m\x1b[K[](size_type __n) const noexcept\n'}
[0.966991] (tuw_hardware_trinamic_driver) StderrLine: {'line': b'      |       \x1b[01;36m\x1b[K^~~~~~~~\x1b[m\x1b[K\n'}
[0.967087] (tuw_hardware_trinamic_driver) StderrLine: {'line': b'\x1b[01m\x1b[K/usr/include/c++/13/array:208:28:\x1b[m\x1b[K \x1b[01;36m\x1b[Knote: \x1b[m\x1b[K  no known conversion for argument 1 from \xe2\x80\x98\x1b[01m\x1b[Ktmcm1640::tmcm1640_cmd_format\x1b[m\x1b[K\xe2\x80\x99 to \xe2\x80\x98\x1b[01m\x1b[Kstd::array<unsigned char, 9>::size_type\x1b[m\x1b[K\xe2\x80\x99 {aka \xe2\x80\x98\x1b[01m\x1b[Klong unsigned int\x1b[m\x1b[K\xe2\x80\x99}\n'}
[0.967183] (tuw_hardware_trinamic_driver) StderrLine: {'line': b'  208 |       operator[](\x1b[01;36m\x1b[Ksize_type __n\x1b[m\x1b[K) const noexcept\n'}
[0.967279] (tuw_hardware_trinamic_driver) StderrLine: {'line': b'      |                  \x1b[01;36m\x1b[K~~~~~~~~~~^~~\x1b[m\x1b[K\n'}
[0.967374] (tuw_hardware_trinamic_driver) StderrLine: {'line': b'\x1b[01m\x1b[K/home/coffee/Documents/Studium/TU/bachelorarbeit/tuw_hardware_interface/src/tuw_hardware_trinamic_driver/src/tuw_hardware_trinamic_connection.cpp:108:71:\x1b[m\x1b[K \x1b[01;31m\x1b[Kerror: \x1b[m\x1b[Kno matching function for call to \xe2\x80\x98\x1b[01m\x1b[Ktmcm1640::TMCM1640Connection::calc_checksum()\x1b[m\x1b[K\xe2\x80\x99\n'}
[0.967481] (tuw_hardware_trinamic_driver) StderrLine: {'line': b'  108 |         command_message[tmcm1640_cmd_format::CHECKSUM] = \x1b[01;31m\x1b[Kcalc_checksum()\x1b[m\x1b[K;\n'}
[0.967578] (tuw_hardware_trinamic_driver) StderrLine: {'line': b'      |                                                          \x1b[01;31m\x1b[K~~~~~~~~~~~~~^~\x1b[m\x1b[K\n'}
[0.967670] (tuw_hardware_trinamic_driver) StderrLine: {'line': b'\x1b[01m\x1b[K/home/coffee/Documents/Studium/TU/bachelorarbeit/tuw_hardware_interface/src/tuw_hardware_trinamic_driver/include/tuw_hardware_trinamic_driver/tuw_hardware_trinamic_connection.hpp:31:26:\x1b[m\x1b[K \x1b[01;36m\x1b[Knote: \x1b[m\x1b[Kcandidate: \xe2\x80\x98\x1b[01m\x1b[Kuint8_t tmcm1640::TMCM1640Connection::\x1b[01;32m\x1b[Kcalc_checksum\x1b[m\x1b[K(std::array<unsigned char, 9>)\x1b[m\x1b[K\xe2\x80\x99\n'}
[0.967774] (tuw_hardware_trinamic_driver) StderrLine: {'line': b'   31 |             std::uint8_t \x1b[01;36m\x1b[Kcalc_checksum\x1b[m\x1b[K(std::array<std::uint8_t, 9> msg);\n'}
[0.967866] (tuw_hardware_trinamic_driver) StderrLine: {'line': b'      |                          \x1b[01;36m\x1b[K^~~~~~~~~~~~~\x1b[m\x1b[K\n'}
[0.967963] (tuw_hardware_trinamic_driver) StderrLine: {'line': b'\x1b[01m\x1b[K/home/coffee/Documents/Studium/TU/bachelorarbeit/tuw_hardware_interface/src/tuw_hardware_trinamic_driver/include/tuw_hardware_trinamic_driver/tuw_hardware_trinamic_connection.hpp:31:26:\x1b[m\x1b[K \x1b[01;36m\x1b[Knote: \x1b[m\x1b[K  candidate expects 1 argument, 0 provided\n'}
[0.968061] (tuw_hardware_trinamic_driver) StderrLine: {'line': b'\x1b[01m\x1b[K/home/coffee/Documents/Studium/TU/bachelorarbeit/tuw_hardware_interface/src/tuw_hardware_trinamic_driver/src/tuw_hardware_trinamic_connection.cpp:\x1b[m\x1b[K In member function \xe2\x80\x98\x1b[01m\x1b[Kbool tmcm1640::TMCM1640Connection::\x1b[01;32m\x1b[Ksend_and_receive\x1b[m\x1b[K()\x1b[m\x1b[K\xe2\x80\x99:\n'}
[0.968157] (tuw_hardware_trinamic_driver) StderrLine: {'line': b'\x1b[01m\x1b[K/home/coffee/Documents/Studium/TU/bachelorarbeit/tuw_hardware_interface/src/tuw_hardware_trinamic_driver/src/tuw_hardware_trinamic_connection.cpp:139:28:\x1b[m\x1b[K \x1b[01;31m\x1b[Kerror: \x1b[m\x1b[Kcannot convert \xe2\x80\x98\x1b[01m\x1b[Kstd::array<unsigned char, 9>\x1b[m\x1b[K\xe2\x80\x99 to \xe2\x80\x98\x1b[01m\x1b[Kconst void*\x1b[m\x1b[K\xe2\x80\x99\n'}
[0.968253] (tuw_hardware_trinamic_driver) StderrLine: {'line': b'  139 |         write(serial_port, \x1b[01;31m\x1b[Kcommand_message\x1b[m\x1b[K, 9);\n'}
[0.968349] (tuw_hardware_trinamic_driver) StderrLine: {'line': b'      |                            \x1b[01;31m\x1b[K^~~~~~~~~~~~~~~\x1b[m\x1b[K\n'}
[0.968460] (tuw_hardware_trinamic_driver) StderrLine: {'line': b'      |                            \x1b[01;31m\x1b[K|\x1b[m\x1b[K\n'}
[0.968557] (tuw_hardware_trinamic_driver) StderrLine: {'line': b'      |                            \x1b[01;31m\x1b[Kstd::array<unsigned char, 9>\x1b[m\x1b[K\n'}
[0.968651] (tuw_hardware_trinamic_driver) StderrLine: {'line': b'In file included from \x1b[01m\x1b[K/home/coffee/Documents/Studium/TU/bachelorarbeit/tuw_hardware_interface/src/tuw_hardware_trinamic_driver/include/tuw_hardware_trinamic_driver/tuw_hardware_trinamic_connection.hpp:10\x1b[m\x1b[K:\n'}
[0.968747] (tuw_hardware_trinamic_driver) StderrLine: {'line': b'\x1b[01m\x1b[K/usr/include/unistd.h:378:45:\x1b[m\x1b[K \x1b[01;36m\x1b[Knote: \x1b[m\x1b[K  initializing argument 2 of \xe2\x80\x98\x1b[01m\x1b[Kssize_t\x1b[01;32m\x1b[K write\x1b[m\x1b[K(int, const void*, size_t)\x1b[m\x1b[K\xe2\x80\x99\n'}
[0.968846] (tuw_hardware_trinamic_driver) StderrLine: {'line': b'  378 | extern ssize_t write (int __fd, \x1b[01;36m\x1b[Kconst void *__buf\x1b[m\x1b[K, size_t __n) __wur\n'}
[0.968937] (tuw_hardware_trinamic_driver) StderrLine: {'line': b'      |                                 \x1b[01;36m\x1b[K~~~~~~~~~~~~^~~~~\x1b[m\x1b[K\n'}
[0.969031] (tuw_hardware_trinamic_driver) StderrLine: {'line': b'\x1b[01m\x1b[K/home/coffee/Documents/Studium/TU/bachelorarbeit/tuw_hardware_interface/src/tuw_hardware_trinamic_driver/src/tuw_hardware_trinamic_connection.cpp:142:43:\x1b[m\x1b[K \x1b[01;31m\x1b[Kerror: \x1b[m\x1b[Kcannot convert \xe2\x80\x98\x1b[01m\x1b[Kstd::array<unsigned char, 9>\x1b[m\x1b[K\xe2\x80\x99 to \xe2\x80\x98\x1b[01m\x1b[Kvoid*\x1b[m\x1b[K\xe2\x80\x99\n'}
[0.969127] (tuw_hardware_trinamic_driver) StderrLine: {'line': b'  142 |         int num_bytes = read(serial_port, \x1b[01;31m\x1b[Kreply_message\x1b[m\x1b[K, 9);\n'}
[0.969218] (tuw_hardware_trinamic_driver) StderrLine: {'line': b'      |                                           \x1b[01;31m\x1b[K^~~~~~~~~~~~~\x1b[m\x1b[K\n'}
[0.969314] (tuw_hardware_trinamic_driver) StderrLine: {'line': b'      |                                           \x1b[01;31m\x1b[K|\x1b[m\x1b[K\n'}
[0.969414] (tuw_hardware_trinamic_driver) StderrLine: {'line': b'      |                                           \x1b[01;31m\x1b[Kstd::array<unsigned char, 9>\x1b[m\x1b[K\n'}
[0.969537] (tuw_hardware_trinamic_driver) StderrLine: {'line': b'\x1b[01m\x1b[K/usr/include/unistd.h:371:38:\x1b[m\x1b[K \x1b[01;36m\x1b[Knote: \x1b[m\x1b[K  initializing argument 2 of \xe2\x80\x98\x1b[01m\x1b[Kssize_t\x1b[01;32m\x1b[K read\x1b[m\x1b[K(int, void*, size_t)\x1b[m\x1b[K\xe2\x80\x99\n'}
[0.969639] (tuw_hardware_trinamic_driver) StderrLine: {'line': b'  371 | extern ssize_t read (int __fd, \x1b[01;36m\x1b[Kvoid *__buf\x1b[m\x1b[K, size_t __nbytes) __wur\n'}
[0.969738] (tuw_hardware_trinamic_driver) StderrLine: {'line': b'      |                                \x1b[01;36m\x1b[K~~~~~~^~~~~\x1b[m\x1b[K\n'}
[0.969830] (tuw_hardware_trinamic_driver) StderrLine: {'line': b'\x1b[01m\x1b[K/home/coffee/Documents/Studium/TU/bachelorarbeit/tuw_hardware_interface/src/tuw_hardware_trinamic_driver/src/tuw_hardware_trinamic_connection.cpp:148:18:\x1b[m\x1b[K \x1b[01;35m\x1b[Kwarning: \x1b[m\x1b[Kstatement has no effect [\x1b[01;35m\x1b[K\x1b]8;;https://gcc.gnu.org/onlinedocs/gcc/Warning-Options.html#index-Wunused-value\x07-Wunused-value\x1b]8;;\x07\x1b[m\x1b[K]\n'}
[0.969932] (tuw_hardware_trinamic_driver) StderrLine: {'line': b'  148 |         else true\x1b[01;35m\x1b[K;\x1b[m\x1b[K\n'}
[0.970028] (tuw_hardware_trinamic_driver) StderrLine: {'line': b'      |                  \x1b[01;35m\x1b[K^\x1b[m\x1b[K\n'}
[0.970125] (tuw_hardware_trinamic_driver) StderrLine: {'line': b'\x1b[01m\x1b[K/home/coffee/Documents/Studium/TU/bachelorarbeit/tuw_hardware_interface/src/tuw_hardware_trinamic_driver/src/tuw_hardware_trinamic_connection.cpp:\x1b[m\x1b[K In member function \xe2\x80\x98\x1b[01m\x1b[Ktmcm1640::tmcm1640_status_codes tmcm1640::TMCM1640Connection::\x1b[01;32m\x1b[Kcheck_reply\x1b[m\x1b[K()\x1b[m\x1b[K\xe2\x80\x99:\n'}
[0.970228] (tuw_hardware_trinamic_driver) StderrLine: {'line': b'\x1b[01m\x1b[K/home/coffee/Documents/Studium/TU/bachelorarbeit/tuw_hardware_interface/src/tuw_hardware_trinamic_driver/src/tuw_hardware_trinamic_connection.cpp:164:44:\x1b[m\x1b[K \x1b[01;31m\x1b[Kerror: \x1b[m\x1b[Kno match for \xe2\x80\x98\x1b[01m\x1b[Koperator[]\x1b[m\x1b[K\xe2\x80\x99 (operand types are \xe2\x80\x98\x1b[01m\x1b[Kstd::array<unsigned char, 9>\x1b[m\x1b[K\xe2\x80\x99 and \xe2\x80\x98\x1b[01m\x1b[Ktmcm1640::tmcm1640_reply_format\x1b[m\x1b[K\xe2\x80\x99)\n'}
[0.970334] (tuw_hardware_trinamic_driver) StderrLine: {'line': b'  164 |         if(!(calc_checksum == reply_message\x1b[01;31m\x1b[K[\x1b[m\x1b[Ktmcm1640_reply_format::CHECKSUM])) {\n'}
[0.970442] (tuw_hardware_trinamic_driver) StderrLine: {'line': b'      |                                            \x1b[01;31m\x1b[K^\x1b[m\x1b[K\n'}
[0.970560] (tuw_hardware_trinamic_driver) StderrLine: {'line': b'\x1b[01m\x1b[K/usr/include/c++/13/array:200:7:\x1b[m\x1b[K \x1b[01;36m\x1b[Knote: \x1b[m\x1b[Kcandidate: \xe2\x80\x98\x1b[01m\x1b[Kconstexpr std::array<_Tp, _Nm>::value_type& std::array<_Tp, _Nm>::\x1b[01;32m\x1b[Koperator[]\x1b[m\x1b[K(size_type) \x1b[35m\x1b[K[with _Tp = unsigned char; long unsigned int _Nm = 9; reference = unsigned char&; size_type = long unsigned int]\x1b[m\x1b[K\x1b[m\x1b[K\xe2\x80\x99\n'}
[0.970671] (tuw_hardware_trinamic_driver) StderrLine: {'line': b'  200 |       \x1b[01;36m\x1b[Koperator\x1b[m\x1b[K[](size_type __n) noexcept\n'}
[0.970768] (tuw_hardware_trinamic_driver) StderrLine: {'line': b'      |       \x1b[01;36m\x1b[K^~~~~~~~\x1b[m\x1b[K\n'}
[0.970865] (tuw_hardware_trinamic_driver) StderrLine: {'line': b'\x1b[01m\x1b[K/usr/include/c++/13/array:200:28:\x1b[m\x1b[K \x1b[01;36m\x1b[Knote: \x1b[m\x1b[K  no known conversion for argument 1 from \xe2\x80\x98\x1b[01m\x1b[Ktmcm1640::tmcm1640_reply_format\x1b[m\x1b[K\xe2\x80\x99 to \xe2\x80\x98\x1b[01m\x1b[Kstd::array<unsigned char, 9>::size_type\x1b[m\x1b[K\xe2\x80\x99 {aka \xe2\x80\x98\x1b[01m\x1b[Klong unsigned int\x1b[m\x1b[K\xe2\x80\x99}\n'}
[0.970968] (tuw_hardware_trinamic_driver) StderrLine: {'line': b'  200 |       operator[](\x1b[01;36m\x1b[Ksize_type __n\x1b[m\x1b[K) noexcept\n'}
[0.971076] (tuw_hardware_trinamic_driver) StderrLine: {'line': b'      |                  \x1b[01;36m\x1b[K~~~~~~~~~~^~~\x1b[m\x1b[K\n'}
[0.971174] (tuw_hardware_trinamic_driver) StderrLine: {'line': b'\x1b[01m\x1b[K/usr/include/c++/13/array:208:7:\x1b[m\x1b[K \x1b[01;36m\x1b[Knote: \x1b[m\x1b[Kcandidate: \xe2\x80\x98\x1b[01m\x1b[Kconstexpr const std::array<_Tp, _Nm>::value_type& std::array<_Tp, _Nm>::\x1b[01;32m\x1b[Koperator[]\x1b[m\x1b[K(size_type) const \x1b[35m\x1b[K[with _Tp = unsigned char; long unsigned int _Nm = 9; const_reference = const unsigned char&; size_type = long unsigned int]\x1b[m\x1b[K\x1b[m\x1b[K\xe2\x80\x99\n'}
[0.971277] (tuw_hardware_trinamic_driver) StderrLine: {'line': b'  208 |       \x1b[01;36m\x1b[Koperator\x1b[m\x1b[K[](size_type __n) const noexcept\n'}
[0.971372] (tuw_hardware_trinamic_driver) StderrLine: {'line': b'      |       \x1b[01;36m\x1b[K^~~~~~~~\x1b[m\x1b[K\n'}
[0.971479] (tuw_hardware_trinamic_driver) StderrLine: {'line': b'\x1b[01m\x1b[K/usr/include/c++/13/array:208:28:\x1b[m\x1b[K \x1b[01;36m\x1b[Knote: \x1b[m\x1b[K  no known conversion for argument 1 from \xe2\x80\x98\x1b[01m\x1b[Ktmcm1640::tmcm1640_reply_format\x1b[m\x1b[K\xe2\x80\x99 to \xe2\x80\x98\x1b[01m\x1b[Kstd::array<unsigned char, 9>::size_type\x1b[m\x1b[K\xe2\x80\x99 {aka \xe2\x80\x98\x1b[01m\x1b[Klong unsigned int\x1b[m\x1b[K\xe2\x80\x99}\n'}
[0.971583] (tuw_hardware_trinamic_driver) StderrLine: {'line': b'  208 |       operator[](\x1b[01;36m\x1b[Ksize_type __n\x1b[m\x1b[K) const noexcept\n'}
[0.971679] (tuw_hardware_trinamic_driver) StderrLine: {'line': b'      |                  \x1b[01;36m\x1b[K~~~~~~~~~~^~~\x1b[m\x1b[K\n'}
[0.971775] (tuw_hardware_trinamic_driver) StderrLine: {'line': b'\x1b[01m\x1b[K/home/coffee/Documents/Studium/TU/bachelorarbeit/tuw_hardware_interface/src/tuw_hardware_trinamic_driver/src/tuw_hardware_trinamic_connection.cpp:171:29:\x1b[m\x1b[K \x1b[01;31m\x1b[Kerror: \x1b[m\x1b[Kno match for \xe2\x80\x98\x1b[01m\x1b[Koperator[]\x1b[m\x1b[K\xe2\x80\x99 (operand types are \xe2\x80\x98\x1b[01m\x1b[Kstd::array<unsigned char, 9>\x1b[m\x1b[K\xe2\x80\x99 and \xe2\x80\x98\x1b[01m\x1b[Ktmcm1640::tmcm1640_reply_format\x1b[m\x1b[K\xe2\x80\x99)\n'}
[0.971873] (tuw_hardware_trinamic_driver) StderrLine: {'line': b'  171 |         return reply_message\x1b[01;31m\x1b[K[\x1b[m\x1b[Ktmcm1640_reply_format::STATUS];\n'}
[0.971959] (tuw_hardware_trinamic_driver) StderrLine: {'line': b'      |                             \x1b[01;31m\x1b[K^\x1b[m\x1b[K\n'}
[0.972045] (tuw_hardware_trinamic_driver) StderrLine: {'line': b'\x1b[01m\x1b[K/usr/include/c++/13/array:200:7:\x1b[m\x1b[K \x1b[01;36m\x1b[Knote: \x1b[m\x1b[Kcandidate: \xe2\x80\x98\x1b[01m\x1b[Kconstexpr std::array<_Tp, _Nm>::value_type& std::array<_Tp, _Nm>::\x1b[01;32m\x1b[Koperator[]\x1b[m\x1b[K(size_type) \x1b[35m\x1b[K[with _Tp = unsigned char; long unsigned int _Nm = 9; reference = unsigned char&; size_type = long unsigned int]\x1b[m\x1b[K\x1b[m\x1b[K\xe2\x80\x99\n'}
[0.972136] (tuw_hardware_trinamic_driver) StderrLine: {'line': b'  200 |       \x1b[01;36m\x1b[Koperator\x1b[m\x1b[K[](size_type __n) noexcept\n'}
[0.972225] (tuw_hardware_trinamic_driver) StderrLine: {'line': b'      |       \x1b[01;36m\x1b[K^~~~~~~~\x1b[m\x1b[K\n'}
[0.972310] (tuw_hardware_trinamic_driver) StderrLine: {'line': b'\x1b[01m\x1b[K/usr/include/c++/13/array:200:28:\x1b[m\x1b[K \x1b[01;36m\x1b[Knote: \x1b[m\x1b[K  no known conversion for argument 1 from \xe2\x80\x98\x1b[01m\x1b[Ktmcm1640::tmcm1640_reply_format\x1b[m\x1b[K\xe2\x80\x99 to \xe2\x80\x98\x1b[01m\x1b[Kstd::array<unsigned char, 9>::size_type\x1b[m\x1b[K\xe2\x80\x99 {aka \xe2\x80\x98\x1b[01m\x1b[Klong unsigned int\x1b[m\x1b[K\xe2\x80\x99}\n'}
[0.972397] (tuw_hardware_trinamic_driver) StderrLine: {'line': b'  200 |       operator[](\x1b[01;36m\x1b[Ksize_type __n\x1b[m\x1b[K) noexcept\n'}
[0.972509] (tuw_hardware_trinamic_driver) StderrLine: {'line': b'      |                  \x1b[01;36m\x1b[K~~~~~~~~~~^~~\x1b[m\x1b[K\n'}
[0.972598] (tuw_hardware_trinamic_driver) StderrLine: {'line': b'\x1b[01m\x1b[K/usr/include/c++/13/array:208:7:\x1b[m\x1b[K \x1b[01;36m\x1b[Knote: \x1b[m\x1b[Kcandidate: \xe2\x80\x98\x1b[01m\x1b[Kconstexpr const std::array<_Tp, _Nm>::value_type& std::array<_Tp, _Nm>::\x1b[01;32m\x1b[Koperator[]\x1b[m\x1b[K(size_type) const \x1b[35m\x1b[K[with _Tp = unsigned char; long unsigned int _Nm = 9; const_reference = const unsigned char&; size_type = long unsigned int]\x1b[m\x1b[K\x1b[m\x1b[K\xe2\x80\x99\n'}
[0.972692] (tuw_hardware_trinamic_driver) StderrLine: {'line': b'  208 |       \x1b[01;36m\x1b[Koperator\x1b[m\x1b[K[](size_type __n) const noexcept\n'}
[0.972779] (tuw_hardware_trinamic_driver) StderrLine: {'line': b'      |       \x1b[01;36m\x1b[K^~~~~~~~\x1b[m\x1b[K\n'}
[0.972865] (tuw_hardware_trinamic_driver) StderrLine: {'line': b'\x1b[01m\x1b[K/usr/include/c++/13/array:208:28:\x1b[m\x1b[K \x1b[01;36m\x1b[Knote: \x1b[m\x1b[K  no known conversion for argument 1 from \xe2\x80\x98\x1b[01m\x1b[Ktmcm1640::tmcm1640_reply_format\x1b[m\x1b[K\xe2\x80\x99 to \xe2\x80\x98\x1b[01m\x1b[Kstd::array<unsigned char, 9>::size_type\x1b[m\x1b[K\xe2\x80\x99 {aka \xe2\x80\x98\x1b[01m\x1b[Klong unsigned int\x1b[m\x1b[K\xe2\x80\x99}\n'}
[0.972954] (tuw_hardware_trinamic_driver) StderrLine: {'line': b'  208 |       operator[](\x1b[01;36m\x1b[Ksize_type __n\x1b[m\x1b[K) const noexcept\n'}
[0.973043] (tuw_hardware_trinamic_driver) StderrLine: {'line': b'      |                  \x1b[01;36m\x1b[K~~~~~~~~~~^~~\x1b[m\x1b[K\n'}
[0.973128] (tuw_hardware_trinamic_driver) StderrLine: {'line': b'\x1b[01m\x1b[K/home/coffee/Documents/Studium/TU/bachelorarbeit/tuw_hardware_interface/src/tuw_hardware_trinamic_driver/src/tuw_hardware_trinamic_connection.cpp:\x1b[m\x1b[K In member function \xe2\x80\x98\x1b[01m\x1b[Kvoid tmcm1640::TMCM1640Connection::\x1b[01;32m\x1b[Kset_value\x1b[m\x1b[K()\x1b[m\x1b[K\xe2\x80\x99:\n'}
[0.973224] (tuw_hardware_trinamic_driver) StderrLine: {'line': b'\x1b[01m\x1b[K/home/coffee/Documents/Studium/TU/bachelorarbeit/tuw_hardware_interface/src/tuw_hardware_trinamic_driver/src/tuw_hardware_trinamic_connection.cpp:175:31:\x1b[m\x1b[K \x1b[01;31m\x1b[Kerror: \x1b[m\x1b[Kno match for \xe2\x80\x98\x1b[01m\x1b[Koperator[]\x1b[m\x1b[K\xe2\x80\x99 (operand types are \xe2\x80\x98\x1b[01m\x1b[Kstd::array<unsigned char, 9>\x1b[m\x1b[K\xe2\x80\x99 and \xe2\x80\x98\x1b[01m\x1b[Ktmcm1640::tmcm1640_reply_format\x1b[m\x1b[K\xe2\x80\x99)\n'}
[0.973319] (tuw_hardware_trinamic_driver) StderrLine: {'line': b'  175 |         value = (reply_message\x1b[01;31m\x1b[K[\x1b[m\x1b[Ktmcm1640_reply_format::VALUE3] << 24 |\n'}
[0.973407] (tuw_hardware_trinamic_driver) StderrLine: {'line': b'      |                               \x1b[01;31m\x1b[K^\x1b[m\x1b[K\n'}
[0.973519] (tuw_hardware_trinamic_driver) StderrLine: {'line': b'\x1b[01m\x1b[K/usr/include/c++/13/array:200:7:\x1b[m\x1b[K \x1b[01;36m\x1b[Knote: \x1b[m\x1b[Kcandidate: \xe2\x80\x98\x1b[01m\x1b[Kconstexpr std::array<_Tp, _Nm>::value_type& std::array<_Tp, _Nm>::\x1b[01;32m\x1b[Koperator[]\x1b[m\x1b[K(size_type) \x1b[35m\x1b[K[with _Tp = unsigned char; long unsigned int _Nm = 9; reference = unsigned char&; size_type = long unsigned int]\x1b[m\x1b[K\x1b[m\x1b[K\xe2\x80\x99\n'}
[0.973620] (tuw_hardware_trinamic_driver) StderrLine: {'line': b'  200 |       \x1b[01;36m\x1b[Koperator\x1b[m\x1b[K[](size_type __n) noexcept\n'}
[0.973715] (tuw_hardware_trinamic_driver) StderrLine: {'line': b'      |       \x1b[01;36m\x1b[K^~~~~~~~\x1b[m\x1b[K\n'}
[0.973808] (tuw_hardware_trinamic_driver) StderrLine: {'line': b'\x1b[01m\x1b[K/usr/include/c++/13/array:200:28:\x1b[m\x1b[K \x1b[01;36m\x1b[Knote: \x1b[m\x1b[K  no known conversion for argument 1 from \xe2\x80\x98\x1b[01m\x1b[Ktmcm1640::tmcm1640_reply_format\x1b[m\x1b[K\xe2\x80\x99 to \xe2\x80\x98\x1b[01m\x1b[Kstd::array<unsigned char, 9>::size_type\x1b[m\x1b[K\xe2\x80\x99 {aka \xe2\x80\x98\x1b[01m\x1b[Klong unsigned int\x1b[m\x1b[K\xe2\x80\x99}\n'}
[0.973909] (tuw_hardware_trinamic_driver) StderrLine: {'line': b'  200 |       operator[](\x1b[01;36m\x1b[Ksize_type __n\x1b[m\x1b[K) noexcept\n'}
[0.974000] (tuw_hardware_trinamic_driver) StderrLine: {'line': b'      |                  \x1b[01;36m\x1b[K~~~~~~~~~~^~~\x1b[m\x1b[K\n'}
[0.974098] (tuw_hardware_trinamic_driver) StderrLine: {'line': b'\x1b[01m\x1b[K/usr/include/c++/13/array:208:7:\x1b[m\x1b[K \x1b[01;36m\x1b[Knote: \x1b[m\x1b[Kcandidate: \xe2\x80\x98\x1b[01m\x1b[Kconstexpr const std::array<_Tp, _Nm>::value_type& std::array<_Tp, _Nm>::\x1b[01;32m\x1b[Koperator[]\x1b[m\x1b[K(size_type) const \x1b[35m\x1b[K[with _Tp = unsigned char; long unsigned int _Nm = 9; const_reference = const unsigned char&; size_type = long unsigned int]\x1b[m\x1b[K\x1b[m\x1b[K\xe2\x80\x99\n'}
[0.974194] (tuw_hardware_trinamic_driver) StderrLine: {'line': b'  208 |       \x1b[01;36m\x1b[Koperator\x1b[m\x1b[K[](size_type __n) const noexcept\n'}
[0.974287] (tuw_hardware_trinamic_driver) StderrLine: {'line': b'      |       \x1b[01;36m\x1b[K^~~~~~~~\x1b[m\x1b[K\n'}
[0.974379] (tuw_hardware_trinamic_driver) StderrLine: {'line': b'\x1b[01m\x1b[K/usr/include/c++/13/array:208:28:\x1b[m\x1b[K \x1b[01;36m\x1b[Knote: \x1b[m\x1b[K  no known conversion for argument 1 from \xe2\x80\x98\x1b[01m\x1b[Ktmcm1640::tmcm1640_reply_format\x1b[m\x1b[K\xe2\x80\x99 to \xe2\x80\x98\x1b[01m\x1b[Kstd::array<unsigned char, 9>::size_type\x1b[m\x1b[K\xe2\x80\x99 {aka \xe2\x80\x98\x1b[01m\x1b[Klong unsigned int\x1b[m\x1b[K\xe2\x80\x99}\n'}
[0.974478] (tuw_hardware_trinamic_driver) StderrLine: {'line': b'  208 |       operator[](\x1b[01;36m\x1b[Ksize_type __n\x1b[m\x1b[K) const noexcept\n'}
[0.974574] (tuw_hardware_trinamic_driver) StderrLine: {'line': b'      |                  \x1b[01;36m\x1b[K~~~~~~~~~~^~~\x1b[m\x1b[K\n'}
[0.974668] (tuw_hardware_trinamic_driver) StderrLine: {'line': b'\x1b[01m\x1b[K/home/coffee/Documents/Studium/TU/bachelorarbeit/tuw_hardware_interface/src/tuw_hardware_trinamic_driver/src/tuw_hardware_trinamic_connection.cpp:176:31:\x1b[m\x1b[K \x1b[01;31m\x1b[Kerror: \x1b[m\x1b[Kno match for \xe2\x80\x98\x1b[01m\x1b[Koperator[]\x1b[m\x1b[K\xe2\x80\x99 (operand types are \xe2\x80\x98\x1b[01m\x1b[Kstd::array<unsigned char, 9>\x1b[m\x1b[K\xe2\x80\x99 and \xe2\x80\x98\x1b[01m\x1b[Ktmcm1640::tmcm1640_reply_format\x1b[m\x1b[K\xe2\x80\x99)\n'}
[0.974767] (tuw_hardware_trinamic_driver) StderrLine: {'line': b'  176 |                  reply_message\x1b[01;31m\x1b[K[\x1b[m\x1b[Ktmcm1640_reply_format::VALUE2] << 16 |\n'}
[0.974879] (tuw_hardware_trinamic_driver) StderrLine: {'line': b'      |                               \x1b[01;31m\x1b[K^\x1b[m\x1b[K\n'}
[0.974975] (tuw_hardware_trinamic_driver) StderrLine: {'line': b'\x1b[01m\x1b[K/usr/include/c++/13/array:200:7:\x1b[m\x1b[K \x1b[01;36m\x1b[Knote: \x1b[m\x1b[Kcandidate: \xe2\x80\x98\x1b[01m\x1b[Kconstexpr std::array<_Tp, _Nm>::value_type& std::array<_Tp, _Nm>::\x1b[01;32m\x1b[Koperator[]\x1b[m\x1b[K(size_type) \x1b[35m\x1b[K[with _Tp = unsigned char; long unsigned int _Nm = 9; reference = unsigned char&; size_type = long unsigned int]\x1b[m\x1b[K\x1b[m\x1b[K\xe2\x80\x99\n'}
[0.975072] (tuw_hardware_trinamic_driver) StderrLine: {'line': b'  200 |       \x1b[01;36m\x1b[Koperator\x1b[m\x1b[K[](size_type __n) noexcept\n'}
[0.975166] (tuw_hardware_trinamic_driver) StderrLine: {'line': b'      |       \x1b[01;36m\x1b[K^~~~~~~~\x1b[m\x1b[K\n'}
[0.975261] (tuw_hardware_trinamic_driver) StderrLine: {'line': b'\x1b[01m\x1b[K/usr/include/c++/13/array:200:28:\x1b[m\x1b[K \x1b[01;36m\x1b[Knote: \x1b[m\x1b[K  no known conversion for argument 1 from \xe2\x80\x98\x1b[01m\x1b[Ktmcm1640::tmcm1640_reply_format\x1b[m\x1b[K\xe2\x80\x99 to \xe2\x80\x98\x1b[01m\x1b[Kstd::array<unsigned char, 9>::size_type\x1b[m\x1b[K\xe2\x80\x99 {aka \xe2\x80\x98\x1b[01m\x1b[Klong unsigned int\x1b[m\x1b[K\xe2\x80\x99}\n'}
[0.975355] (tuw_hardware_trinamic_driver) StderrLine: {'line': b'  200 |       operator[](\x1b[01;36m\x1b[Ksize_type __n\x1b[m\x1b[K) noexcept\n'}
[0.975465] (tuw_hardware_trinamic_driver) StderrLine: {'line': b'      |                  \x1b[01;36m\x1b[K~~~~~~~~~~^~~\x1b[m\x1b[K\n'}
[0.975560] (tuw_hardware_trinamic_driver) StderrLine: {'line': b'\x1b[01m\x1b[K/usr/include/c++/13/array:208:7:\x1b[m\x1b[K \x1b[01;36m\x1b[Knote: \x1b[m\x1b[Kcandidate: \xe2\x80\x98\x1b[01m\x1b[Kconstexpr const std::array<_Tp, _Nm>::value_type& std::array<_Tp, _Nm>::\x1b[01;32m\x1b[Koperator[]\x1b[m\x1b[K(size_type) const \x1b[35m\x1b[K[with _Tp = unsigned char; long unsigned int _Nm = 9; const_reference = const unsigned char&; size_type = long unsigned int]\x1b[m\x1b[K\x1b[m\x1b[K\xe2\x80\x99\n'}
[0.975664] (tuw_hardware_trinamic_driver) StderrLine: {'line': b'  208 |       \x1b[01;36m\x1b[Koperator\x1b[m\x1b[K[](size_type __n) const noexcept\n'}
[0.975759] (tuw_hardware_trinamic_driver) StderrLine: {'line': b'      |       \x1b[01;36m\x1b[K^~~~~~~~\x1b[m\x1b[K\n'}
[0.975854] (tuw_hardware_trinamic_driver) StderrLine: {'line': b'\x1b[01m\x1b[K/usr/include/c++/13/array:208:28:\x1b[m\x1b[K \x1b[01;36m\x1b[Knote: \x1b[m\x1b[K  no known conversion for argument 1 from \xe2\x80\x98\x1b[01m\x1b[Ktmcm1640::tmcm1640_reply_format\x1b[m\x1b[K\xe2\x80\x99 to \xe2\x80\x98\x1b[01m\x1b[Kstd::array<unsigned char, 9>::size_type\x1b[m\x1b[K\xe2\x80\x99 {aka \xe2\x80\x98\x1b[01m\x1b[Klong unsigned int\x1b[m\x1b[K\xe2\x80\x99}\n'}
[0.975956] (tuw_hardware_trinamic_driver) StderrLine: {'line': b'  208 |       operator[](\x1b[01;36m\x1b[Ksize_type __n\x1b[m\x1b[K) const noexcept\n'}
[0.976048] (tuw_hardware_trinamic_driver) StderrLine: {'line': b'      |                  \x1b[01;36m\x1b[K~~~~~~~~~~^~~\x1b[m\x1b[K\n'}
[0.976142] (tuw_hardware_trinamic_driver) StderrLine: {'line': b'\x1b[01m\x1b[K/home/coffee/Documents/Studium/TU/bachelorarbeit/tuw_hardware_interface/src/tuw_hardware_trinamic_driver/src/tuw_hardware_trinamic_connection.cpp:177:31:\x1b[m\x1b[K \x1b[01;31m\x1b[Kerror: \x1b[m\x1b[Kno match for \xe2\x80\x98\x1b[01m\x1b[Koperator[]\x1b[m\x1b[K\xe2\x80\x99 (operand types are \xe2\x80\x98\x1b[01m\x1b[Kstd::array<unsigned char, 9>\x1b[m\x1b[K\xe2\x80\x99 and \xe2\x80\x98\x1b[01m\x1b[Ktmcm1640::tmcm1640_reply_format\x1b[m\x1b[K\xe2\x80\x99)\n'}
[0.976248] (tuw_hardware_trinamic_driver) StderrLine: {'line': b'  177 |                  reply_message\x1b[01;31m\x1b[K[\x1b[m\x1b[Ktmcm1640_reply_format::VALUE1] << 8  |\n'}
[0.976346] (tuw_hardware_trinamic_driver) StderrLine: {'line': b'      |                               \x1b[01;31m\x1b[K^\x1b[m\x1b[K\n'}
[0.976456] (tuw_hardware_trinamic_driver) StderrLine: {'line': b'\x1b[01m\x1b[K/usr/include/c++/13/array:200:7:\x1b[m\x1b[K \x1b[01;36m\x1b[Knote: \x1b[m\x1b[Kcandidate: \xe2\x80\x98\x1b[01m\x1b[Kconstexpr std::array<_Tp, _Nm>::value_type& std::array<_Tp, _Nm>::\x1b[01;32m\x1b[Koperator[]\x1b[m\x1b[K(size_type) \x1b[35m\x1b[K[with _Tp = unsigned char; long unsigned int _Nm = 9; reference = unsigned char&; size_type = long unsigned int]\x1b[m\x1b[K\x1b[m\x1b[K\xe2\x80\x99\n'}
[0.976565] (tuw_hardware_trinamic_driver) StderrLine: {'line': b'  200 |       \x1b[01;36m\x1b[Koperator\x1b[m\x1b[K[](size_type __n) noexcept\n'}
[0.976660] (tuw_hardware_trinamic_driver) StderrLine: {'line': b'      |       \x1b[01;36m\x1b[K^~~~~~~~\x1b[m\x1b[K\n'}
[0.976755] (tuw_hardware_trinamic_driver) StderrLine: {'line': b'\x1b[01m\x1b[K/usr/include/c++/13/array:200:28:\x1b[m\x1b[K \x1b[01;36m\x1b[Knote: \x1b[m\x1b[K  no known conversion for argument 1 from \xe2\x80\x98\x1b[01m\x1b[Ktmcm1640::tmcm1640_reply_format\x1b[m\x1b[K\xe2\x80\x99 to \xe2\x80\x98\x1b[01m\x1b[Kstd::array<unsigned char, 9>::size_type\x1b[m\x1b[K\xe2\x80\x99 {aka \xe2\x80\x98\x1b[01m\x1b[Klong unsigned int\x1b[m\x1b[K\xe2\x80\x99}\n'}
[0.976851] (tuw_hardware_trinamic_driver) StderrLine: {'line': b'  200 |       operator[](\x1b[01;36m\x1b[Ksize_type __n\x1b[m\x1b[K) noexcept\n'}
[0.976947] (tuw_hardware_trinamic_driver) StderrLine: {'line': b'      |                  \x1b[01;36m\x1b[K~~~~~~~~~~^~~\x1b[m\x1b[K\n'}
[0.977037] (tuw_hardware_trinamic_driver) StderrLine: {'line': b'\x1b[01m\x1b[K/usr/include/c++/13/array:208:7:\x1b[m\x1b[K \x1b[01;36m\x1b[Knote: \x1b[m\x1b[Kcandidate: \xe2\x80\x98\x1b[01m\x1b[Kconstexpr const std::array<_Tp, _Nm>::value_type& std::array<_Tp, _Nm>::\x1b[01;32m\x1b[Koperator[]\x1b[m\x1b[K(size_type) const \x1b[35m\x1b[K[with _Tp = unsigned char; long unsigned int _Nm = 9; const_reference = const unsigned char&; size_type = long unsigned int]\x1b[m\x1b[K\x1b[m\x1b[K\xe2\x80\x99\n'}
[0.977137] (tuw_hardware_trinamic_driver) StderrLine: {'line': b'  208 |       \x1b[01;36m\x1b[Koperator\x1b[m\x1b[K[](size_type __n) const noexcept\n'}
[0.977221] (tuw_hardware_trinamic_driver) StderrLine: {'line': b'      |       \x1b[01;36m\x1b[K^~~~~~~~\x1b[m\x1b[K\n'}
[0.977307] (tuw_hardware_trinamic_driver) StderrLine: {'line': b'\x1b[01m\x1b[K/usr/include/c++/13/array:208:28:\x1b[m\x1b[K \x1b[01;36m\x1b[Knote: \x1b[m\x1b[K  no known conversion for argument 1 from \xe2\x80\x98\x1b[01m\x1b[Ktmcm1640::tmcm1640_reply_format\x1b[m\x1b[K\xe2\x80\x99 to \xe2\x80\x98\x1b[01m\x1b[Kstd::array<unsigned char, 9>::size_type\x1b[m\x1b[K\xe2\x80\x99 {aka \xe2\x80\x98\x1b[01m\x1b[Klong unsigned int\x1b[m\x1b[K\xe2\x80\x99}\n'}
[0.977394] (tuw_hardware_trinamic_driver) StderrLine: {'line': b'  208 |       operator[](\x1b[01;36m\x1b[Ksize_type __n\x1b[m\x1b[K) const noexcept\n'}
[0.977494] (tuw_hardware_trinamic_driver) StderrLine: {'line': b'      |                  \x1b[01;36m\x1b[K~~~~~~~~~~^~~\x1b[m\x1b[K\n'}
[0.977582] (tuw_hardware_trinamic_driver) StderrLine: {'line': b'\x1b[01m\x1b[K/home/coffee/Documents/Studium/TU/bachelorarbeit/tuw_hardware_interface/src/tuw_hardware_trinamic_driver/src/tuw_hardware_trinamic_connection.cpp:178:31:\x1b[m\x1b[K \x1b[01;31m\x1b[Kerror: \x1b[m\x1b[Kno match for \xe2\x80\x98\x1b[01m\x1b[Koperator[]\x1b[m\x1b[K\xe2\x80\x99 (operand types are \xe2\x80\x98\x1b[01m\x1b[Kstd::array<unsigned char, 9>\x1b[m\x1b[K\xe2\x80\x99 and \xe2\x80\x98\x1b[01m\x1b[Ktmcm1640::tmcm1640_reply_format\x1b[m\x1b[K\xe2\x80\x99)\n'}
[0.977678] (tuw_hardware_trinamic_driver) StderrLine: {'line': b'  178 |                  reply_message\x1b[01;31m\x1b[K[\x1b[m\x1b[Ktmcm1640_reply_format::VALUE0]);\n'}
[0.977771] (tuw_hardware_trinamic_driver) StderrLine: {'line': b'      |                               \x1b[01;31m\x1b[K^\x1b[m\x1b[K\n'}
[0.977862] (tuw_hardware_trinamic_driver) StderrLine: {'line': b'\x1b[01m\x1b[K/usr/include/c++/13/array:200:7:\x1b[m\x1b[K \x1b[01;36m\x1b[Knote: \x1b[m\x1b[Kcandidate: \xe2\x80\x98\x1b[01m\x1b[Kconstexpr std::array<_Tp, _Nm>::value_type& std::array<_Tp, _Nm>::\x1b[01;32m\x1b[Koperator[]\x1b[m\x1b[K(size_type) \x1b[35m\x1b[K[with _Tp = unsigned char; long unsigned int _Nm = 9; reference = unsigned char&; size_type = long unsigned int]\x1b[m\x1b[K\x1b[m\x1b[K\xe2\x80\x99\n'}
[0.977960] (tuw_hardware_trinamic_driver) StderrLine: {'line': b'  200 |       \x1b[01;36m\x1b[Koperator\x1b[m\x1b[K[](size_type __n) noexcept\n'}
[0.978053] (tuw_hardware_trinamic_driver) StderrLine: {'line': b'      |       \x1b[01;36m\x1b[K^~~~~~~~\x1b[m\x1b[K\n'}
[0.978143] (tuw_hardware_trinamic_driver) StderrLine: {'line': b'\x1b[01m\x1b[K/usr/include/c++/13/array:200:28:\x1b[m\x1b[K \x1b[01;36m\x1b[Knote: \x1b[m\x1b[K  no known conversion for argument 1 from \xe2\x80\x98\x1b[01m\x1b[Ktmcm1640::tmcm1640_reply_format\x1b[m\x1b[K\xe2\x80\x99 to \xe2\x80\x98\x1b[01m\x1b[Kstd::array<unsigned char, 9>::size_type\x1b[m\x1b[K\xe2\x80\x99 {aka \xe2\x80\x98\x1b[01m\x1b[Klong unsigned int\x1b[m\x1b[K\xe2\x80\x99}\n'}
[0.978239] (tuw_hardware_trinamic_driver) StderrLine: {'line': b'  200 |       operator[](\x1b[01;36m\x1b[Ksize_type __n\x1b[m\x1b[K) noexcept\n'}
[0.978328] (tuw_hardware_trinamic_driver) StderrLine: {'line': b'      |                  \x1b[01;36m\x1b[K~~~~~~~~~~^~~\x1b[m\x1b[K\n'}
[0.978416] (tuw_hardware_trinamic_driver) StderrLine: {'line': b'\x1b[01m\x1b[K/usr/include/c++/13/array:208:7:\x1b[m\x1b[K \x1b[01;36m\x1b[Knote: \x1b[m\x1b[Kcandidate: \xe2\x80\x98\x1b[01m\x1b[Kconstexpr const std::array<_Tp, _Nm>::value_type& std::array<_Tp, _Nm>::\x1b[01;32m\x1b[Koperator[]\x1b[m\x1b[K(size_type) const \x1b[35m\x1b[K[with _Tp = unsigned char; long unsigned int _Nm = 9; const_reference = const unsigned char&; size_type = long unsigned int]\x1b[m\x1b[K\x1b[m\x1b[K\xe2\x80\x99\n'}
[0.978539] (tuw_hardware_trinamic_driver) StderrLine: {'line': b'  208 |       \x1b[01;36m\x1b[Koperator\x1b[m\x1b[K[](size_type __n) const noexcept\n'}
[0.978637] (tuw_hardware_trinamic_driver) StderrLine: {'line': b'      |       \x1b[01;36m\x1b[K^~~~~~~~\x1b[m\x1b[K\n'}
[0.978726] (tuw_hardware_trinamic_driver) StderrLine: {'line': b'\x1b[01m\x1b[K/usr/include/c++/13/array:208:28:\x1b[m\x1b[K \x1b[01;36m\x1b[Knote: \x1b[m\x1b[K  no known conversion for argument 1 from \xe2\x80\x98\x1b[01m\x1b[Ktmcm1640::tmcm1640_reply_format\x1b[m\x1b[K\xe2\x80\x99 to \xe2\x80\x98\x1b[01m\x1b[Kstd::array<unsigned char, 9>::size_type\x1b[m\x1b[K\xe2\x80\x99 {aka \xe2\x80\x98\x1b[01m\x1b[Klong unsigned int\x1b[m\x1b[K\xe2\x80\x99}\n'}
[0.978819] (tuw_hardware_trinamic_driver) StderrLine: {'line': b'  208 |       operator[](\x1b[01;36m\x1b[Ksize_type __n\x1b[m\x1b[K) const noexcept\n'}
[0.978911] (tuw_hardware_trinamic_driver) StderrLine: {'line': b'      |                  \x1b[01;36m\x1b[K~~~~~~~~~~^~~\x1b[m\x1b[K\n'}
[1.003871] (-) TimerEvent: {}
[1.019994] (tuw_hardware_trinamic_driver) StderrLine: {'line': b'In file included from \x1b[01m\x1b[K/usr/include/boost/format.hpp:49\x1b[m\x1b[K,\n'}
[1.022012] (tuw_hardware_trinamic_driver) StderrLine: {'line': b'                 from \x1b[01m\x1b[K/home/coffee/Documents/Studium/TU/bachelorarbeit/tuw_hardware_interface/src/tuw_hardware_trinamic_driver/src/tuw_hardware_trinamic_connection.cpp:3\x1b[m\x1b[K:\n'}
[1.022233] (tuw_hardware_trinamic_driver) StderrLine: {'line': b'/usr/include/boost/format/feed_args.hpp: In instantiation of \xe2\x80\x98\x1b[01m\x1b[Kvoid boost::io::detail::\x1b[01;32m\x1b[Kput_last\x1b[m\x1b[K(std::basic_ostream<_CharT, _Traits>&, const T&) \x1b[35m\x1b[K[with Ch = char; Tr = std::char_traits<char>; T = tmcm1640::tmcm1640_status_codes]\x1b[m\x1b[K\x1b[m\x1b[K\xe2\x80\x99:\n'}
[1.022384] (tuw_hardware_trinamic_driver) StderrLine: {'line': b'\x1b[01m\x1b[K/usr/include/boost/format/feed_args.hpp:126:17:\x1b[m\x1b[K   required from \xe2\x80\x98\x1b[01m\x1b[Kvoid boost::io::detail::\x1b[01;32m\x1b[Kcall_put_last\x1b[m\x1b[K(std::basic_ostream<_CharT, _Traits>&, const void*) \x1b[35m\x1b[K[with Ch = char; Tr = std::char_traits<char>; T = tmcm1640::tmcm1640_status_codes]\x1b[m\x1b[K\x1b[m\x1b[K\xe2\x80\x99\n'}
[1.022942] (tuw_hardware_trinamic_driver) StderrLine: {'line': b'\x1b[01m\x1b[K/usr/include/boost/format/feed_args.hpp:135:22:\x1b[m\x1b[K   required from \xe2\x80\x98\x1b[01m\x1b[Kboost::io::detail::put_holder<Ch, Tr>::\x1b[01;32m\x1b[Kput_holder\x1b[m\x1b[K(T&) \x1b[35m\x1b[K[with T = tmcm1640::tmcm1640_status_codes; Ch = char; Tr = std::char_traits<char>]\x1b[m\x1b[K\x1b[m\x1b[K\xe2\x80\x99\n'}
[1.023139] (tuw_hardware_trinamic_driver) StderrLine: {'line': b'\x1b[01m\x1b[K/usr/include/boost/format/feed_args.hpp:313:74:\x1b[m\x1b[K   required from \xe2\x80\x98\x1b[01m\x1b[Kboost::basic_format<Ch, Tr, Alloc>& boost::io::detail::\x1b[01;32m\x1b[Kfeed\x1b[m\x1b[K(boost::basic_format<Ch, Tr, Alloc>&, T) \x1b[35m\x1b[K[with Ch = char; Tr = std::char_traits<char>; Alloc = std::allocator<char>; T = tmcm1640::tmcm1640_status_codes&]\x1b[m\x1b[K\x1b[m\x1b[K\xe2\x80\x99\n'}
[1.023281] (tuw_hardware_trinamic_driver) StderrLine: {'line': b'\x1b[01m\x1b[K/usr/include/boost/format/format_class.hpp:68:60:\x1b[m\x1b[K   required from \xe2\x80\x98\x1b[01m\x1b[Kboost::basic_format<Ch, Tr, Alloc>& boost::basic_format<Ch, Tr, Alloc>::\x1b[01;32m\x1b[Koperator%\x1b[m\x1b[K(T&) \x1b[35m\x1b[K[with T = tmcm1640::tmcm1640_status_codes; Ch = char; Tr = std::char_traits<char>; Alloc = std::allocator<char>]\x1b[m\x1b[K\x1b[m\x1b[K\xe2\x80\x99\n'}
[1.023414] (tuw_hardware_trinamic_driver) StderrLine: {'line': b'\x1b[01m\x1b[K/home/coffee/Documents/Studium/TU/bachelorarbeit/tuw_hardware_interface/src/tuw_hardware_trinamic_driver/src/tuw_hardware_trinamic_connection.cpp:121:77:\x1b[m\x1b[K   required from here\n'}
[1.023563] (tuw_hardware_trinamic_driver) StderrLine: {'line': b'\x1b[01m\x1b[K/usr/include/boost/format/feed_args.hpp:99:12:\x1b[m\x1b[K \x1b[01;31m\x1b[Kerror: \x1b[m\x1b[Kno match for \xe2\x80\x98\x1b[01m\x1b[Koperator<<\x1b[m\x1b[K\xe2\x80\x99 (operand types are \xe2\x80\x98\x1b[01m\x1b[Kstd::basic_ostream<char>\x1b[m\x1b[K\xe2\x80\x99 and \xe2\x80\x98\x1b[01m\x1b[Kconst tmcm1640::tmcm1640_status_codes\x1b[m\x1b[K\xe2\x80\x99)\n'}
[1.023721] (tuw_hardware_trinamic_driver) StderrLine: {'line': b'   99 |         \x1b[01;31m\x1b[Kos << x\x1b[m\x1b[K ;\n'}
[1.023845] (tuw_hardware_trinamic_driver) StderrLine: {'line': b'      |         \x1b[01;31m\x1b[K~~~^~~~\x1b[m\x1b[K\n'}
[1.023968] (tuw_hardware_trinamic_driver) StderrLine: {'line': b'In file included from \x1b[01m\x1b[K/usr/include/boost/format/detail/compat_workarounds.hpp:60\x1b[m\x1b[K,\n'}
[1.024092] (tuw_hardware_trinamic_driver) StderrLine: {'line': b'                 from \x1b[01m\x1b[K/usr/include/boost/format.hpp:27\x1b[m\x1b[K:\n'}
[1.024213] (tuw_hardware_trinamic_driver) StderrLine: {'line': b'\x1b[01m\x1b[K/usr/include/c++/13/ostream:110:7:\x1b[m\x1b[K \x1b[01;36m\x1b[Knote: \x1b[m\x1b[Kcandidate: \xe2\x80\x98\x1b[01m\x1b[Kstd::basic_ostream<_CharT, _Traits>::__ostream_type& std::basic_ostream<_CharT, _Traits>::\x1b[01;32m\x1b[Koperator<<\x1b[m\x1b[K(__ostream_type& (*)(__ostream_type&)) \x1b[35m\x1b[K[with _CharT = char; _Traits = std::char_traits<char>; __ostream_type = std::basic_ostream<char>]\x1b[m\x1b[K\x1b[m\x1b[K\xe2\x80\x99\n'}
[1.024352] (tuw_hardware_trinamic_driver) StderrLine: {'line': b'  110 |       \x1b[01;36m\x1b[Koperator\x1b[m\x1b[K<<(__ostream_type& (*__pf)(__ostream_type&))\n'}
[1.024489] (tuw_hardware_trinamic_driver) StderrLine: {'line': b'      |       \x1b[01;36m\x1b[K^~~~~~~~\x1b[m\x1b[K\n'}
[1.024637] (tuw_hardware_trinamic_driver) StderrLine: {'line': b'\x1b[01m\x1b[K/usr/include/c++/13/ostream:110:36:\x1b[m\x1b[K \x1b[01;36m\x1b[Knote: \x1b[m\x1b[K  no known conversion for argument 1 from \xe2\x80\x98\x1b[01m\x1b[Kconst tmcm1640::tmcm1640_status_codes\x1b[m\x1b[K\xe2\x80\x99 to \xe2\x80\x98\x1b[01m\x1b[Kstd::basic_ostream<char>::__ostream_type& (*)(std::basic_ostream<char>::__ostream_type&)\x1b[m\x1b[K\xe2\x80\x99 {aka \xe2\x80\x98\x1b[01m\x1b[Kstd::basic_ostream<char>& (*)(std::basic_ostream<char>&)\x1b[m\x1b[K\xe2\x80\x99}\n'}
[1.024769] (tuw_hardware_trinamic_driver) StderrLine: {'line': b'  110 |       operator<<(\x1b[01;36m\x1b[K__ostream_type& (*__pf)(__ostream_type&)\x1b[m\x1b[K)\n'}
[1.024929] (tuw_hardware_trinamic_driver) StderrLine: {'line': b'      |                  \x1b[01;36m\x1b[K~~~~~~~~~~~~~~~~~~^~~~~~~~~~~~~~~~~~~~~~\x1b[m\x1b[K\n'}
[1.025062] (tuw_hardware_trinamic_driver) StderrLine: {'line': b'\x1b[01m\x1b[K/usr/include/c++/13/ostream:119:7:\x1b[m\x1b[K \x1b[01;36m\x1b[Knote: \x1b[m\x1b[Kcandidate: \xe2\x80\x98\x1b[01m\x1b[Kstd::basic_ostream<_CharT, _Traits>::__ostream_type& std::basic_ostream<_CharT, _Traits>::\x1b[01;32m\x1b[Koperator<<\x1b[m\x1b[K(__ios_type& (*)(__ios_type&)) \x1b[35m\x1b[K[with _CharT = char; _Traits = std::char_traits<char>; __ostream_type = std::basic_ostream<char>; __ios_type = std::basic_ios<char>]\x1b[m\x1b[K\x1b[m\x1b[K\xe2\x80\x99\n'}
[1.025197] (tuw_hardware_trinamic_driver) StderrLine: {'line': b'  119 |       \x1b[01;36m\x1b[Koperator\x1b[m\x1b[K<<(__ios_type& (*__pf)(__ios_type&))\n'}
[1.025321] (tuw_hardware_trinamic_driver) StderrLine: {'line': b'      |       \x1b[01;36m\x1b[K^~~~~~~~\x1b[m\x1b[K\n'}
[1.025450] (tuw_hardware_trinamic_driver) StderrLine: {'line': b'\x1b[01m\x1b[K/usr/include/c++/13/ostream:119:32:\x1b[m\x1b[K \x1b[01;36m\x1b[Knote: \x1b[m\x1b[K  no known conversion for argument 1 from \xe2\x80\x98\x1b[01m\x1b[Kconst tmcm1640::tmcm1640_status_codes\x1b[m\x1b[K\xe2\x80\x99 to \xe2\x80\x98\x1b[01m\x1b[Kstd::basic_ostream<char>::__ios_type& (*)(std::basic_ostream<char>::__ios_type&)\x1b[m\x1b[K\xe2\x80\x99 {aka \xe2\x80\x98\x1b[01m\x1b[Kstd::basic_ios<char>& (*)(std::basic_ios<char>&)\x1b[m\x1b[K\xe2\x80\x99}\n'}
[1.025593] (tuw_hardware_trinamic_driver) StderrLine: {'line': b'  119 |       operator<<(\x1b[01;36m\x1b[K__ios_type& (*__pf)(__ios_type&)\x1b[m\x1b[K)\n'}
[1.025717] (tuw_hardware_trinamic_driver) StderrLine: {'line': b'      |                  \x1b[01;36m\x1b[K~~~~~~~~~~~~~~^~~~~~~~~~~~~~~~~~\x1b[m\x1b[K\n'}
[1.025848] (tuw_hardware_trinamic_driver) StderrLine: {'line': b'\x1b[01m\x1b[K/usr/include/c++/13/ostream:129:7:\x1b[m\x1b[K \x1b[01;36m\x1b[Knote: \x1b[m\x1b[Kcandidate: \xe2\x80\x98\x1b[01m\x1b[Kstd::basic_ostream<_CharT, _Traits>::__ostream_type& std::basic_ostream<_CharT, _Traits>::\x1b[01;32m\x1b[Koperator<<\x1b[m\x1b[K(std::ios_base& (*)(std::ios_base&)) \x1b[35m\x1b[K[with _CharT = char; _Traits = std::char_traits<char>; __ostream_type = std::basic_ostream<char>]\x1b[m\x1b[K\x1b[m\x1b[K\xe2\x80\x99\n'}
[1.025976] (tuw_hardware_trinamic_driver) StderrLine: {'line': b'  129 |       \x1b[01;36m\x1b[Koperator\x1b[m\x1b[K<<(ios_base& (*__pf) (ios_base&))\n'}
[1.026099] (tuw_hardware_trinamic_driver) StderrLine: {'line': b'      |       \x1b[01;36m\x1b[K^~~~~~~~\x1b[m\x1b[K\n'}
[1.026218] (tuw_hardware_trinamic_driver) StderrLine: {'line': b'\x1b[01m\x1b[K/usr/include/c++/13/ostream:129:30:\x1b[m\x1b[K \x1b[01;36m\x1b[Knote: \x1b[m\x1b[K  no known conversion for argument 1 from \xe2\x80\x98\x1b[01m\x1b[Kconst tmcm1640::tmcm1640_status_codes\x1b[m\x1b[K\xe2\x80\x99 to \xe2\x80\x98\x1b[01m\x1b[Kstd::ios_base& (*)(std::ios_base&)\x1b[m\x1b[K\xe2\x80\x99\n'}
[1.026342] (tuw_hardware_trinamic_driver) StderrLine: {'line': b'  129 |       operator<<(\x1b[01;36m\x1b[Kios_base& (*__pf) (ios_base&)\x1b[m\x1b[K)\n'}
[1.026480] (tuw_hardware_trinamic_driver) StderrLine: {'line': b'      |                  \x1b[01;36m\x1b[K~~~~~~~~~~~~^~~~~~~~~~~~~~~~~\x1b[m\x1b[K\n'}
[1.026609] (tuw_hardware_trinamic_driver) StderrLine: {'line': b'\x1b[01m\x1b[K/usr/include/c++/13/ostream:168:7:\x1b[m\x1b[K \x1b[01;36m\x1b[Knote: \x1b[m\x1b[Kcandidate: \xe2\x80\x98\x1b[01m\x1b[Kstd::basic_ostream<_CharT, _Traits>::__ostream_type& std::basic_ostream<_CharT, _Traits>::\x1b[01;32m\x1b[Koperator<<\x1b[m\x1b[K(long int) \x1b[35m\x1b[K[with _CharT = char; _Traits = std::char_traits<char>; __ostream_type = std::basic_ostream<char>]\x1b[m\x1b[K\x1b[m\x1b[K\xe2\x80\x99\n'}
[1.026735] (tuw_hardware_trinamic_driver) StderrLine: {'line': b'  168 |       \x1b[01;36m\x1b[Koperator\x1b[m\x1b[K<<(long __n)\n'}
[1.026857] (tuw_hardware_trinamic_driver) StderrLine: {'line': b'      |       \x1b[01;36m\x1b[K^~~~~~~~\x1b[m\x1b[K\n'}
[1.026976] (tuw_hardware_trinamic_driver) StderrLine: {'line': b'\x1b[01m\x1b[K/usr/include/c++/13/ostream:168:23:\x1b[m\x1b[K \x1b[01;36m\x1b[Knote: \x1b[m\x1b[K  no known conversion for argument 1 from \xe2\x80\x98\x1b[01m\x1b[Kconst tmcm1640::tmcm1640_status_codes\x1b[m\x1b[K\xe2\x80\x99 to \xe2\x80\x98\x1b[01m\x1b[Klong int\x1b[m\x1b[K\xe2\x80\x99\n'}
[1.027098] (tuw_hardware_trinamic_driver) StderrLine: {'line': b'  168 |       operator<<(\x1b[01;36m\x1b[Klong __n\x1b[m\x1b[K)\n'}
[1.027217] (tuw_hardware_trinamic_driver) StderrLine: {'line': b'      |                  \x1b[01;36m\x1b[K~~~~~^~~\x1b[m\x1b[K\n'}
[1.027334] (tuw_hardware_trinamic_driver) StderrLine: {'line': b'\x1b[01m\x1b[K/usr/include/c++/13/ostream:172:7:\x1b[m\x1b[K \x1b[01;36m\x1b[Knote: \x1b[m\x1b[Kcandidate: \xe2\x80\x98\x1b[01m\x1b[Kstd::basic_ostream<_CharT, _Traits>::__ostream_type& std::basic_ostream<_CharT, _Traits>::\x1b[01;32m\x1b[Koperator<<\x1b[m\x1b[K(long unsigned int) \x1b[35m\x1b[K[with _CharT = char; _Traits = std::char_traits<char>; __ostream_type = std::basic_ostream<char>]\x1b[m\x1b[K\x1b[m\x1b[K\xe2\x80\x99\n'}
[1.027470] (tuw_hardware_trinamic_driver) StderrLine: {'line': b'  172 |       \x1b[01;36m\x1b[Koperator\x1b[m\x1b[K<<(unsigned long __n)\n'}
[1.027597] (tuw_hardware_trinamic_driver) StderrLine: {'line': b'      |       \x1b[01;36m\x1b[K^~~~~~~~\x1b[m\x1b[K\n'}
[1.027717] (tuw_hardware_trinamic_driver) StderrLine: {'line': b'\x1b[01m\x1b[K/usr/include/c++/13/ostream:172:32:\x1b[m\x1b[K \x1b[01;36m\x1b[Knote: \x1b[m\x1b[K  no known conversion for argument 1 from \xe2\x80\x98\x1b[01m\x1b[Kconst tmcm1640::tmcm1640_status_codes\x1b[m\x1b[K\xe2\x80\x99 to \xe2\x80\x98\x1b[01m\x1b[Klong unsigned int\x1b[m\x1b[K\xe2\x80\x99\n'}
[1.027837] (tuw_hardware_trinamic_driver) StderrLine: {'line': b'  172 |       operator<<(\x1b[01;36m\x1b[Kunsigned long __n\x1b[m\x1b[K)\n'}
[1.027967] (tuw_hardware_trinamic_driver) StderrLine: {'line': b'      |                  \x1b[01;36m\x1b[K~~~~~~~~~~~~~~^~~\x1b[m\x1b[K\n'}
[1.028085] (tuw_hardware_trinamic_driver) StderrLine: {'line': b'\x1b[01m\x1b[K/usr/include/c++/13/ostream:176:7:\x1b[m\x1b[K \x1b[01;36m\x1b[Knote: \x1b[m\x1b[Kcandidate: \xe2\x80\x98\x1b[01m\x1b[Kstd::basic_ostream<_CharT, _Traits>::__ostream_type& std::basic_ostream<_CharT, _Traits>::\x1b[01;32m\x1b[Koperator<<\x1b[m\x1b[K(bool) \x1b[35m\x1b[K[with _CharT = char; _Traits = std::char_traits<char>; __ostream_type = std::basic_ostream<char>]\x1b[m\x1b[K\x1b[m\x1b[K\xe2\x80\x99\n'}
[1.028209] (tuw_hardware_trinamic_driver) StderrLine: {'line': b'  176 |       \x1b[01;36m\x1b[Koperator\x1b[m\x1b[K<<(bool __n)\n'}
[1.028328] (tuw_hardware_trinamic_driver) StderrLine: {'line': b'      |       \x1b[01;36m\x1b[K^~~~~~~~\x1b[m\x1b[K\n'}
[1.028454] (tuw_hardware_trinamic_driver) StderrLine: {'line': b'\x1b[01m\x1b[K/usr/include/c++/13/ostream:176:23:\x1b[m\x1b[K \x1b[01;36m\x1b[Knote: \x1b[m\x1b[K  no known conversion for argument 1 from \xe2\x80\x98\x1b[01m\x1b[Kconst tmcm1640::tmcm1640_status_codes\x1b[m\x1b[K\xe2\x80\x99 to \xe2\x80\x98\x1b[01m\x1b[Kbool\x1b[m\x1b[K\xe2\x80\x99\n'}
[1.028597] (tuw_hardware_trinamic_driver) StderrLine: {'line': b'  176 |       operator<<(\x1b[01;36m\x1b[Kbool __n\x1b[m\x1b[K)\n'}
[1.028726] (tuw_hardware_trinamic_driver) StderrLine: {'line': b'      |                  \x1b[01;36m\x1b[K~~~~~^~~\x1b[m\x1b[K\n'}
[1.028845] (tuw_hardware_trinamic_driver) StderrLine: {'line': b'In file included from \x1b[01m\x1b[K/usr/include/c++/13/ostream:880\x1b[m\x1b[K:\n'}
[1.028971] (tuw_hardware_trinamic_driver) StderrLine: {'line': b'\x1b[01m\x1b[K/usr/include/c++/13/bits/ostream.tcc:96:5:\x1b[m\x1b[K \x1b[01;36m\x1b[Knote: \x1b[m\x1b[Kcandidate: \xe2\x80\x98\x1b[01m\x1b[Kstd::basic_ostream<_CharT, _Traits>& std::basic_ostream<_CharT, _Traits>::\x1b[01;32m\x1b[Koperator<<\x1b[m\x1b[K(short int) \x1b[35m\x1b[K[with _CharT = char; _Traits = std::char_traits<char>]\x1b[m\x1b[K\x1b[m\x1b[K\xe2\x80\x99\n'}
[1.029096] (tuw_hardware_trinamic_driver) StderrLine: {'line': b'   96 |     \x1b[01;36m\x1b[Kbasic_ostream<_CharT, _Traits>\x1b[m\x1b[K::\n'}
[1.029217] (tuw_hardware_trinamic_driver) StderrLine: {'line': b'      |     \x1b[01;36m\x1b[K^~~~~~~~~~~~~~~~~~~~~~~~~~~~~~\x1b[m\x1b[K\n'}
[1.029336] (tuw_hardware_trinamic_driver) StderrLine: {'line': b'\x1b[01m\x1b[K/usr/include/c++/13/bits/ostream.tcc:97:22:\x1b[m\x1b[K \x1b[01;36m\x1b[Knote: \x1b[m\x1b[K  no known conversion for argument 1 from \xe2\x80\x98\x1b[01m\x1b[Kconst tmcm1640::tmcm1640_status_codes\x1b[m\x1b[K\xe2\x80\x99 to \xe2\x80\x98\x1b[01m\x1b[Kshort int\x1b[m\x1b[K\xe2\x80\x99\n'}
[1.029478] (tuw_hardware_trinamic_driver) StderrLine: {'line': b'   97 |     operator<<(\x1b[01;36m\x1b[Kshort __n\x1b[m\x1b[K)\n'}
[1.029606] (tuw_hardware_trinamic_driver) StderrLine: {'line': b'      |                \x1b[01;36m\x1b[K~~~~~~^~~\x1b[m\x1b[K\n'}
[1.029731] (tuw_hardware_trinamic_driver) StderrLine: {'line': b'\x1b[01m\x1b[K/usr/include/c++/13/ostream:183:7:\x1b[m\x1b[K \x1b[01;36m\x1b[Knote: \x1b[m\x1b[Kcandidate: \xe2\x80\x98\x1b[01m\x1b[Kstd::basic_ostream<_CharT, _Traits>::__ostream_type& std::basic_ostream<_CharT, _Traits>::\x1b[01;32m\x1b[Koperator<<\x1b[m\x1b[K(short unsigned int) \x1b[35m\x1b[K[with _CharT = char; _Traits = std::char_traits<char>; __ostream_type = std::basic_ostream<char>]\x1b[m\x1b[K\x1b[m\x1b[K\xe2\x80\x99\n'}
[1.029861] (tuw_hardware_trinamic_driver) StderrLine: {'line': b'  183 |       \x1b[01;36m\x1b[Koperator\x1b[m\x1b[K<<(unsigned short __n)\n'}
[1.029982] (tuw_hardware_trinamic_driver) StderrLine: {'line': b'      |       \x1b[01;36m\x1b[K^~~~~~~~\x1b[m\x1b[K\n'}
[1.030103] (tuw_hardware_trinamic_driver) StderrLine: {'line': b'\x1b[01m\x1b[K/usr/include/c++/13/ostream:183:33:\x1b[m\x1b[K \x1b[01;36m\x1b[Knote: \x1b[m\x1b[K  no known conversion for argument 1 from \xe2\x80\x98\x1b[01m\x1b[Kconst tmcm1640::tmcm1640_status_codes\x1b[m\x1b[K\xe2\x80\x99 to \xe2\x80\x98\x1b[01m\x1b[Kshort unsigned int\x1b[m\x1b[K\xe2\x80\x99\n'}
[1.030234] (tuw_hardware_trinamic_driver) StderrLine: {'line': b'  183 |       operator<<(\x1b[01;36m\x1b[Kunsigned short __n\x1b[m\x1b[K)\n'}
[1.030353] (tuw_hardware_trinamic_driver) StderrLine: {'line': b'      |                  \x1b[01;36m\x1b[K~~~~~~~~~~~~~~~^~~\x1b[m\x1b[K\n'}
[1.030485] (tuw_hardware_trinamic_driver) StderrLine: {'line': b'\x1b[01m\x1b[K/usr/include/c++/13/bits/ostream.tcc:110:5:\x1b[m\x1b[K \x1b[01;36m\x1b[Knote: \x1b[m\x1b[Kcandidate: \xe2\x80\x98\x1b[01m\x1b[Kstd::basic_ostream<_CharT, _Traits>& std::basic_ostream<_CharT, _Traits>::\x1b[01;32m\x1b[Koperator<<\x1b[m\x1b[K(int) \x1b[35m\x1b[K[with _CharT = char; _Traits = std::char_traits<char>]\x1b[m\x1b[K\x1b[m\x1b[K\xe2\x80\x99\n'}
[1.030616] (tuw_hardware_trinamic_driver) StderrLine: {'line': b'  110 |     \x1b[01;36m\x1b[Kbasic_ostream<_CharT, _Traits>\x1b[m\x1b[K::\n'}
[1.030742] (tuw_hardware_trinamic_driver) StderrLine: {'line': b'      |     \x1b[01;36m\x1b[K^~~~~~~~~~~~~~~~~~~~~~~~~~~~~~\x1b[m\x1b[K\n'}
[1.030865] (tuw_hardware_trinamic_driver) StderrLine: {'line': b'\x1b[01m\x1b[K/usr/include/c++/13/bits/ostream.tcc:111:20:\x1b[m\x1b[K \x1b[01;36m\x1b[Knote: \x1b[m\x1b[K  no known conversion for argument 1 from \xe2\x80\x98\x1b[01m\x1b[Kconst tmcm1640::tmcm1640_status_codes\x1b[m\x1b[K\xe2\x80\x99 to \xe2\x80\x98\x1b[01m\x1b[Kint\x1b[m\x1b[K\xe2\x80\x99\n'}
[1.030988] (tuw_hardware_trinamic_driver) StderrLine: {'line': b'  111 |     operator<<(\x1b[01;36m\x1b[Kint __n\x1b[m\x1b[K)\n'}
[1.031114] (tuw_hardware_trinamic_driver) StderrLine: {'line': b'      |                \x1b[01;36m\x1b[K~~~~^~~\x1b[m\x1b[K\n'}
[1.031245] (tuw_hardware_trinamic_driver) StderrLine: {'line': b'\x1b[01m\x1b[K/usr/include/c++/13/ostream:194:7:\x1b[m\x1b[K \x1b[01;36m\x1b[Knote: \x1b[m\x1b[Kcandidate: \xe2\x80\x98\x1b[01m\x1b[Kstd::basic_ostream<_CharT, _Traits>::__ostream_type& std::basic_ostream<_CharT, _Traits>::\x1b[01;32m\x1b[Koperator<<\x1b[m\x1b[K(unsigned int) \x1b[35m\x1b[K[with _CharT = char; _Traits = std::char_traits<char>; __ostream_type = std::basic_ostream<char>]\x1b[m\x1b[K\x1b[m\x1b[K\xe2\x80\x99\n'}
[1.031375] (tuw_hardware_trinamic_driver) StderrLine: {'line': b'  194 |       \x1b[01;36m\x1b[Koperator\x1b[m\x1b[K<<(unsigned int __n)\n'}
[1.031515] (tuw_hardware_trinamic_driver) StderrLine: {'line': b'      |       \x1b[01;36m\x1b[K^~~~~~~~\x1b[m\x1b[K\n'}
[1.031652] (tuw_hardware_trinamic_driver) StderrLine: {'line': b'\x1b[01m\x1b[K/usr/include/c++/13/ostream:194:31:\x1b[m\x1b[K \x1b[01;36m\x1b[Knote: \x1b[m\x1b[K  no known conversion for argument 1 from \xe2\x80\x98\x1b[01m\x1b[Kconst tmcm1640::tmcm1640_status_codes\x1b[m\x1b[K\xe2\x80\x99 to \xe2\x80\x98\x1b[01m\x1b[Kunsigned int\x1b[m\x1b[K\xe2\x80\x99\n'}
[1.031782] (tuw_hardware_trinamic_driver) StderrLine: {'line': b'  194 |       operator<<(\x1b[01;36m\x1b[Kunsigned int __n\x1b[m\x1b[K)\n'}
[1.031914] (tuw_hardware_trinamic_driver) StderrLine: {'line': b'      |                  \x1b[01;36m\x1b[K~~~~~~~~~~~~~^~~\x1b[m\x1b[K\n'}
[1.032037] (tuw_hardware_trinamic_driver) StderrLine: {'line': b'\x1b[01m\x1b[K/usr/include/c++/13/ostream:203:7:\x1b[m\x1b[K \x1b[01;36m\x1b[Knote: \x1b[m\x1b[Kcandidate: \xe2\x80\x98\x1b[01m\x1b[Kstd::basic_ostream<_CharT, _Traits>::__ostream_type& std::basic_ostream<_CharT, _Traits>::\x1b[01;32m\x1b[Koperator<<\x1b[m\x1b[K(long long int) \x1b[35m\x1b[K[with _CharT = char; _Traits = std::char_traits<char>; __ostream_type = std::basic_ostream<char>]\x1b[m\x1b[K\x1b[m\x1b[K\xe2\x80\x99\n'}
[1.032176] (tuw_hardware_trinamic_driver) StderrLine: {'line': b'  203 |       \x1b[01;36m\x1b[Koperator\x1b[m\x1b[K<<(long long __n)\n'}
[1.032311] (tuw_hardware_trinamic_driver) StderrLine: {'line': b'      |       \x1b[01;36m\x1b[K^~~~~~~~\x1b[m\x1b[K\n'}
[1.032473] (tuw_hardware_trinamic_driver) StderrLine: {'line': b'\x1b[01m\x1b[K/usr/include/c++/13/ostream:203:28:\x1b[m\x1b[K \x1b[01;36m\x1b[Knote: \x1b[m\x1b[K  no known conversion for argument 1 from \xe2\x80\x98\x1b[01m\x1b[Kconst tmcm1640::tmcm1640_status_codes\x1b[m\x1b[K\xe2\x80\x99 to \xe2\x80\x98\x1b[01m\x1b[Klong long int\x1b[m\x1b[K\xe2\x80\x99\n'}
[1.032632] (tuw_hardware_trinamic_driver) StderrLine: {'line': b'  203 |       operator<<(\x1b[01;36m\x1b[Klong long __n\x1b[m\x1b[K)\n'}
[1.033186] (tuw_hardware_trinamic_driver) StderrLine: {'line': b'      |                  \x1b[01;36m\x1b[K~~~~~~~~~~^~~\x1b[m\x1b[K\n'}
[1.033561] (tuw_hardware_trinamic_driver) StderrLine: {'line': b'\x1b[01m\x1b[K/usr/include/c++/13/ostream:207:7:\x1b[m\x1b[K \x1b[01;36m\x1b[Knote: \x1b[m\x1b[Kcandidate: \xe2\x80\x98\x1b[01m\x1b[Kstd::basic_ostream<_CharT, _Traits>::__ostream_type& std::basic_ostream<_CharT, _Traits>::\x1b[01;32m\x1b[Koperator<<\x1b[m\x1b[K(long long unsigned int) \x1b[35m\x1b[K[with _CharT = char; _Traits = std::char_traits<char>; __ostream_type = std::basic_ostream<char>]\x1b[m\x1b[K\x1b[m\x1b[K\xe2\x80\x99\n'}
[1.034052] (tuw_hardware_trinamic_driver) StderrLine: {'line': b'  207 |       \x1b[01;36m\x1b[Koperator\x1b[m\x1b[K<<(unsigned long long __n)\n'}
[1.034231] (tuw_hardware_trinamic_driver) StderrLine: {'line': b'      |       \x1b[01;36m\x1b[K^~~~~~~~\x1b[m\x1b[K\n'}
[1.034387] (tuw_hardware_trinamic_driver) StderrLine: {'line': b'\x1b[01m\x1b[K/usr/include/c++/13/ostream:207:37:\x1b[m\x1b[K \x1b[01;36m\x1b[Knote: \x1b[m\x1b[K  no known conversion for argument 1 from \xe2\x80\x98\x1b[01m\x1b[Kconst tmcm1640::tmcm1640_status_codes\x1b[m\x1b[K\xe2\x80\x99 to \xe2\x80\x98\x1b[01m\x1b[Klong long unsigned int\x1b[m\x1b[K\xe2\x80\x99\n'}
[1.034575] (tuw_hardware_trinamic_driver) StderrLine: {'line': b'  207 |       operator<<(\x1b[01;36m\x1b[Kunsigned long long __n\x1b[m\x1b[K)\n'}
[1.034732] (tuw_hardware_trinamic_driver) StderrLine: {'line': b'      |                  \x1b[01;36m\x1b[K~~~~~~~~~~~~~~~~~~~^~~\x1b[m\x1b[K\n'}
[1.035128] (tuw_hardware_trinamic_driver) StderrLine: {'line': b'\x1b[01m\x1b[K/usr/include/c++/13/ostream:222:7:\x1b[m\x1b[K \x1b[01;36m\x1b[Knote: \x1b[m\x1b[Kcandidate: \xe2\x80\x98\x1b[01m\x1b[Kstd::basic_ostream<_CharT, _Traits>::__ostream_type& std::basic_ostream<_CharT, _Traits>::\x1b[01;32m\x1b[Koperator<<\x1b[m\x1b[K(double) \x1b[35m\x1b[K[with _CharT = char; _Traits = std::char_traits<char>; __ostream_type = std::basic_ostream<char>]\x1b[m\x1b[K\x1b[m\x1b[K\xe2\x80\x99\n'}
[1.035277] (tuw_hardware_trinamic_driver) StderrLine: {'line': b'  222 |       \x1b[01;36m\x1b[Koperator\x1b[m\x1b[K<<(double __f)\n'}
[1.035446] (tuw_hardware_trinamic_driver) StderrLine: {'line': b'      |       \x1b[01;36m\x1b[K^~~~~~~~\x1b[m\x1b[K\n'}
[1.035618] (tuw_hardware_trinamic_driver) StderrLine: {'line': b'\x1b[01m\x1b[K/usr/include/c++/13/ostream:222:25:\x1b[m\x1b[K \x1b[01;36m\x1b[Knote: \x1b[m\x1b[K  no known conversion for argument 1 from \xe2\x80\x98\x1b[01m\x1b[Kconst tmcm1640::tmcm1640_status_codes\x1b[m\x1b[K\xe2\x80\x99 to \xe2\x80\x98\x1b[01m\x1b[Kdouble\x1b[m\x1b[K\xe2\x80\x99\n'}
[1.035779] (tuw_hardware_trinamic_driver) StderrLine: {'line': b'  222 |       operator<<(\x1b[01;36m\x1b[Kdouble __f\x1b[m\x1b[K)\n'}
[1.035932] (tuw_hardware_trinamic_driver) StderrLine: {'line': b'      |                  \x1b[01;36m\x1b[K~~~~~~~^~~\x1b[m\x1b[K\n'}
[1.036086] (tuw_hardware_trinamic_driver) StderrLine: {'line': b'\x1b[01m\x1b[K/usr/include/c++/13/ostream:226:7:\x1b[m\x1b[K \x1b[01;36m\x1b[Knote: \x1b[m\x1b[Kcandidate: \xe2\x80\x98\x1b[01m\x1b[Kstd::basic_ostream<_CharT, _Traits>::__ostream_type& std::basic_ostream<_CharT, _Traits>::\x1b[01;32m\x1b[Koperator<<\x1b[m\x1b[K(float) \x1b[35m\x1b[K[with _CharT = char; _Traits = std::char_traits<char>; __ostream_type = std::basic_ostream<char>]\x1b[m\x1b[K\x1b[m\x1b[K\xe2\x80\x99\n'}
[1.036241] (tuw_hardware_trinamic_driver) StderrLine: {'line': b'  226 |       \x1b[01;36m\x1b[Koperator\x1b[m\x1b[K<<(float __f)\n'}
[1.036383] (tuw_hardware_trinamic_driver) StderrLine: {'line': b'      |       \x1b[01;36m\x1b[K^~~~~~~~\x1b[m\x1b[K\n'}
[1.036566] (tuw_hardware_trinamic_driver) StderrLine: {'line': b'\x1b[01m\x1b[K/usr/include/c++/13/ostream:226:24:\x1b[m\x1b[K \x1b[01;36m\x1b[Knote: \x1b[m\x1b[K  no known conversion for argument 1 from \xe2\x80\x98\x1b[01m\x1b[Kconst tmcm1640::tmcm1640_status_codes\x1b[m\x1b[K\xe2\x80\x99 to \xe2\x80\x98\x1b[01m\x1b[Kfloat\x1b[m\x1b[K\xe2\x80\x99\n'}
[1.036717] (tuw_hardware_trinamic_driver) StderrLine: {'line': b'  226 |       operator<<(\x1b[01;36m\x1b[Kfloat __f\x1b[m\x1b[K)\n'}
[1.036844] (tuw_hardware_trinamic_driver) StderrLine: {'line': b'      |                  \x1b[01;36m\x1b[K~~~~~~^~~\x1b[m\x1b[K\n'}
[1.036979] (tuw_hardware_trinamic_driver) StderrLine: {'line': b'\x1b[01m\x1b[K/usr/include/c++/13/ostream:234:7:\x1b[m\x1b[K \x1b[01;36m\x1b[Knote: \x1b[m\x1b[Kcandidate: \xe2\x80\x98\x1b[01m\x1b[Kstd::basic_ostream<_CharT, _Traits>::__ostream_type& std::basic_ostream<_CharT, _Traits>::\x1b[01;32m\x1b[Koperator<<\x1b[m\x1b[K(long double) \x1b[35m\x1b[K[with _CharT = char; _Traits = std::char_traits<char>; __ostream_type = std::basic_ostream<char>]\x1b[m\x1b[K\x1b[m\x1b[K\xe2\x80\x99\n'}
[1.037125] (tuw_hardware_trinamic_driver) StderrLine: {'line': b'  234 |       \x1b[01;36m\x1b[Koperator\x1b[m\x1b[K<<(long double __f)\n'}
[1.037261] (tuw_hardware_trinamic_driver) StderrLine: {'line': b'      |       \x1b[01;36m\x1b[K^~~~~~~~\x1b[m\x1b[K\n'}
[1.037397] (tuw_hardware_trinamic_driver) StderrLine: {'line': b'\x1b[01m\x1b[K/usr/include/c++/13/ostream:234:30:\x1b[m\x1b[K \x1b[01;36m\x1b[Knote: \x1b[m\x1b[K  no known conversion for argument 1 from \xe2\x80\x98\x1b[01m\x1b[Kconst tmcm1640::tmcm1640_status_codes\x1b[m\x1b[K\xe2\x80\x99 to \xe2\x80\x98\x1b[01m\x1b[Klong double\x1b[m\x1b[K\xe2\x80\x99\n'}
[1.037558] (tuw_hardware_trinamic_driver) StderrLine: {'line': b'  234 |       operator<<(\x1b[01;36m\x1b[Klong double __f\x1b[m\x1b[K)\n'}
[1.037691] (tuw_hardware_trinamic_driver) StderrLine: {'line': b'      |                  \x1b[01;36m\x1b[K~~~~~~~~~~~~^~~\x1b[m\x1b[K\n'}
[1.037825] (tuw_hardware_trinamic_driver) StderrLine: {'line': b'\x1b[01m\x1b[K/usr/include/c++/13/ostream:292:7:\x1b[m\x1b[K \x1b[01;36m\x1b[Knote: \x1b[m\x1b[Kcandidate: \xe2\x80\x98\x1b[01m\x1b[Kstd::basic_ostream<_CharT, _Traits>::__ostream_type& std::basic_ostream<_CharT, _Traits>::\x1b[01;32m\x1b[Koperator<<\x1b[m\x1b[K(const void*) \x1b[35m\x1b[K[with _CharT = char; _Traits = std::char_traits<char>; __ostream_type = std::basic_ostream<char>]\x1b[m\x1b[K\x1b[m\x1b[K\xe2\x80\x99\n'}
[1.037963] (tuw_hardware_trinamic_driver) StderrLine: {'line': b'  292 |       \x1b[01;36m\x1b[Koperator\x1b[m\x1b[K<<(const void* __p)\n'}
[1.038093] (tuw_hardware_trinamic_driver) StderrLine: {'line': b'      |       \x1b[01;36m\x1b[K^~~~~~~~\x1b[m\x1b[K\n'}
[1.038224] (tuw_hardware_trinamic_driver) StderrLine: {'line': b'\x1b[01m\x1b[K/usr/include/c++/13/ostream:292:30:\x1b[m\x1b[K \x1b[01;36m\x1b[Knote: \x1b[m\x1b[K  no known conversion for argument 1 from \xe2\x80\x98\x1b[01m\x1b[Kconst tmcm1640::tmcm1640_status_codes\x1b[m\x1b[K\xe2\x80\x99 to \xe2\x80\x98\x1b[01m\x1b[Kconst void*\x1b[m\x1b[K\xe2\x80\x99\n'}
[1.038351] (tuw_hardware_trinamic_driver) StderrLine: {'line': b'  292 |       operator<<(\x1b[01;36m\x1b[Kconst void* __p\x1b[m\x1b[K)\n'}
[1.038501] (tuw_hardware_trinamic_driver) StderrLine: {'line': b'      |                  \x1b[01;36m\x1b[K~~~~~~~~~~~~^~~\x1b[m\x1b[K\n'}
[1.038656] (tuw_hardware_trinamic_driver) StderrLine: {'line': b'\x1b[01m\x1b[K/usr/include/c++/13/ostream:297:7:\x1b[m\x1b[K \x1b[01;36m\x1b[Knote: \x1b[m\x1b[Kcandidate: \xe2\x80\x98\x1b[01m\x1b[Kstd::basic_ostream<_CharT, _Traits>::__ostream_type& std::basic_ostream<_CharT, _Traits>::\x1b[01;32m\x1b[Koperator<<\x1b[m\x1b[K(std::nullptr_t) \x1b[35m\x1b[K[with _CharT = char; _Traits = std::char_traits<char>; __ostream_type = std::basic_ostream<char>; std::nullptr_t = std::nullptr_t]\x1b[m\x1b[K\x1b[m\x1b[K\xe2\x80\x99\n'}
[1.038805] (tuw_hardware_trinamic_driver) StderrLine: {'line': b'  297 |       \x1b[01;36m\x1b[Koperator\x1b[m\x1b[K<<(nullptr_t)\n'}
[1.038938] (tuw_hardware_trinamic_driver) StderrLine: {'line': b'      |       \x1b[01;36m\x1b[K^~~~~~~~\x1b[m\x1b[K\n'}
[1.039062] (tuw_hardware_trinamic_driver) StderrLine: {'line': b'\x1b[01m\x1b[K/usr/include/c++/13/ostream:297:18:\x1b[m\x1b[K \x1b[01;36m\x1b[Knote: \x1b[m\x1b[K  no known conversion for argument 1 from \xe2\x80\x98\x1b[01m\x1b[Kconst tmcm1640::tmcm1640_status_codes\x1b[m\x1b[K\xe2\x80\x99 to \xe2\x80\x98\x1b[01m\x1b[Kstd::nullptr_t\x1b[m\x1b[K\xe2\x80\x99\n'}
[1.039194] (tuw_hardware_trinamic_driver) StderrLine: {'line': b'  297 |       operator<<(\x1b[01;36m\x1b[Knullptr_t\x1b[m\x1b[K)\n'}
[1.039317] (tuw_hardware_trinamic_driver) StderrLine: {'line': b'      |                  \x1b[01;36m\x1b[K^~~~~~~~~\x1b[m\x1b[K\n'}
[1.039458] (tuw_hardware_trinamic_driver) StderrLine: {'line': b'\x1b[01m\x1b[K/usr/include/c++/13/bits/ostream.tcc:124:5:\x1b[m\x1b[K \x1b[01;36m\x1b[Knote: \x1b[m\x1b[Kcandidate: \xe2\x80\x98\x1b[01m\x1b[Kstd::basic_ostream<_CharT, _Traits>& std::basic_ostream<_CharT, _Traits>::\x1b[01;32m\x1b[Koperator<<\x1b[m\x1b[K(__streambuf_type*) \x1b[35m\x1b[K[with _CharT = char; _Traits = std::char_traits<char>; __streambuf_type = std::basic_streambuf<char>]\x1b[m\x1b[K\x1b[m\x1b[K\xe2\x80\x99\n'}
[1.039611] (tuw_hardware_trinamic_driver) StderrLine: {'line': b'  124 |     \x1b[01;36m\x1b[Kbasic_ostream<_CharT, _Traits>\x1b[m\x1b[K::\n'}
[1.039735] (tuw_hardware_trinamic_driver) StderrLine: {'line': b'      |     \x1b[01;36m\x1b[K^~~~~~~~~~~~~~~~~~~~~~~~~~~~~~\x1b[m\x1b[K\n'}
[1.039860] (tuw_hardware_trinamic_driver) StderrLine: {'line': b'\x1b[01m\x1b[K/usr/include/c++/13/bits/ostream.tcc:125:34:\x1b[m\x1b[K \x1b[01;36m\x1b[Knote: \x1b[m\x1b[K  no known conversion for argument 1 from \xe2\x80\x98\x1b[01m\x1b[Kconst tmcm1640::tmcm1640_status_codes\x1b[m\x1b[K\xe2\x80\x99 to \xe2\x80\x98\x1b[01m\x1b[Kstd::basic_ostream<char>::__streambuf_type*\x1b[m\x1b[K\xe2\x80\x99 {aka \xe2\x80\x98\x1b[01m\x1b[Kstd::basic_streambuf<char>*\x1b[m\x1b[K\xe2\x80\x99}\n'}
[1.039995] (tuw_hardware_trinamic_driver) StderrLine: {'line': b'  125 |     operator<<(\x1b[01;36m\x1b[K__streambuf_type* __sbin\x1b[m\x1b[K)\n'}
[1.040117] (tuw_hardware_trinamic_driver) StderrLine: {'line': b'      |                \x1b[01;36m\x1b[K~~~~~~~~~~~~~~~~~~^~~~~~\x1b[m\x1b[K\n'}
[1.040242] (tuw_hardware_trinamic_driver) StderrLine: {'line': b'In file included from \x1b[01m\x1b[K/usr/include/boost/format.hpp:48\x1b[m\x1b[K:\n'}
[1.040368] (tuw_hardware_trinamic_driver) StderrLine: {'line': b'\x1b[01m\x1b[K/usr/include/boost/format/group.hpp:45:1:\x1b[m\x1b[K \x1b[01;36m\x1b[Knote: \x1b[m\x1b[Kcandidate: \xe2\x80\x98\x1b[01m\x1b[Ktemplate<class Ch, class Tr> std::basic_ostream<_CharT, _Traits>& boost::io::detail::\x1b[01;32m\x1b[Koperator<<\x1b[m\x1b[K(std::basic_ostream<_CharT, _Traits>&, const group0&)\x1b[m\x1b[K\xe2\x80\x99\n'}
[1.040526] (tuw_hardware_trinamic_driver) StderrLine: {'line': b'   45 | \x1b[01;36m\x1b[Koperator\x1b[m\x1b[K << ( BOOST_IO_STD basic_ostream<Ch, Tr>& os,\n'}
[1.040665] (tuw_hardware_trinamic_driver) StderrLine: {'line': b'      | \x1b[01;36m\x1b[K^~~~~~~~\x1b[m\x1b[K\n'}
[1.040789] (tuw_hardware_trinamic_driver) StderrLine: {'line': b'\x1b[01m\x1b[K/usr/include/boost/format/group.hpp:45:1:\x1b[m\x1b[K \x1b[01;36m\x1b[Knote: \x1b[m\x1b[K  template argument deduction/substitution failed:\n'}
[1.040915] (tuw_hardware_trinamic_driver) StderrLine: {'line': b'\x1b[01m\x1b[K/usr/include/boost/format/feed_args.hpp:99:12:\x1b[m\x1b[K \x1b[01;36m\x1b[Knote: \x1b[m\x1b[K  cannot convert \xe2\x80\x98\x1b[01m\x1b[Kx\x1b[m\x1b[K\xe2\x80\x99 (type \xe2\x80\x98\x1b[01m\x1b[Kconst tmcm1640::tmcm1640_status_codes\x1b[m\x1b[K\xe2\x80\x99) to type \xe2\x80\x98\x1b[01m\x1b[Kconst boost::io::detail::group0&\x1b[m\x1b[K\xe2\x80\x99\n'}
[1.041048] (tuw_hardware_trinamic_driver) StderrLine: {'line': b'   99 |         \x1b[01;36m\x1b[Kos << x\x1b[m\x1b[K ;\n'}
[1.041170] (tuw_hardware_trinamic_driver) StderrLine: {'line': b'      |         \x1b[01;36m\x1b[K~~~^~~~\x1b[m\x1b[K\n'}
[1.041292] (tuw_hardware_trinamic_driver) StderrLine: {'line': b'\x1b[01m\x1b[K/usr/include/boost/format/group.hpp:65:1:\x1b[m\x1b[K \x1b[01;36m\x1b[Knote: \x1b[m\x1b[Kcandidate: \xe2\x80\x98\x1b[01m\x1b[Ktemplate<class Ch, class Tr, class T1> std::basic_ostream<_CharT, _Traits>& boost::io::detail::\x1b[01;32m\x1b[Koperator<<\x1b[m\x1b[K(std::basic_ostream<_CharT, _Traits>&, const group1<T1>&)\x1b[m\x1b[K\xe2\x80\x99\n'}
[1.041443] (tuw_hardware_trinamic_driver) StderrLine: {'line': b'   65 | \x1b[01;36m\x1b[Koperator\x1b[m\x1b[K << (BOOST_IO_STD basic_ostream<Ch, Tr>& os,\n'}
[1.041577] (tuw_hardware_trinamic_driver) StderrLine: {'line': b'      | \x1b[01;36m\x1b[K^~~~~~~~\x1b[m\x1b[K\n'}
[1.041700] (tuw_hardware_trinamic_driver) StderrLine: {'line': b'\x1b[01m\x1b[K/usr/include/boost/format/group.hpp:65:1:\x1b[m\x1b[K \x1b[01;36m\x1b[Knote: \x1b[m\x1b[K  template argument deduction/substitution failed:\n'}
[1.041822] (tuw_hardware_trinamic_driver) StderrLine: {'line': b'\x1b[01m\x1b[K/usr/include/boost/format/feed_args.hpp:99:12:\x1b[m\x1b[K \x1b[01;36m\x1b[Knote: \x1b[m\x1b[K  mismatched types \xe2\x80\x98\x1b[01m\x1b[Kconst boost::io::detail::group1<T1>\x1b[m\x1b[K\xe2\x80\x99 and \xe2\x80\x98\x1b[01m\x1b[Kconst tmcm1640::tmcm1640_status_codes\x1b[m\x1b[K\xe2\x80\x99\n'}
[1.041947] (tuw_hardware_trinamic_driver) StderrLine: {'line': b'   99 |         \x1b[01;36m\x1b[Kos << x\x1b[m\x1b[K ;\n'}
[1.042068] (tuw_hardware_trinamic_driver) StderrLine: {'line': b'      |         \x1b[01;36m\x1b[K~~~^~~~\x1b[m\x1b[K\n'}
[1.042190] (tuw_hardware_trinamic_driver) StderrLine: {'line': b'\x1b[01m\x1b[K/usr/include/boost/format/group.hpp:90:1:\x1b[m\x1b[K \x1b[01;36m\x1b[Knote: \x1b[m\x1b[Kcandidate: \xe2\x80\x98\x1b[01m\x1b[Ktemplate<class Ch, class Tr, class T1, class T2> std::basic_ostream<_CharT, _Traits>& boost::io::detail::\x1b[01;32m\x1b[Koperator<<\x1b[m\x1b[K(std::basic_ostream<_CharT, _Traits>&, const group2<T1, T2>&)\x1b[m\x1b[K\xe2\x80\x99\n'}
[1.042319] (tuw_hardware_trinamic_driver) StderrLine: {'line': b'   90 | \x1b[01;36m\x1b[Koperator\x1b[m\x1b[K << (BOOST_IO_STD basic_ostream<Ch, Tr>& os,\n'}
[1.042460] (tuw_hardware_trinamic_driver) StderrLine: {'line': b'      | \x1b[01;36m\x1b[K^~~~~~~~\x1b[m\x1b[K\n'}
[1.042595] (tuw_hardware_trinamic_driver) StderrLine: {'line': b'\x1b[01m\x1b[K/usr/include/boost/format/group.hpp:90:1:\x1b[m\x1b[K \x1b[01;36m\x1b[Knote: \x1b[m\x1b[K  template argument deduction/substitution failed:\n'}
[1.042718] (tuw_hardware_trinamic_driver) StderrLine: {'line': b'\x1b[01m\x1b[K/usr/include/boost/format/feed_args.hpp:99:12:\x1b[m\x1b[K \x1b[01;36m\x1b[Knote: \x1b[m\x1b[K  mismatched types \xe2\x80\x98\x1b[01m\x1b[Kconst boost::io::detail::group2<T1, T2>\x1b[m\x1b[K\xe2\x80\x99 and \xe2\x80\x98\x1b[01m\x1b[Kconst tmcm1640::tmcm1640_status_codes\x1b[m\x1b[K\xe2\x80\x99\n'}
[1.042842] (tuw_hardware_trinamic_driver) StderrLine: {'line': b'   99 |         \x1b[01;36m\x1b[Kos << x\x1b[m\x1b[K ;\n'}
[1.042964] (tuw_hardware_trinamic_driver) StderrLine: {'line': b'      |         \x1b[01;36m\x1b[K~~~^~~~\x1b[m\x1b[K\n'}
[1.043085] (tuw_hardware_trinamic_driver) StderrLine: {'line': b'\x1b[01m\x1b[K/usr/include/boost/format/group.hpp:113:1:\x1b[m\x1b[K \x1b[01;36m\x1b[Knote: \x1b[m\x1b[Kcandidate: \xe2\x80\x98\x1b[01m\x1b[Ktemplate<class Ch, class Tr, class T1, class T2, class T3> std::basic_ostream<_CharT, _Traits>& boost::io::detail::\x1b[01;32m\x1b[Koperator<<\x1b[m\x1b[K(std::basic_ostream<_CharT, _Traits>&, const group3<T1, T2, T3>&)\x1b[m\x1b[K\xe2\x80\x99\n'}
[1.043231] (tuw_hardware_trinamic_driver) StderrLine: {'line': b'  113 | \x1b[01;36m\x1b[Koperator\x1b[m\x1b[K << (BOOST_IO_STD basic_ostream<Ch, Tr>& os,\n'}
[1.043360] (tuw_hardware_trinamic_driver) StderrLine: {'line': b'      | \x1b[01;36m\x1b[K^~~~~~~~\x1b[m\x1b[K\n'}
[1.043503] (tuw_hardware_trinamic_driver) StderrLine: {'line': b'\x1b[01m\x1b[K/usr/include/boost/format/group.hpp:113:1:\x1b[m\x1b[K \x1b[01;36m\x1b[Knote: \x1b[m\x1b[K  template argument deduction/substitution failed:\n'}
[1.043634] (tuw_hardware_trinamic_driver) StderrLine: {'line': b'\x1b[01m\x1b[K/usr/include/boost/format/feed_args.hpp:99:12:\x1b[m\x1b[K \x1b[01;36m\x1b[Knote: \x1b[m\x1b[K  mismatched types \xe2\x80\x98\x1b[01m\x1b[Kconst boost::io::detail::group3<T1, T2, T3>\x1b[m\x1b[K\xe2\x80\x99 and \xe2\x80\x98\x1b[01m\x1b[Kconst tmcm1640::tmcm1640_status_codes\x1b[m\x1b[K\xe2\x80\x99\n'}
[1.043769] (tuw_hardware_trinamic_driver) StderrLine: {'line': b'   99 |         \x1b[01;36m\x1b[Kos << x\x1b[m\x1b[K ;\n'}
[1.043892] (tuw_hardware_trinamic_driver) StderrLine: {'line': b'      |         \x1b[01;36m\x1b[K~~~^~~~\x1b[m\x1b[K\n'}
[1.044013] (tuw_hardware_trinamic_driver) StderrLine: {'line': b'\x1b[01m\x1b[K/usr/include/boost/format/group.hpp:137:1:\x1b[m\x1b[K \x1b[01;36m\x1b[Knote: \x1b[m\x1b[Kcandidate: \xe2\x80\x98\x1b[01m\x1b[Ktemplate<class Ch, class Tr, class T1, class T2, class T3, class T4> std::basic_ostream<_CharT, _Traits>& boost::io::detail::\x1b[01;32m\x1b[Koperator<<\x1b[m\x1b[K(std::basic_ostream<_CharT, _Traits>&, const group4<T1, T2, T3, T4>&)\x1b[m\x1b[K\xe2\x80\x99\n'}
[1.044138] (tuw_hardware_trinamic_driver) StderrLine: {'line': b'  137 | \x1b[01;36m\x1b[Koperator\x1b[m\x1b[K << (BOOST_IO_STD basic_ostream<Ch, Tr>& os,\n'}
[1.044259] (tuw_hardware_trinamic_driver) StderrLine: {'line': b'      | \x1b[01;36m\x1b[K^~~~~~~~\x1b[m\x1b[K\n'}
[1.044378] (tuw_hardware_trinamic_driver) StderrLine: {'line': b'\x1b[01m\x1b[K/usr/include/boost/format/group.hpp:137:1:\x1b[m\x1b[K \x1b[01;36m\x1b[Knote: \x1b[m\x1b[K  template argument deduction/substitution failed:\n'}
[1.044517] (tuw_hardware_trinamic_driver) StderrLine: {'line': b'\x1b[01m\x1b[K/usr/include/boost/format/feed_args.hpp:99:12:\x1b[m\x1b[K \x1b[01;36m\x1b[Knote: \x1b[m\x1b[K  mismatched types \xe2\x80\x98\x1b[01m\x1b[Kconst boost::io::detail::group4<T1, T2, T3, T4>\x1b[m\x1b[K\xe2\x80\x99 and \xe2\x80\x98\x1b[01m\x1b[Kconst tmcm1640::tmcm1640_status_codes\x1b[m\x1b[K\xe2\x80\x99\n'}
[1.044644] (tuw_hardware_trinamic_driver) StderrLine: {'line': b'   99 |         \x1b[01;36m\x1b[Kos << x\x1b[m\x1b[K ;\n'}
[1.044767] (tuw_hardware_trinamic_driver) StderrLine: {'line': b'      |         \x1b[01;36m\x1b[K~~~^~~~\x1b[m\x1b[K\n'}
[1.044890] (tuw_hardware_trinamic_driver) StderrLine: {'line': b'\x1b[01m\x1b[K/usr/include/boost/format/group.hpp:160:1:\x1b[m\x1b[K \x1b[01;36m\x1b[Knote: \x1b[m\x1b[Kcandidate: \xe2\x80\x98\x1b[01m\x1b[Ktemplate<class Ch, class Tr, class T1, class T2, class T3, class T4, class T5> std::basic_ostream<_CharT, _Traits>& boost::io::detail::\x1b[01;32m\x1b[Koperator<<\x1b[m\x1b[K(std::basic_ostream<_CharT, _Traits>&, const group5<T1, T2, T3, T4, T5>&)\x1b[m\x1b[K\xe2\x80\x99\n'}
[1.045024] (tuw_hardware_trinamic_driver) StderrLine: {'line': b'  160 | \x1b[01;36m\x1b[Koperator\x1b[m\x1b[K << (BOOST_IO_STD basic_ostream<Ch, Tr>& os,\n'}
[1.045155] (tuw_hardware_trinamic_driver) StderrLine: {'line': b'      | \x1b[01;36m\x1b[K^~~~~~~~\x1b[m\x1b[K\n'}
[1.045291] (tuw_hardware_trinamic_driver) StderrLine: {'line': b'\x1b[01m\x1b[K/usr/include/boost/format/group.hpp:160:1:\x1b[m\x1b[K \x1b[01;36m\x1b[Knote: \x1b[m\x1b[K  template argument deduction/substitution failed:\n'}
[1.045418] (tuw_hardware_trinamic_driver) StderrLine: {'line': b'\x1b[01m\x1b[K/usr/include/boost/format/feed_args.hpp:99:12:\x1b[m\x1b[K \x1b[01;36m\x1b[Knote: \x1b[m\x1b[K  mismatched types \xe2\x80\x98\x1b[01m\x1b[Kconst boost::io::detail::group5<T1, T2, T3, T4, T5>\x1b[m\x1b[K\xe2\x80\x99 and \xe2\x80\x98\x1b[01m\x1b[Kconst tmcm1640::tmcm1640_status_codes\x1b[m\x1b[K\xe2\x80\x99\n'}
[1.045579] (tuw_hardware_trinamic_driver) StderrLine: {'line': b'   99 |         \x1b[01;36m\x1b[Kos << x\x1b[m\x1b[K ;\n'}
[1.045712] (tuw_hardware_trinamic_driver) StderrLine: {'line': b'      |         \x1b[01;36m\x1b[K~~~^~~~\x1b[m\x1b[K\n'}
[1.045843] (tuw_hardware_trinamic_driver) StderrLine: {'line': b'\x1b[01m\x1b[K/usr/include/boost/format/group.hpp:184:1:\x1b[m\x1b[K \x1b[01;36m\x1b[Knote: \x1b[m\x1b[Kcandidate: \xe2\x80\x98\x1b[01m\x1b[Ktemplate<class Ch, class Tr, class T1, class T2, class T3, class T4, class T5, class T6> std::basic_ostream<_CharT, _Traits>& boost::io::detail::\x1b[01;32m\x1b[Koperator<<\x1b[m\x1b[K(std::basic_ostream<_CharT, _Traits>&, const group6<T1, T2, T3, T4, T5, T6>&)\x1b[m\x1b[K\xe2\x80\x99\n'}
[1.045979] (tuw_hardware_trinamic_driver) StderrLine: {'line': b'  184 | \x1b[01;36m\x1b[Koperator\x1b[m\x1b[K << (BOOST_IO_STD basic_ostream<Ch, Tr>& os,\n'}
[1.046111] (tuw_hardware_trinamic_driver) StderrLine: {'line': b'      | \x1b[01;36m\x1b[K^~~~~~~~\x1b[m\x1b[K\n'}
[1.046231] (tuw_hardware_trinamic_driver) StderrLine: {'line': b'\x1b[01m\x1b[K/usr/include/boost/format/group.hpp:184:1:\x1b[m\x1b[K \x1b[01;36m\x1b[Knote: \x1b[m\x1b[K  template argument deduction/substitution failed:\n'}
[1.046353] (tuw_hardware_trinamic_driver) StderrLine: {'line': b'\x1b[01m\x1b[K/usr/include/boost/format/feed_args.hpp:99:12:\x1b[m\x1b[K \x1b[01;36m\x1b[Knote: \x1b[m\x1b[K  mismatched types \xe2\x80\x98\x1b[01m\x1b[Kconst boost::io::detail::group6<T1, T2, T3, T4, T5, T6>\x1b[m\x1b[K\xe2\x80\x99 and \xe2\x80\x98\x1b[01m\x1b[Kconst tmcm1640::tmcm1640_status_codes\x1b[m\x1b[K\xe2\x80\x99\n'}
[1.046507] (tuw_hardware_trinamic_driver) StderrLine: {'line': b'   99 |         \x1b[01;36m\x1b[Kos << x\x1b[m\x1b[K ;\n'}
[1.046636] (tuw_hardware_trinamic_driver) StderrLine: {'line': b'      |         \x1b[01;36m\x1b[K~~~^~~~\x1b[m\x1b[K\n'}
[1.046755] (tuw_hardware_trinamic_driver) StderrLine: {'line': b'\x1b[01m\x1b[K/usr/include/boost/format/group.hpp:209:1:\x1b[m\x1b[K \x1b[01;36m\x1b[Knote: \x1b[m\x1b[Kcandidate: \xe2\x80\x98\x1b[01m\x1b[Ktemplate<class Ch, class Tr, class T1, class T2, class T3, class T4, class T5, class T6, class T7> std::basic_ostream<_CharT, _Traits>& boost::io::detail::\x1b[01;32m\x1b[Koperator<<\x1b[m\x1b[K(std::basic_ostream<_CharT, _Traits>&, const group7<T1, T2, T3, T4, T5, T6, T7>&)\x1b[m\x1b[K\xe2\x80\x99\n'}
[1.046883] (tuw_hardware_trinamic_driver) StderrLine: {'line': b'  209 | \x1b[01;36m\x1b[Koperator\x1b[m\x1b[K << (BOOST_IO_STD basic_ostream<Ch, Tr>& os,\n'}
[1.047006] (tuw_hardware_trinamic_driver) StderrLine: {'line': b'      | \x1b[01;36m\x1b[K^~~~~~~~\x1b[m\x1b[K\n'}
[1.047125] (tuw_hardware_trinamic_driver) StderrLine: {'line': b'\x1b[01m\x1b[K/usr/include/boost/format/group.hpp:209:1:\x1b[m\x1b[K \x1b[01;36m\x1b[Knote: \x1b[m\x1b[K  template argument deduction/substitution failed:\n'}
[1.047252] (tuw_hardware_trinamic_driver) StderrLine: {'line': b'\x1b[01m\x1b[K/usr/include/boost/format/feed_args.hpp:99:12:\x1b[m\x1b[K \x1b[01;36m\x1b[Knote: \x1b[m\x1b[K  mismatched types \xe2\x80\x98\x1b[01m\x1b[Kconst boost::io::detail::group7<T1, T2, T3, T4, T5, T6, T7>\x1b[m\x1b[K\xe2\x80\x99 and \xe2\x80\x98\x1b[01m\x1b[Kconst tmcm1640::tmcm1640_status_codes\x1b[m\x1b[K\xe2\x80\x99\n'}
[1.047383] (tuw_hardware_trinamic_driver) StderrLine: {'line': b'   99 |         \x1b[01;36m\x1b[Kos << x\x1b[m\x1b[K ;\n'}
[1.047521] (tuw_hardware_trinamic_driver) StderrLine: {'line': b'      |         \x1b[01;36m\x1b[K~~~^~~~\x1b[m\x1b[K\n'}
[1.047644] (tuw_hardware_trinamic_driver) StderrLine: {'line': b'\x1b[01m\x1b[K/usr/include/boost/format/group.hpp:235:1:\x1b[m\x1b[K \x1b[01;36m\x1b[Knote: \x1b[m\x1b[Kcandidate: \xe2\x80\x98\x1b[01m\x1b[Ktemplate<class Ch, class Tr, class T1, class T2, class T3, class T4, class T5, class T6, class T7, class T8> std::basic_ostream<_CharT, _Traits>& boost::io::detail::\x1b[01;32m\x1b[Koperator<<\x1b[m\x1b[K(std::basic_ostream<_CharT, _Traits>&, const group8<T1, T2, T3, T4, T5, T6, T7, T8>&)\x1b[m\x1b[K\xe2\x80\x99\n'}
[1.047770] (tuw_hardware_trinamic_driver) StderrLine: {'line': b'  235 | \x1b[01;36m\x1b[Koperator\x1b[m\x1b[K << (BOOST_IO_STD basic_ostream<Ch, Tr>& os,\n'}
[1.047893] (tuw_hardware_trinamic_driver) StderrLine: {'line': b'      | \x1b[01;36m\x1b[K^~~~~~~~\x1b[m\x1b[K\n'}
[1.048013] (tuw_hardware_trinamic_driver) StderrLine: {'line': b'\x1b[01m\x1b[K/usr/include/boost/format/group.hpp:235:1:\x1b[m\x1b[K \x1b[01;36m\x1b[Knote: \x1b[m\x1b[K  template argument deduction/substitution failed:\n'}
[1.048134] (tuw_hardware_trinamic_driver) StderrLine: {'line': b'\x1b[01m\x1b[K/usr/include/boost/format/feed_args.hpp:99:12:\x1b[m\x1b[K \x1b[01;36m\x1b[Knote: \x1b[m\x1b[K  mismatched types \xe2\x80\x98\x1b[01m\x1b[Kconst boost::io::detail::group8<T1, T2, T3, T4, T5, T6, T7, T8>\x1b[m\x1b[K\xe2\x80\x99 and \xe2\x80\x98\x1b[01m\x1b[Kconst tmcm1640::tmcm1640_status_codes\x1b[m\x1b[K\xe2\x80\x99\n'}
[1.048294] (tuw_hardware_trinamic_driver) StderrLine: {'line': b'   99 |         \x1b[01;36m\x1b[Kos << x\x1b[m\x1b[K ;\n'}
[1.048421] (tuw_hardware_trinamic_driver) StderrLine: {'line': b'      |         \x1b[01;36m\x1b[K~~~^~~~\x1b[m\x1b[K\n'}
[1.048566] (tuw_hardware_trinamic_driver) StderrLine: {'line': b'\x1b[01m\x1b[K/usr/include/boost/format/group.hpp:262:1:\x1b[m\x1b[K \x1b[01;36m\x1b[Knote: \x1b[m\x1b[Kcandidate: \xe2\x80\x98\x1b[01m\x1b[Ktemplate<class Ch, class Tr, class T1, class T2, class T3, class T4, class T5, class T6, class T7, class T8, class T9> std::basic_ostream<_CharT, _Traits>& boost::io::detail::\x1b[01;32m\x1b[Koperator<<\x1b[m\x1b[K(std::basic_ostream<_CharT, _Traits>&, const group9<T1, T2, T3, T4, T5, T6, T7, T8, T9>&)\x1b[m\x1b[K\xe2\x80\x99\n'}
[1.048694] (tuw_hardware_trinamic_driver) StderrLine: {'line': b'  262 | \x1b[01;36m\x1b[Koperator\x1b[m\x1b[K << (BOOST_IO_STD basic_ostream<Ch, Tr>& os,\n'}
[1.048816] (tuw_hardware_trinamic_driver) StderrLine: {'line': b'      | \x1b[01;36m\x1b[K^~~~~~~~\x1b[m\x1b[K\n'}
[1.048935] (tuw_hardware_trinamic_driver) StderrLine: {'line': b'\x1b[01m\x1b[K/usr/include/boost/format/group.hpp:262:1:\x1b[m\x1b[K \x1b[01;36m\x1b[Knote: \x1b[m\x1b[K  template argument deduction/substitution failed:\n'}
[1.049056] (tuw_hardware_trinamic_driver) StderrLine: {'line': b'\x1b[01m\x1b[K/usr/include/boost/format/feed_args.hpp:99:12:\x1b[m\x1b[K \x1b[01;36m\x1b[Knote: \x1b[m\x1b[K  mismatched types \xe2\x80\x98\x1b[01m\x1b[Kconst boost::io::detail::group9<T1, T2, T3, T4, T5, T6, T7, T8, T9>\x1b[m\x1b[K\xe2\x80\x99 and \xe2\x80\x98\x1b[01m\x1b[Kconst tmcm1640::tmcm1640_status_codes\x1b[m\x1b[K\xe2\x80\x99\n'}
[1.049179] (tuw_hardware_trinamic_driver) StderrLine: {'line': b'   99 |         \x1b[01;36m\x1b[Kos << x\x1b[m\x1b[K ;\n'}
[1.049297] (tuw_hardware_trinamic_driver) StderrLine: {'line': b'      |         \x1b[01;36m\x1b[K~~~^~~~\x1b[m\x1b[K\n'}
[1.049417] (tuw_hardware_trinamic_driver) StderrLine: {'line': b'\x1b[01m\x1b[K/usr/include/boost/format/group.hpp:290:1:\x1b[m\x1b[K \x1b[01;36m\x1b[Knote: \x1b[m\x1b[Kcandidate: \xe2\x80\x98\x1b[01m\x1b[Ktemplate<class Ch, class Tr, class T1, class T2, class T3, class T4, class T5, class T6, class T7, class T8, class T9, class T10> std::basic_ostream<_CharT, _Traits>& boost::io::detail::\x1b[01;32m\x1b[Koperator<<\x1b[m\x1b[K(std::basic_ostream<_CharT, _Traits>&, const group10<T1, T2, T3, T4, T5, T6, T7, T8, T9, T10>&)\x1b[m\x1b[K\xe2\x80\x99\n'}
[1.049572] (tuw_hardware_trinamic_driver) StderrLine: {'line': b'  290 | \x1b[01;36m\x1b[Koperator\x1b[m\x1b[K << (BOOST_IO_STD basic_ostream<Ch, Tr>& os,\n'}
[1.049700] (tuw_hardware_trinamic_driver) StderrLine: {'line': b'      | \x1b[01;36m\x1b[K^~~~~~~~\x1b[m\x1b[K\n'}
[1.049821] (tuw_hardware_trinamic_driver) StderrLine: {'line': b'\x1b[01m\x1b[K/usr/include/boost/format/group.hpp:290:1:\x1b[m\x1b[K \x1b[01;36m\x1b[Knote: \x1b[m\x1b[K  template argument deduction/substitution failed:\n'}
[1.049941] (tuw_hardware_trinamic_driver) StderrLine: {'line': b'\x1b[01m\x1b[K/usr/include/boost/format/feed_args.hpp:99:12:\x1b[m\x1b[K \x1b[01;36m\x1b[Knote: \x1b[m\x1b[K  mismatched types \xe2\x80\x98\x1b[01m\x1b[Kconst boost::io::detail::group10<T1, T2, T3, T4, T5, T6, T7, T8, T9, T10>\x1b[m\x1b[K\xe2\x80\x99 and \xe2\x80\x98\x1b[01m\x1b[Kconst tmcm1640::tmcm1640_status_codes\x1b[m\x1b[K\xe2\x80\x99\n'}
[1.050077] (tuw_hardware_trinamic_driver) StderrLine: {'line': b'   99 |         \x1b[01;36m\x1b[Kos << x\x1b[m\x1b[K ;\n'}
[1.050199] (tuw_hardware_trinamic_driver) StderrLine: {'line': b'      |         \x1b[01;36m\x1b[K~~~^~~~\x1b[m\x1b[K\n'}
[1.050319] (tuw_hardware_trinamic_driver) StderrLine: {'line': b'In file included from \x1b[01m\x1b[K/usr/include/c++/13/bits/basic_string.h:47\x1b[m\x1b[K,\n'}
[1.050460] (tuw_hardware_trinamic_driver) StderrLine: {'line': b'                 from \x1b[01m\x1b[K/usr/include/c++/13/string:54\x1b[m\x1b[K,\n'}
[1.050907] (tuw_hardware_trinamic_driver) StderrLine: {'line': b'                 from \x1b[01m\x1b[K/home/coffee/Documents/Studium/TU/bachelorarbeit/tuw_hardware_interface/src/tuw_hardware_trinamic_driver/include/tuw_hardware_trinamic_driver/tuw_hardware_trinamic_connection.hpp:14\x1b[m\x1b[K:\n'}
[1.051045] (tuw_hardware_trinamic_driver) StderrLine: {'line': b'\x1b[01m\x1b[K/usr/include/c++/13/string_view:761:5:\x1b[m\x1b[K \x1b[01;36m\x1b[Knote: \x1b[m\x1b[Kcandidate: \xe2\x80\x98\x1b[01m\x1b[Ktemplate<class _CharT, class _Traits> std::basic_ostream<_CharT, _Traits>& std::\x1b[01;32m\x1b[Koperator<<\x1b[m\x1b[K(basic_ostream<_CharT, _Traits>&, basic_string_view<_CharT, _Traits>)\x1b[m\x1b[K\xe2\x80\x99\n'}
[1.051137] (tuw_hardware_trinamic_driver) StderrLine: {'line': b'  761 |     \x1b[01;36m\x1b[Koperator\x1b[m\x1b[K<<(basic_ostream<_CharT, _Traits>& __os,\n'}
[1.051217] (tuw_hardware_trinamic_driver) StderrLine: {'line': b'      |     \x1b[01;36m\x1b[K^~~~~~~~\x1b[m\x1b[K\n'}
[1.051294] (tuw_hardware_trinamic_driver) StderrLine: {'line': b'\x1b[01m\x1b[K/usr/include/c++/13/string_view:761:5:\x1b[m\x1b[K \x1b[01;36m\x1b[Knote: \x1b[m\x1b[K  template argument deduction/substitution failed:\n'}
[1.051377] (tuw_hardware_trinamic_driver) StderrLine: {'line': b'\x1b[01m\x1b[K/usr/include/boost/format/feed_args.hpp:99:12:\x1b[m\x1b[K \x1b[01;36m\x1b[Knote: \x1b[m\x1b[K  mismatched types \xe2\x80\x98\x1b[01m\x1b[Kstd::basic_string_view<_CharT, _Traits>\x1b[m\x1b[K\xe2\x80\x99 and \xe2\x80\x98\x1b[01m\x1b[Ktmcm1640::tmcm1640_status_codes\x1b[m\x1b[K\xe2\x80\x99\n'}
[1.051499] (tuw_hardware_trinamic_driver) StderrLine: {'line': b'   99 |         \x1b[01;36m\x1b[Kos << x\x1b[m\x1b[K ;\n'}
[1.051576] (tuw_hardware_trinamic_driver) StderrLine: {'line': b'      |         \x1b[01;36m\x1b[K~~~^~~~\x1b[m\x1b[K\n'}
[1.051651] (tuw_hardware_trinamic_driver) StderrLine: {'line': b'\x1b[01m\x1b[K/usr/include/c++/13/bits/basic_string.h:4032:5:\x1b[m\x1b[K \x1b[01;36m\x1b[Knote: \x1b[m\x1b[Kcandidate: \xe2\x80\x98\x1b[01m\x1b[Ktemplate<class _CharT, class _Traits, class _Alloc> std::basic_ostream<_CharT, _Traits>& std::\x1b[01;32m\x1b[Koperator<<\x1b[m\x1b[K(basic_ostream<_CharT, _Traits>&, const __cxx11::basic_string<_CharT, _Traits, _Allocator>&)\x1b[m\x1b[K\xe2\x80\x99\n'}
[1.051732] (tuw_hardware_trinamic_driver) StderrLine: {'line': b' 4032 |     \x1b[01;36m\x1b[Koperator\x1b[m\x1b[K<<(basic_ostream<_CharT, _Traits>& __os,\n'}
[1.051806] (tuw_hardware_trinamic_driver) StderrLine: {'line': b'      |     \x1b[01;36m\x1b[K^~~~~~~~\x1b[m\x1b[K\n'}
[1.051882] (tuw_hardware_trinamic_driver) StderrLine: {'line': b'\x1b[01m\x1b[K/usr/include/c++/13/bits/basic_string.h:4032:5:\x1b[m\x1b[K \x1b[01;36m\x1b[Knote: \x1b[m\x1b[K  template argument deduction/substitution failed:\n'}
[1.051956] (tuw_hardware_trinamic_driver) StderrLine: {'line': b'\x1b[01m\x1b[K/usr/include/boost/format/feed_args.hpp:99:12:\x1b[m\x1b[K \x1b[01;36m\x1b[Knote: \x1b[m\x1b[K  mismatched types \xe2\x80\x98\x1b[01m\x1b[Kconst std::__cxx11::basic_string<_CharT, _Traits, _Allocator>\x1b[m\x1b[K\xe2\x80\x99 and \xe2\x80\x98\x1b[01m\x1b[Kconst tmcm1640::tmcm1640_status_codes\x1b[m\x1b[K\xe2\x80\x99\n'}
[1.052032] (tuw_hardware_trinamic_driver) StderrLine: {'line': b'   99 |         \x1b[01;36m\x1b[Kos << x\x1b[m\x1b[K ;\n'}
[1.052108] (tuw_hardware_trinamic_driver) StderrLine: {'line': b'      |         \x1b[01;36m\x1b[K~~~^~~~\x1b[m\x1b[K\n'}
[1.052180] (tuw_hardware_trinamic_driver) StderrLine: {'line': b'In file included from \x1b[01m\x1b[K/usr/include/c++/13/bits/memory_resource.h:38\x1b[m\x1b[K,\n'}
[1.052256] (tuw_hardware_trinamic_driver) StderrLine: {'line': b'                 from \x1b[01m\x1b[K/usr/include/c++/13/string:58\x1b[m\x1b[K:\n'}
[1.052328] (tuw_hardware_trinamic_driver) StderrLine: {'line': b'\x1b[01m\x1b[K/usr/include/c++/13/cstddef:124:5:\x1b[m\x1b[K \x1b[01;36m\x1b[Knote: \x1b[m\x1b[Kcandidate: \xe2\x80\x98\x1b[01m\x1b[Ktemplate<class _IntegerType> constexpr std::__byte_op_t<_IntegerType> std::\x1b[01;32m\x1b[Koperator<<\x1b[m\x1b[K(byte, _IntegerType)\x1b[m\x1b[K\xe2\x80\x99\n'}
[1.052403] (tuw_hardware_trinamic_driver) StderrLine: {'line': b'  124 |     \x1b[01;36m\x1b[Koperator\x1b[m\x1b[K<<(byte __b, _IntegerType __shift) noexcept\n'}
[1.052498] (tuw_hardware_trinamic_driver) StderrLine: {'line': b'      |     \x1b[01;36m\x1b[K^~~~~~~~\x1b[m\x1b[K\n'}
[1.052570] (tuw_hardware_trinamic_driver) StderrLine: {'line': b'\x1b[01m\x1b[K/usr/include/c++/13/cstddef:124:5:\x1b[m\x1b[K \x1b[01;36m\x1b[Knote: \x1b[m\x1b[K  template argument deduction/substitution failed:\n'}
[1.052641] (tuw_hardware_trinamic_driver) StderrLine: {'line': b'\x1b[01m\x1b[K/usr/include/boost/format/feed_args.hpp:99:12:\x1b[m\x1b[K \x1b[01;36m\x1b[Knote: \x1b[m\x1b[K  cannot convert \xe2\x80\x98\x1b[01m\x1b[Kos\x1b[m\x1b[K\xe2\x80\x99 (type \xe2\x80\x98\x1b[01m\x1b[Kstd::basic_ostream<char>\x1b[m\x1b[K\xe2\x80\x99) to type \xe2\x80\x98\x1b[01m\x1b[Kstd::byte\x1b[m\x1b[K\xe2\x80\x99\n'}
[1.052714] (tuw_hardware_trinamic_driver) StderrLine: {'line': b'   99 |         \x1b[01;36m\x1b[Kos << x\x1b[m\x1b[K ;\n'}
[1.052782] (tuw_hardware_trinamic_driver) StderrLine: {'line': b'      |         \x1b[01;36m\x1b[K~~~^~~~\x1b[m\x1b[K\n'}
[1.052854] (tuw_hardware_trinamic_driver) StderrLine: {'line': b'In file included from \x1b[01m\x1b[K/usr/include/c++/13/bits/ios_base.h:46\x1b[m\x1b[K,\n'}
[1.052925] (tuw_hardware_trinamic_driver) StderrLine: {'line': b'                 from \x1b[01m\x1b[K/usr/include/c++/13/bits/locale_facets.h:43\x1b[m\x1b[K,\n'}
[1.052994] (tuw_hardware_trinamic_driver) StderrLine: {'line': b'                 from \x1b[01m\x1b[K/usr/include/c++/13/locale:42\x1b[m\x1b[K,\n'}
[1.053064] (tuw_hardware_trinamic_driver) StderrLine: {'line': b'                 from \x1b[01m\x1b[K/usr/include/boost/format.hpp:23\x1b[m\x1b[K:\n'}
[1.053135] (tuw_hardware_trinamic_driver) StderrLine: {'line': b'\x1b[01m\x1b[K/usr/include/c++/13/system_error:339:5:\x1b[m\x1b[K \x1b[01;36m\x1b[Knote: \x1b[m\x1b[Kcandidate: \xe2\x80\x98\x1b[01m\x1b[Ktemplate<class _CharT, class _Traits> std::basic_ostream<_CharT, _Traits>& std::\x1b[01;32m\x1b[Koperator<<\x1b[m\x1b[K(basic_ostream<_CharT, _Traits>&, const error_code&)\x1b[m\x1b[K\xe2\x80\x99\n'}
[1.053213] (tuw_hardware_trinamic_driver) StderrLine: {'line': b'  339 |     \x1b[01;36m\x1b[Koperator\x1b[m\x1b[K<<(basic_ostream<_CharT, _Traits>& __os, const error_code& __e)\n'}
[1.053284] (tuw_hardware_trinamic_driver) StderrLine: {'line': b'      |     \x1b[01;36m\x1b[K^~~~~~~~\x1b[m\x1b[K\n'}
[1.053351] (tuw_hardware_trinamic_driver) StderrLine: {'line': b'\x1b[01m\x1b[K/usr/include/c++/13/system_error:339:5:\x1b[m\x1b[K \x1b[01;36m\x1b[Knote: \x1b[m\x1b[K  template argument deduction/substitution failed:\n'}
[1.053422] (tuw_hardware_trinamic_driver) StderrLine: {'line': b'\x1b[01m\x1b[K/usr/include/boost/format/feed_args.hpp:99:12:\x1b[m\x1b[K \x1b[01;36m\x1b[Knote: \x1b[m\x1b[K  cannot convert \xe2\x80\x98\x1b[01m\x1b[Kx\x1b[m\x1b[K\xe2\x80\x99 (type \xe2\x80\x98\x1b[01m\x1b[Kconst tmcm1640::tmcm1640_status_codes\x1b[m\x1b[K\xe2\x80\x99) to type \xe2\x80\x98\x1b[01m\x1b[Kconst std::error_code&\x1b[m\x1b[K\xe2\x80\x99\n'}
[1.053513] (tuw_hardware_trinamic_driver) StderrLine: {'line': b'   99 |         \x1b[01;36m\x1b[Kos << x\x1b[m\x1b[K ;\n'}
[1.053584] (tuw_hardware_trinamic_driver) StderrLine: {'line': b'      |         \x1b[01;36m\x1b[K~~~^~~~\x1b[m\x1b[K\n'}
[1.053653] (tuw_hardware_trinamic_driver) StderrLine: {'line': b'\x1b[01m\x1b[K/usr/include/c++/13/ostream:554:5:\x1b[m\x1b[K \x1b[01;36m\x1b[Knote: \x1b[m\x1b[Kcandidate: \xe2\x80\x98\x1b[01m\x1b[Ktemplate<class _CharT, class _Traits> std::basic_ostream<_CharT, _Traits>& std::\x1b[01;32m\x1b[Koperator<<\x1b[m\x1b[K(basic_ostream<_CharT, _Traits>&, _CharT)\x1b[m\x1b[K\xe2\x80\x99\n'}
[1.053724] (tuw_hardware_trinamic_driver) StderrLine: {'line': b'  554 |     \x1b[01;36m\x1b[Koperator\x1b[m\x1b[K<<(basic_ostream<_CharT, _Traits>& __out, _CharT __c)\n'}
[1.053796] (tuw_hardware_trinamic_driver) StderrLine: {'line': b'      |     \x1b[01;36m\x1b[K^~~~~~~~\x1b[m\x1b[K\n'}
[1.053864] (tuw_hardware_trinamic_driver) StderrLine: {'line': b'\x1b[01m\x1b[K/usr/include/c++/13/ostream:554:5:\x1b[m\x1b[K \x1b[01;36m\x1b[Knote: \x1b[m\x1b[K  template argument deduction/substitution failed:\n'}
[1.053937] (tuw_hardware_trinamic_driver) StderrLine: {'line': b'\x1b[01m\x1b[K/usr/include/boost/format/feed_args.hpp:99:12:\x1b[m\x1b[K \x1b[01;36m\x1b[Knote: \x1b[m\x1b[K  deduced conflicting types for parameter \xe2\x80\x98\x1b[01m\x1b[K_CharT\x1b[m\x1b[K\xe2\x80\x99 (\xe2\x80\x98\x1b[01m\x1b[Kchar\x1b[m\x1b[K\xe2\x80\x99 and \xe2\x80\x98\x1b[01m\x1b[Ktmcm1640::tmcm1640_status_codes\x1b[m\x1b[K\xe2\x80\x99)\n'}
[1.054014] (tuw_hardware_trinamic_driver) StderrLine: {'line': b'   99 |         \x1b[01;36m\x1b[Kos << x\x1b[m\x1b[K ;\n'}
[1.054085] (tuw_hardware_trinamic_driver) StderrLine: {'line': b'      |         \x1b[01;36m\x1b[K~~~^~~~\x1b[m\x1b[K\n'}
[1.054162] (tuw_hardware_trinamic_driver) StderrLine: {'line': b'\x1b[01m\x1b[K/usr/include/c++/13/ostream:564:5:\x1b[m\x1b[K \x1b[01;36m\x1b[Knote: \x1b[m\x1b[Kcandidate: \xe2\x80\x98\x1b[01m\x1b[Ktemplate<class _CharT, class _Traits> std::basic_ostream<_CharT, _Traits>& std::\x1b[01;32m\x1b[Koperator<<\x1b[m\x1b[K(basic_ostream<_CharT, _Traits>&, char)\x1b[m\x1b[K\xe2\x80\x99\n'}
[1.054241] (tuw_hardware_trinamic_driver) StderrLine: {'line': b'  564 |     \x1b[01;36m\x1b[Koperator\x1b[m\x1b[K<<(basic_ostream<_CharT, _Traits>& __out, char __c)\n'}
[1.054314] (tuw_hardware_trinamic_driver) StderrLine: {'line': b'      |     \x1b[01;36m\x1b[K^~~~~~~~\x1b[m\x1b[K\n'}
[1.054385] (tuw_hardware_trinamic_driver) StderrLine: {'line': b'\x1b[01m\x1b[K/usr/include/c++/13/ostream:564:5:\x1b[m\x1b[K \x1b[01;36m\x1b[Knote: \x1b[m\x1b[K  template argument deduction/substitution failed:\n'}
[1.054491] (tuw_hardware_trinamic_driver) StderrLine: {'line': b'\x1b[01m\x1b[K/usr/include/boost/format/feed_args.hpp:99:12:\x1b[m\x1b[K \x1b[01;36m\x1b[Knote: \x1b[m\x1b[K  cannot convert \xe2\x80\x98\x1b[01m\x1b[Kx\x1b[m\x1b[K\xe2\x80\x99 (type \xe2\x80\x98\x1b[01m\x1b[Kconst tmcm1640::tmcm1640_status_codes\x1b[m\x1b[K\xe2\x80\x99) to type \xe2\x80\x98\x1b[01m\x1b[Kchar\x1b[m\x1b[K\xe2\x80\x99\n'}
[1.054565] (tuw_hardware_trinamic_driver) StderrLine: {'line': b'   99 |         \x1b[01;36m\x1b[Kos << x\x1b[m\x1b[K ;\n'}
[1.054638] (tuw_hardware_trinamic_driver) StderrLine: {'line': b'      |         \x1b[01;36m\x1b[K~~~^~~~\x1b[m\x1b[K\n'}
[1.054711] (tuw_hardware_trinamic_driver) StderrLine: {'line': b'\x1b[01m\x1b[K/usr/include/c++/13/ostream:570:5:\x1b[m\x1b[K \x1b[01;36m\x1b[Knote: \x1b[m\x1b[Kcandidate: \xe2\x80\x98\x1b[01m\x1b[Ktemplate<class _Traits> std::basic_ostream<char, _Traits>& std::\x1b[01;32m\x1b[Koperator<<\x1b[m\x1b[K(basic_ostream<char, _Traits>&, char)\x1b[m\x1b[K\xe2\x80\x99\n'}
[1.054786] (tuw_hardware_trinamic_driver) StderrLine: {'line': b'  570 |     \x1b[01;36m\x1b[Koperator\x1b[m\x1b[K<<(basic_ostream<char, _Traits>& __out, char __c)\n'}
[1.054857] (tuw_hardware_trinamic_driver) StderrLine: {'line': b'      |     \x1b[01;36m\x1b[K^~~~~~~~\x1b[m\x1b[K\n'}
[1.054929] (tuw_hardware_trinamic_driver) StderrLine: {'line': b'\x1b[01m\x1b[K/usr/include/c++/13/ostream:570:5:\x1b[m\x1b[K \x1b[01;36m\x1b[Knote: \x1b[m\x1b[K  template argument deduction/substitution failed:\n'}
[1.055000] (tuw_hardware_trinamic_driver) StderrLine: {'line': b'\x1b[01m\x1b[K/usr/include/boost/format/feed_args.hpp:99:12:\x1b[m\x1b[K \x1b[01;36m\x1b[Knote: \x1b[m\x1b[K  cannot convert \xe2\x80\x98\x1b[01m\x1b[Kx\x1b[m\x1b[K\xe2\x80\x99 (type \xe2\x80\x98\x1b[01m\x1b[Kconst tmcm1640::tmcm1640_status_codes\x1b[m\x1b[K\xe2\x80\x99) to type \xe2\x80\x98\x1b[01m\x1b[Kchar\x1b[m\x1b[K\xe2\x80\x99\n'}
[1.055075] (tuw_hardware_trinamic_driver) StderrLine: {'line': b'   99 |         \x1b[01;36m\x1b[Kos << x\x1b[m\x1b[K ;\n'}
[1.055150] (tuw_hardware_trinamic_driver) StderrLine: {'line': b'      |         \x1b[01;36m\x1b[K~~~^~~~\x1b[m\x1b[K\n'}
[1.055223] (tuw_hardware_trinamic_driver) StderrLine: {'line': b'\x1b[01m\x1b[K/usr/include/c++/13/ostream:581:5:\x1b[m\x1b[K \x1b[01;36m\x1b[Knote: \x1b[m\x1b[Kcandidate: \xe2\x80\x98\x1b[01m\x1b[Ktemplate<class _Traits> std::basic_ostream<char, _Traits>& std::\x1b[01;32m\x1b[Koperator<<\x1b[m\x1b[K(basic_ostream<char, _Traits>&, signed char)\x1b[m\x1b[K\xe2\x80\x99\n'}
[1.055304] (tuw_hardware_trinamic_driver) StderrLine: {'line': b'  581 |     \x1b[01;36m\x1b[Koperator\x1b[m\x1b[K<<(basic_ostream<char, _Traits>& __out, signed char __c)\n'}
[1.055379] (tuw_hardware_trinamic_driver) StderrLine: {'line': b'      |     \x1b[01;36m\x1b[K^~~~~~~~\x1b[m\x1b[K\n'}
[1.055479] (tuw_hardware_trinamic_driver) StderrLine: {'line': b'\x1b[01m\x1b[K/usr/include/c++/13/ostream:581:5:\x1b[m\x1b[K \x1b[01;36m\x1b[Knote: \x1b[m\x1b[K  template argument deduction/substitution failed:\n'}
[1.055555] (tuw_hardware_trinamic_driver) StderrLine: {'line': b'\x1b[01m\x1b[K/usr/include/boost/format/feed_args.hpp:99:12:\x1b[m\x1b[K \x1b[01;36m\x1b[Knote: \x1b[m\x1b[K  cannot convert \xe2\x80\x98\x1b[01m\x1b[Kx\x1b[m\x1b[K\xe2\x80\x99 (type \xe2\x80\x98\x1b[01m\x1b[Kconst tmcm1640::tmcm1640_status_codes\x1b[m\x1b[K\xe2\x80\x99) to type \xe2\x80\x98\x1b[01m\x1b[Ksigned char\x1b[m\x1b[K\xe2\x80\x99\n'}
[1.055631] (tuw_hardware_trinamic_driver) StderrLine: {'line': b'   99 |         \x1b[01;36m\x1b[Kos << x\x1b[m\x1b[K ;\n'}
[1.055699] (tuw_hardware_trinamic_driver) StderrLine: {'line': b'      |         \x1b[01;36m\x1b[K~~~^~~~\x1b[m\x1b[K\n'}
[1.055768] (tuw_hardware_trinamic_driver) StderrLine: {'line': b'\x1b[01m\x1b[K/usr/include/c++/13/ostream:586:5:\x1b[m\x1b[K \x1b[01;36m\x1b[Knote: \x1b[m\x1b[Kcandidate: \xe2\x80\x98\x1b[01m\x1b[Ktemplate<class _Traits> std::basic_ostream<char, _Traits>& std::\x1b[01;32m\x1b[Koperator<<\x1b[m\x1b[K(basic_ostream<char, _Traits>&, unsigned char)\x1b[m\x1b[K\xe2\x80\x99\n'}
[1.055839] (tuw_hardware_trinamic_driver) StderrLine: {'line': b'  586 |     \x1b[01;36m\x1b[Koperator\x1b[m\x1b[K<<(basic_ostream<char, _Traits>& __out, unsigned char __c)\n'}
[1.055908] (tuw_hardware_trinamic_driver) StderrLine: {'line': b'      |     \x1b[01;36m\x1b[K^~~~~~~~\x1b[m\x1b[K\n'}
[1.055977] (tuw_hardware_trinamic_driver) StderrLine: {'line': b'\x1b[01m\x1b[K/usr/include/c++/13/ostream:586:5:\x1b[m\x1b[K \x1b[01;36m\x1b[Knote: \x1b[m\x1b[K  template argument deduction/substitution failed:\n'}
[1.056047] (tuw_hardware_trinamic_driver) StderrLine: {'line': b'\x1b[01m\x1b[K/usr/include/boost/format/feed_args.hpp:99:12:\x1b[m\x1b[K \x1b[01;36m\x1b[Knote: \x1b[m\x1b[K  cannot convert \xe2\x80\x98\x1b[01m\x1b[Kx\x1b[m\x1b[K\xe2\x80\x99 (type \xe2\x80\x98\x1b[01m\x1b[Kconst tmcm1640::tmcm1640_status_codes\x1b[m\x1b[K\xe2\x80\x99) to type \xe2\x80\x98\x1b[01m\x1b[Kunsigned char\x1b[m\x1b[K\xe2\x80\x99\n'}
[1.056119] (tuw_hardware_trinamic_driver) StderrLine: {'line': b'   99 |         \x1b[01;36m\x1b[Kos << x\x1b[m\x1b[K ;\n'}
[1.056189] (tuw_hardware_trinamic_driver) StderrLine: {'line': b'      |         \x1b[01;36m\x1b[K~~~^~~~\x1b[m\x1b[K\n'}
[1.056259] (tuw_hardware_trinamic_driver) StderrLine: {'line': b'\x1b[01m\x1b[K/usr/include/c++/13/ostream:645:5:\x1b[m\x1b[K \x1b[01;36m\x1b[Knote: \x1b[m\x1b[Kcandidate: \xe2\x80\x98\x1b[01m\x1b[Ktemplate<class _CharT, class _Traits> std::basic_ostream<_CharT, _Traits>& std::\x1b[01;32m\x1b[Koperator<<\x1b[m\x1b[K(basic_ostream<_CharT, _Traits>&, const _CharT*)\x1b[m\x1b[K\xe2\x80\x99\n'}
[1.056332] (tuw_hardware_trinamic_driver) StderrLine: {'line': b'  645 |     \x1b[01;36m\x1b[Koperator\x1b[m\x1b[K<<(basic_ostream<_CharT, _Traits>& __out, const _CharT* __s)\n'}
[1.056404] (tuw_hardware_trinamic_driver) StderrLine: {'line': b'      |     \x1b[01;36m\x1b[K^~~~~~~~\x1b[m\x1b[K\n'}
[1.056492] (tuw_hardware_trinamic_driver) StderrLine: {'line': b'\x1b[01m\x1b[K/usr/include/c++/13/ostream:645:5:\x1b[m\x1b[K \x1b[01;36m\x1b[Knote: \x1b[m\x1b[K  template argument deduction/substitution failed:\n'}
[1.056563] (tuw_hardware_trinamic_driver) StderrLine: {'line': b'\x1b[01m\x1b[K/usr/include/boost/format/feed_args.hpp:99:12:\x1b[m\x1b[K \x1b[01;36m\x1b[Knote: \x1b[m\x1b[K  mismatched types \xe2\x80\x98\x1b[01m\x1b[Kconst _CharT*\x1b[m\x1b[K\xe2\x80\x99 and \xe2\x80\x98\x1b[01m\x1b[Ktmcm1640::tmcm1640_status_codes\x1b[m\x1b[K\xe2\x80\x99\n'}
[1.056639] (tuw_hardware_trinamic_driver) StderrLine: {'line': b'   99 |         \x1b[01;36m\x1b[Kos << x\x1b[m\x1b[K ;\n'}
[1.056714] (tuw_hardware_trinamic_driver) StderrLine: {'line': b'      |         \x1b[01;36m\x1b[K~~~^~~~\x1b[m\x1b[K\n'}
[1.056784] (tuw_hardware_trinamic_driver) StderrLine: {'line': b'\x1b[01m\x1b[K/usr/include/c++/13/bits/ostream.tcc:307:5:\x1b[m\x1b[K \x1b[01;36m\x1b[Knote: \x1b[m\x1b[Kcandidate: \xe2\x80\x98\x1b[01m\x1b[Ktemplate<class _CharT, class _Traits> std::basic_ostream<_CharT, _Traits>& std::\x1b[01;32m\x1b[Koperator<<\x1b[m\x1b[K(basic_ostream<_CharT, _Traits>&, const char*)\x1b[m\x1b[K\xe2\x80\x99\n'}
[1.056865] (tuw_hardware_trinamic_driver) StderrLine: {'line': b'  307 |     \x1b[01;36m\x1b[Koperator\x1b[m\x1b[K<<(basic_ostream<_CharT, _Traits>& __out, const char* __s)\n'}
[1.056936] (tuw_hardware_trinamic_driver) StderrLine: {'line': b'      |     \x1b[01;36m\x1b[K^~~~~~~~\x1b[m\x1b[K\n'}
[1.057007] (tuw_hardware_trinamic_driver) StderrLine: {'line': b'\x1b[01m\x1b[K/usr/include/c++/13/bits/ostream.tcc:307:5:\x1b[m\x1b[K \x1b[01;36m\x1b[Knote: \x1b[m\x1b[K  template argument deduction/substitution failed:\n'}
[1.057080] (tuw_hardware_trinamic_driver) StderrLine: {'line': b'\x1b[01m\x1b[K/usr/include/boost/format/feed_args.hpp:99:12:\x1b[m\x1b[K \x1b[01;36m\x1b[Knote: \x1b[m\x1b[K  cannot convert \xe2\x80\x98\x1b[01m\x1b[Kx\x1b[m\x1b[K\xe2\x80\x99 (type \xe2\x80\x98\x1b[01m\x1b[Kconst tmcm1640::tmcm1640_status_codes\x1b[m\x1b[K\xe2\x80\x99) to type \xe2\x80\x98\x1b[01m\x1b[Kconst char*\x1b[m\x1b[K\xe2\x80\x99\n'}
[1.057153] (tuw_hardware_trinamic_driver) StderrLine: {'line': b'   99 |         \x1b[01;36m\x1b[Kos << x\x1b[m\x1b[K ;\n'}
[1.057226] (tuw_hardware_trinamic_driver) StderrLine: {'line': b'      |         \x1b[01;36m\x1b[K~~~^~~~\x1b[m\x1b[K\n'}
[1.057296] (tuw_hardware_trinamic_driver) StderrLine: {'line': b'\x1b[01m\x1b[K/usr/include/c++/13/ostream:662:5:\x1b[m\x1b[K \x1b[01;36m\x1b[Knote: \x1b[m\x1b[Kcandidate: \xe2\x80\x98\x1b[01m\x1b[Ktemplate<class _Traits> std::basic_ostream<char, _Traits>& std::\x1b[01;32m\x1b[Koperator<<\x1b[m\x1b[K(basic_ostream<char, _Traits>&, const char*)\x1b[m\x1b[K\xe2\x80\x99\n'}
[1.057371] (tuw_hardware_trinamic_driver) StderrLine: {'line': b'  662 |     \x1b[01;36m\x1b[Koperator\x1b[m\x1b[K<<(basic_ostream<char, _Traits>& __out, const char* __s)\n'}
[1.057460] (tuw_hardware_trinamic_driver) StderrLine: {'line': b'      |     \x1b[01;36m\x1b[K^~~~~~~~\x1b[m\x1b[K\n'}
[1.057534] (tuw_hardware_trinamic_driver) StderrLine: {'line': b'\x1b[01m\x1b[K/usr/include/c++/13/ostream:662:5:\x1b[m\x1b[K \x1b[01;36m\x1b[Knote: \x1b[m\x1b[K  template argument deduction/substitution failed:\n'}
[1.057602] (tuw_hardware_trinamic_driver) StderrLine: {'line': b'\x1b[01m\x1b[K/usr/include/boost/format/feed_args.hpp:99:12:\x1b[m\x1b[K \x1b[01;36m\x1b[Knote: \x1b[m\x1b[K  cannot convert \xe2\x80\x98\x1b[01m\x1b[Kx\x1b[m\x1b[K\xe2\x80\x99 (type \xe2\x80\x98\x1b[01m\x1b[Kconst tmcm1640::tmcm1640_status_codes\x1b[m\x1b[K\xe2\x80\x99) to type \xe2\x80\x98\x1b[01m\x1b[Kconst char*\x1b[m\x1b[K\xe2\x80\x99\n'}
[1.057674] (tuw_hardware_trinamic_driver) StderrLine: {'line': b'   99 |         \x1b[01;36m\x1b[Kos << x\x1b[m\x1b[K ;\n'}
[1.057746] (tuw_hardware_trinamic_driver) StderrLine: {'line': b'      |         \x1b[01;36m\x1b[K~~~^~~~\x1b[m\x1b[K\n'}
[1.057825] (tuw_hardware_trinamic_driver) StderrLine: {'line': b'\x1b[01m\x1b[K/usr/include/c++/13/ostream:675:5:\x1b[m\x1b[K \x1b[01;36m\x1b[Knote: \x1b[m\x1b[Kcandidate: \xe2\x80\x98\x1b[01m\x1b[Ktemplate<class _Traits> std::basic_ostream<char, _Traits>& std::\x1b[01;32m\x1b[Koperator<<\x1b[m\x1b[K(basic_ostream<char, _Traits>&, const signed char*)\x1b[m\x1b[K\xe2\x80\x99\n'}
[1.057902] (tuw_hardware_trinamic_driver) StderrLine: {'line': b'  675 |     \x1b[01;36m\x1b[Koperator\x1b[m\x1b[K<<(basic_ostream<char, _Traits>& __out, const signed char* __s)\n'}
[1.057972] (tuw_hardware_trinamic_driver) StderrLine: {'line': b'      |     \x1b[01;36m\x1b[K^~~~~~~~\x1b[m\x1b[K\n'}
[1.058044] (tuw_hardware_trinamic_driver) StderrLine: {'line': b'\x1b[01m\x1b[K/usr/include/c++/13/ostream:675:5:\x1b[m\x1b[K \x1b[01;36m\x1b[Knote: \x1b[m\x1b[K  template argument deduction/substitution failed:\n'}
[1.058121] (tuw_hardware_trinamic_driver) StderrLine: {'line': b'\x1b[01m\x1b[K/usr/include/boost/format/feed_args.hpp:99:12:\x1b[m\x1b[K \x1b[01;36m\x1b[Knote: \x1b[m\x1b[K  cannot convert \xe2\x80\x98\x1b[01m\x1b[Kx\x1b[m\x1b[K\xe2\x80\x99 (type \xe2\x80\x98\x1b[01m\x1b[Kconst tmcm1640::tmcm1640_status_codes\x1b[m\x1b[K\xe2\x80\x99) to type \xe2\x80\x98\x1b[01m\x1b[Kconst signed char*\x1b[m\x1b[K\xe2\x80\x99\n'}
[1.058195] (tuw_hardware_trinamic_driver) StderrLine: {'line': b'   99 |         \x1b[01;36m\x1b[Kos << x\x1b[m\x1b[K ;\n'}
[1.058264] (tuw_hardware_trinamic_driver) StderrLine: {'line': b'      |         \x1b[01;36m\x1b[K~~~^~~~\x1b[m\x1b[K\n'}
[1.058334] (tuw_hardware_trinamic_driver) StderrLine: {'line': b'\x1b[01m\x1b[K/usr/include/c++/13/ostream:680:5:\x1b[m\x1b[K \x1b[01;36m\x1b[Knote: \x1b[m\x1b[Kcandidate: \xe2\x80\x98\x1b[01m\x1b[Ktemplate<class _Traits> std::basic_ostream<char, _Traits>& std::\x1b[01;32m\x1b[Koperator<<\x1b[m\x1b[K(basic_ostream<char, _Traits>&, const unsigned char*)\x1b[m\x1b[K\xe2\x80\x99\n'}
[1.058408] (tuw_hardware_trinamic_driver) StderrLine: {'line': b'  680 |     \x1b[01;36m\x1b[Koperator\x1b[m\x1b[K<<(basic_ostream<char, _Traits>& __out, const unsigned char* __s)\n'}
[1.058494] (tuw_hardware_trinamic_driver) StderrLine: {'line': b'      |     \x1b[01;36m\x1b[K^~~~~~~~\x1b[m\x1b[K\n'}
[1.058567] (tuw_hardware_trinamic_driver) StderrLine: {'line': b'\x1b[01m\x1b[K/usr/include/c++/13/ostream:680:5:\x1b[m\x1b[K \x1b[01;36m\x1b[Knote: \x1b[m\x1b[K  template argument deduction/substitution failed:\n'}
[1.058639] (tuw_hardware_trinamic_driver) StderrLine: {'line': b'\x1b[01m\x1b[K/usr/include/boost/format/feed_args.hpp:99:12:\x1b[m\x1b[K \x1b[01;36m\x1b[Knote: \x1b[m\x1b[K  cannot convert \xe2\x80\x98\x1b[01m\x1b[Kx\x1b[m\x1b[K\xe2\x80\x99 (type \xe2\x80\x98\x1b[01m\x1b[Kconst tmcm1640::tmcm1640_status_codes\x1b[m\x1b[K\xe2\x80\x99) to type \xe2\x80\x98\x1b[01m\x1b[Kconst unsigned char*\x1b[m\x1b[K\xe2\x80\x99\n'}
[1.058712] (tuw_hardware_trinamic_driver) StderrLine: {'line': b'   99 |         \x1b[01;36m\x1b[Kos << x\x1b[m\x1b[K ;\n'}
[1.058785] (tuw_hardware_trinamic_driver) StderrLine: {'line': b'      |         \x1b[01;36m\x1b[K~~~^~~~\x1b[m\x1b[K\n'}
[1.058857] (tuw_hardware_trinamic_driver) StderrLine: {'line': b'\x1b[01m\x1b[K/usr/include/c++/13/ostream:801:5:\x1b[m\x1b[K \x1b[01;36m\x1b[Knote: \x1b[m\x1b[Kcandidate: \xe2\x80\x98\x1b[01m\x1b[Ktemplate<class _Ostream, class _Tp> _Ostream&& std::\x1b[01;32m\x1b[Koperator<<\x1b[m\x1b[K(_Ostream&&, const _Tp&)\x1b[m\x1b[K\xe2\x80\x99\n'}
[1.058928] (tuw_hardware_trinamic_driver) StderrLine: {'line': b'  801 |     \x1b[01;36m\x1b[Koperator\x1b[m\x1b[K<<(_Ostream&& __os, const _Tp& __x)\n'}
[1.058998] (tuw_hardware_trinamic_driver) StderrLine: {'line': b'      |     \x1b[01;36m\x1b[K^~~~~~~~\x1b[m\x1b[K\n'}
[1.059070] (tuw_hardware_trinamic_driver) StderrLine: {'line': b'\x1b[01m\x1b[K/usr/include/c++/13/ostream:801:5:\x1b[m\x1b[K \x1b[01;36m\x1b[Knote: \x1b[m\x1b[K  template argument deduction/substitution failed:\n'}
[1.059142] (tuw_hardware_trinamic_driver) StderrLine: {'line': b'/usr/include/c++/13/ostream: In substitution of \xe2\x80\x98\x1b[01m\x1b[Ktemplate<class _Ostream, class _Tp> _Ostream&& std::\x1b[01;32m\x1b[Koperator<<\x1b[m\x1b[K(_Ostream&&, const _Tp&) \x1b[35m\x1b[K[with _Ostream = std::basic_ostream<char>&; _Tp = tmcm1640::tmcm1640_status_codes]\x1b[m\x1b[K\x1b[m\x1b[K\xe2\x80\x99:\n'}
[1.059215] (tuw_hardware_trinamic_driver) StderrLine: {'line': b'\x1b[01m\x1b[K/usr/include/boost/format/feed_args.hpp:99:12:\x1b[m\x1b[K   required from \xe2\x80\x98\x1b[01m\x1b[Kvoid boost::io::detail::\x1b[01;32m\x1b[Kput_last\x1b[m\x1b[K(std::basic_ostream<_CharT, _Traits>&, const T&) \x1b[35m\x1b[K[with Ch = char; Tr = std::char_traits<char>; T = tmcm1640::tmcm1640_status_codes]\x1b[m\x1b[K\x1b[m\x1b[K\xe2\x80\x99\n'}
[1.059296] (tuw_hardware_trinamic_driver) StderrLine: {'line': b'\x1b[01m\x1b[K/usr/include/boost/format/feed_args.hpp:126:17:\x1b[m\x1b[K   required from \xe2\x80\x98\x1b[01m\x1b[Kvoid boost::io::detail::\x1b[01;32m\x1b[Kcall_put_last\x1b[m\x1b[K(std::basic_ostream<_CharT, _Traits>&, const void*) \x1b[35m\x1b[K[with Ch = char; Tr = std::char_traits<char>; T = tmcm1640::tmcm1640_status_codes]\x1b[m\x1b[K\x1b[m\x1b[K\xe2\x80\x99\n'}
[1.059373] (tuw_hardware_trinamic_driver) StderrLine: {'line': b'\x1b[01m\x1b[K/usr/include/boost/format/feed_args.hpp:135:22:\x1b[m\x1b[K   required from \xe2\x80\x98\x1b[01m\x1b[Kboost::io::detail::put_holder<Ch, Tr>::\x1b[01;32m\x1b[Kput_holder\x1b[m\x1b[K(T&) \x1b[35m\x1b[K[with T = tmcm1640::tmcm1640_status_codes; Ch = char; Tr = std::char_traits<char>]\x1b[m\x1b[K\x1b[m\x1b[K\xe2\x80\x99\n'}
[1.059464] (tuw_hardware_trinamic_driver) StderrLine: {'line': b'\x1b[01m\x1b[K/usr/include/boost/format/feed_args.hpp:313:74:\x1b[m\x1b[K   required from \xe2\x80\x98\x1b[01m\x1b[Kboost::basic_format<Ch, Tr, Alloc>& boost::io::detail::\x1b[01;32m\x1b[Kfeed\x1b[m\x1b[K(boost::basic_format<Ch, Tr, Alloc>&, T) \x1b[35m\x1b[K[with Ch = char; Tr = std::char_traits<char>; Alloc = std::allocator<char>; T = tmcm1640::tmcm1640_status_codes&]\x1b[m\x1b[K\x1b[m\x1b[K\xe2\x80\x99\n'}
[1.059543] (tuw_hardware_trinamic_driver) StderrLine: {'line': b'\x1b[01m\x1b[K/usr/include/boost/format/format_class.hpp:68:60:\x1b[m\x1b[K   required from \xe2\x80\x98\x1b[01m\x1b[Kboost::basic_format<Ch, Tr, Alloc>& boost::basic_format<Ch, Tr, Alloc>::\x1b[01;32m\x1b[Koperator%\x1b[m\x1b[K(T&) \x1b[35m\x1b[K[with T = tmcm1640::tmcm1640_status_codes; Ch = char; Tr = std::char_traits<char>; Alloc = std::allocator<char>]\x1b[m\x1b[K\x1b[m\x1b[K\xe2\x80\x99\n'}
[1.059618] (tuw_hardware_trinamic_driver) StderrLine: {'line': b'\x1b[01m\x1b[K/home/coffee/Documents/Studium/TU/bachelorarbeit/tuw_hardware_interface/src/tuw_hardware_trinamic_driver/src/tuw_hardware_trinamic_connection.cpp:121:77:\x1b[m\x1b[K   required from here\n'}
[1.059691] (tuw_hardware_trinamic_driver) StderrLine: {'line': b'\x1b[01m\x1b[K/usr/include/c++/13/ostream:801:5:\x1b[m\x1b[K \x1b[01;31m\x1b[Kerror: \x1b[m\x1b[Kno type named \xe2\x80\x98\x1b[01m\x1b[Ktype\x1b[m\x1b[K\xe2\x80\x99 in \xe2\x80\x98\x1b[01m\x1b[Kstruct std::enable_if<false, void>\x1b[m\x1b[K\xe2\x80\x99\n'}
[1.059763] (tuw_hardware_trinamic_driver) StderrLine: {'line': b'In file included from \x1b[01m\x1b[K/usr/include/c++/13/memory:80\x1b[m\x1b[K,\n'}
[1.059840] (tuw_hardware_trinamic_driver) StderrLine: {'line': b'                 from \x1b[01m\x1b[K/usr/include/boost/smart_ptr/detail/sp_counted_impl.hpp:35\x1b[m\x1b[K,\n'}
[1.059916] (tuw_hardware_trinamic_driver) StderrLine: {'line': b'                 from \x1b[01m\x1b[K/usr/include/boost/smart_ptr/detail/shared_count.hpp:27\x1b[m\x1b[K,\n'}
[1.059987] (tuw_hardware_trinamic_driver) StderrLine: {'line': b'                 from \x1b[01m\x1b[K/usr/include/boost/smart_ptr/shared_ptr.hpp:18\x1b[m\x1b[K,\n'}
[1.060059] (tuw_hardware_trinamic_driver) StderrLine: {'line': b'                 from \x1b[01m\x1b[K/usr/include/boost/shared_ptr.hpp:17\x1b[m\x1b[K,\n'}
[1.060130] (tuw_hardware_trinamic_driver) StderrLine: {'line': b'                 from \x1b[01m\x1b[K/usr/include/boost/format/alt_sstream.hpp:22\x1b[m\x1b[K,\n'}
[1.060205] (tuw_hardware_trinamic_driver) StderrLine: {'line': b'                 from \x1b[01m\x1b[K/usr/include/boost/format/internals.hpp:24\x1b[m\x1b[K,\n'}
[1.060276] (tuw_hardware_trinamic_driver) StderrLine: {'line': b'                 from \x1b[01m\x1b[K/usr/include/boost/format.hpp:38\x1b[m\x1b[K:\n'}
[1.060347] (tuw_hardware_trinamic_driver) StderrLine: {'line': b'/usr/include/boost/format/feed_args.hpp: In instantiation of \xe2\x80\x98\x1b[01m\x1b[Kvoid boost::io::detail::\x1b[01;32m\x1b[Kput_last\x1b[m\x1b[K(std::basic_ostream<_CharT, _Traits>&, const T&) \x1b[35m\x1b[K[with Ch = char; Tr = std::char_traits<char>; T = tmcm1640::tmcm1640_status_codes]\x1b[m\x1b[K\x1b[m\x1b[K\xe2\x80\x99:\n'}
[1.060425] (tuw_hardware_trinamic_driver) StderrLine: {'line': b'\x1b[01m\x1b[K/usr/include/boost/format/feed_args.hpp:126:17:\x1b[m\x1b[K   required from \xe2\x80\x98\x1b[01m\x1b[Kvoid boost::io::detail::\x1b[01;32m\x1b[Kcall_put_last\x1b[m\x1b[K(std::basic_ostream<_CharT, _Traits>&, const void*) \x1b[35m\x1b[K[with Ch = char; Tr = std::char_traits<char>; T = tmcm1640::tmcm1640_status_codes]\x1b[m\x1b[K\x1b[m\x1b[K\xe2\x80\x99\n'}
[1.060520] (tuw_hardware_trinamic_driver) StderrLine: {'line': b'\x1b[01m\x1b[K/usr/include/boost/format/feed_args.hpp:135:22:\x1b[m\x1b[K   required from \xe2\x80\x98\x1b[01m\x1b[Kboost::io::detail::put_holder<Ch, Tr>::\x1b[01;32m\x1b[Kput_holder\x1b[m\x1b[K(T&) \x1b[35m\x1b[K[with T = tmcm1640::tmcm1640_status_codes; Ch = char; Tr = std::char_traits<char>]\x1b[m\x1b[K\x1b[m\x1b[K\xe2\x80\x99\n'}
[1.060594] (tuw_hardware_trinamic_driver) StderrLine: {'line': b'\x1b[01m\x1b[K/usr/include/boost/format/feed_args.hpp:313:74:\x1b[m\x1b[K   required from \xe2\x80\x98\x1b[01m\x1b[Kboost::basic_format<Ch, Tr, Alloc>& boost::io::detail::\x1b[01;32m\x1b[Kfeed\x1b[m\x1b[K(boost::basic_format<Ch, Tr, Alloc>&, T) \x1b[35m\x1b[K[with Ch = char; Tr = std::char_traits<char>; Alloc = std::allocator<char>; T = tmcm1640::tmcm1640_status_codes&]\x1b[m\x1b[K\x1b[m\x1b[K\xe2\x80\x99\n'}
[1.060669] (tuw_hardware_trinamic_driver) StderrLine: {'line': b'\x1b[01m\x1b[K/usr/include/boost/format/format_class.hpp:68:60:\x1b[m\x1b[K   required from \xe2\x80\x98\x1b[01m\x1b[Kboost::basic_format<Ch, Tr, Alloc>& boost::basic_format<Ch, Tr, Alloc>::\x1b[01;32m\x1b[Koperator%\x1b[m\x1b[K(T&) \x1b[35m\x1b[K[with T = tmcm1640::tmcm1640_status_codes; Ch = char; Tr = std::char_traits<char>; Alloc = std::allocator<char>]\x1b[m\x1b[K\x1b[m\x1b[K\xe2\x80\x99\n'}
[1.060746] (tuw_hardware_trinamic_driver) StderrLine: {'line': b'\x1b[01m\x1b[K/home/coffee/Documents/Studium/TU/bachelorarbeit/tuw_hardware_interface/src/tuw_hardware_trinamic_driver/src/tuw_hardware_trinamic_connection.cpp:121:77:\x1b[m\x1b[K   required from here\n'}
[1.060826] (tuw_hardware_trinamic_driver) StderrLine: {'line': b'\x1b[01m\x1b[K/usr/include/c++/13/bits/shared_ptr.h:70:5:\x1b[m\x1b[K \x1b[01;36m\x1b[Knote: \x1b[m\x1b[Kcandidate: \xe2\x80\x98\x1b[01m\x1b[Ktemplate<class _Ch, class _Tr, class _Tp, __gnu_cxx::_Lock_policy _Lp> std::basic_ostream<_CharT, _Traits>& std::\x1b[01;32m\x1b[Koperator<<\x1b[m\x1b[K(basic_ostream<_CharT, _Traits>&, const __shared_ptr<_Tp, _Lp>&)\x1b[m\x1b[K\xe2\x80\x99\n'}
[1.060901] (tuw_hardware_trinamic_driver) StderrLine: {'line': b'   70 |     \x1b[01;36m\x1b[Koperator\x1b[m\x1b[K<<(std::basic_ostream<_Ch, _Tr>& __os,\n'}
[1.060972] (tuw_hardware_trinamic_driver) StderrLine: {'line': b'      |     \x1b[01;36m\x1b[K^~~~~~~~\x1b[m\x1b[K\n'}
[1.061047] (tuw_hardware_trinamic_driver) StderrLine: {'line': b'\x1b[01m\x1b[K/usr/include/c++/13/bits/shared_ptr.h:70:5:\x1b[m\x1b[K \x1b[01;36m\x1b[Knote: \x1b[m\x1b[K  template argument deduction/substitution failed:\n'}
[1.061119] (tuw_hardware_trinamic_driver) StderrLine: {'line': b'\x1b[01m\x1b[K/usr/include/boost/format/feed_args.hpp:99:12:\x1b[m\x1b[K \x1b[01;36m\x1b[Knote: \x1b[m\x1b[K  mismatched types \xe2\x80\x98\x1b[01m\x1b[Kconst std::__shared_ptr<_Tp, _Lp>\x1b[m\x1b[K\xe2\x80\x99 and \xe2\x80\x98\x1b[01m\x1b[Kconst tmcm1640::tmcm1640_status_codes\x1b[m\x1b[K\xe2\x80\x99\n'}
[1.061193] (tuw_hardware_trinamic_driver) StderrLine: {'line': b'   99 |         \x1b[01;36m\x1b[Kos << x\x1b[m\x1b[K ;\n'}
[1.061264] (tuw_hardware_trinamic_driver) StderrLine: {'line': b'      |         \x1b[01;36m\x1b[K~~~^~~~\x1b[m\x1b[K\n'}
[1.104032] (-) TimerEvent: {}
[1.121013] (tuw_hardware_trinamic_driver) StderrLine: {'line': b'\x1b[01m\x1b[K/home/coffee/Documents/Studium/TU/bachelorarbeit/tuw_hardware_interface/src/tuw_hardware_trinamic_driver/src/tuw_hardware_trinamic_connection.cpp:\x1b[m\x1b[K In member function \xe2\x80\x98\x1b[01m\x1b[Kbool tmcm1640::TMCM1640Connection::\x1b[01;32m\x1b[Ksend_and_receive\x1b[m\x1b[K()\x1b[m\x1b[K\xe2\x80\x99:\n'}
[1.121391] (tuw_hardware_trinamic_driver) StderrLine: {'line': b'\x1b[01m\x1b[K/home/coffee/Documents/Studium/TU/bachelorarbeit/tuw_hardware_interface/src/tuw_hardware_trinamic_driver/src/tuw_hardware_trinamic_connection.cpp:149:5:\x1b[m\x1b[K \x1b[01;35m\x1b[Kwarning: \x1b[m\x1b[Kcontrol reaches end of non-void function [\x1b[01;35m\x1b[K\x1b]8;;https://gcc.gnu.org/onlinedocs/gcc/Warning-Options.html#index-Wreturn-type\x07-Wreturn-type\x1b]8;;\x07\x1b[m\x1b[K]\n'}
[1.121539] (tuw_hardware_trinamic_driver) StderrLine: {'line': b'  149 |     \x1b[01;35m\x1b[K}\x1b[m\x1b[K\n'}
[1.121626] (tuw_hardware_trinamic_driver) StderrLine: {'line': b'      |     \x1b[01;35m\x1b[K^\x1b[m\x1b[K\n'}
[1.137101] (tuw_hardware_trinamic_driver) StderrLine: {'line': b'gmake[2]: *** [CMakeFiles/trinamic_test_node.dir/build.make:90: CMakeFiles/trinamic_test_node.dir/src/tuw_hardware_trinamic_connection.cpp.o] Error 1\n'}
[1.137701] (tuw_hardware_trinamic_driver) StderrLine: {'line': b'gmake[1]: *** [CMakeFiles/Makefile2:137: CMakeFiles/trinamic_test_node.dir/all] Error 2\n'}
[1.138158] (tuw_hardware_trinamic_driver) StderrLine: {'line': b'gmake: *** [Makefile:146: all] Error 2\n'}
[1.143247] (tuw_hardware_trinamic_driver) CommandEnded: {'returncode': 2}
[1.162823] (tuw_hardware_trinamic_driver) JobEnded: {'identifier': 'tuw_hardware_trinamic_driver', 'rc': 2}
[1.228766] (-) TimerEvent: {}
[1.228975] (-) EventReactorShutdown: {}
