[0.000000] (-) TimerEvent: {}
[0.000877] (-) JobUnselected: {'identifier': 'tuw_hardware_interface'}
[0.000963] (-) JobUnselected: {'identifier': 'tuw_hardware_interface_dynamixel'}
[0.001007] (-) JobUnselected: {'identifier': 'tuw_hardware_interface_template'}
[0.001040] (-) JobUnselected: {'identifier': 'tuw_hardware_interface_trinamic'}
[0.001075] (tuw_hardware_trinamic_driver) JobQueued: {'identifier': 'tuw_hardware_trinamic_driver', 'dependencies': OrderedDict()}
[0.001114] (tuw_hardware_trinamic_driver) JobStarted: {'identifier': 'tuw_hardware_trinamic_driver'}
[0.013972] (tuw_hardware_trinamic_driver) JobProgress: {'identifier': 'tuw_hardware_trinamic_driver', 'progress': 'cmake'}
[0.016809] (tuw_hardware_trinamic_driver) JobProgress: {'identifier': 'tuw_hardware_trinamic_driver', 'progress': 'build'}
[0.017245] (tuw_hardware_trinamic_driver) Command: {'cmd': ['/usr/bin/cmake', '--build', '/home/coffee/Documents/Studium/TU/bachelorarbeit/tuw_hardware_interface/build/tuw_hardware_trinamic_driver', '--', '-j14', '-l14'], 'cwd': '/home/coffee/Documents/Studium/TU/bachelorarbeit/tuw_hardware_interface/build/tuw_hardware_trinamic_driver', 'env': OrderedDict({'LESSOPEN': '| /usr/bin/lesspipe %s', 'GZ_SIM_RESOURCE_PATH': '/opt/ros/jazzy/share', 'USER': 'coffee', 'LC_TIME': 'en_GB.UTF-8', 'GZ_CONFIG_PATH': '/opt/ros/jazzy/opt/gz_sim_vendor/share/gz:/opt/ros/jazzy/opt/sdformat_vendor/share/gz:/opt/ros/jazzy/opt/gz_gui_vendor/share/gz:/opt/ros/jazzy/opt/gz_transport_vendor/share/gz:/opt/ros/jazzy/opt/gz_rendering_vendor/share/gz:/opt/ros/jazzy/opt/gz_plugin_vendor/share/gz:/opt/ros/jazzy/opt/gz_fuel_tools_vendor/share/gz:/opt/ros/jazzy/opt/gz_msgs_vendor/share/gz:/opt/ros/jazzy/opt/gz_common_vendor/share/gz', 'XDG_SESSION_TYPE': 'wayland', 'SHLVL': '1', 'LD_LIBRARY_PATH': '/opt/ros/jazzy/opt/gz_sim_vendor/lib:/opt/ros/jazzy/opt/gz_sensors_vendor/lib:/opt/ros/jazzy/opt/gz_physics_vendor/lib:/opt/ros/jazzy/opt/sdformat_vendor/lib:/opt/ros/jazzy/opt/rviz_ogre_vendor/lib:/opt/ros/jazzy/lib/x86_64-linux-gnu:/opt/ros/jazzy/opt/gz_gui_vendor/lib:/opt/ros/jazzy/opt/gz_transport_vendor/lib:/opt/ros/jazzy/opt/gz_rendering_vendor/lib:/opt/ros/jazzy/opt/gz_plugin_vendor/lib:/opt/ros/jazzy/opt/gz_fuel_tools_vendor/lib:/opt/ros/jazzy/opt/gz_msgs_vendor/lib:/opt/ros/jazzy/opt/gz_common_vendor/lib:/opt/ros/jazzy/opt/gz_math_vendor/lib:/opt/ros/jazzy/opt/gz_utils_vendor/lib:/opt/ros/jazzy/opt/gz_tools_vendor/lib:/opt/ros/jazzy/opt/gz_ogre_next_vendor/lib:/opt/ros/jazzy/opt/gz_dartsim_vendor/lib:/opt/ros/jazzy/opt/gz_cmake_vendor/lib:/opt/ros/jazzy/lib', 'HOME': '/home/coffee', 'OLDPWD': '/home/coffee/Documents/Studium/TU/bachelorarbeit/tuw_hardware_interface/src', 'CAML_LD_LIBRARY_PATH': '/home/coffee/.opam/default/lib/stublibs:/usr/local/lib/ocaml/4.14.1/stublibs:/usr/lib/ocaml/stublibs', 'DESKTOP_SESSION': 'ubuntu', 'OCAML_TOPLEVEL_PATH': '/home/coffee/.opam/default/lib/toplevel', 'ROS_PYTHON_VERSION': '3', 'GNOME_SHELL_SESSION_MODE': 'ubuntu', 'GTK_MODULES': 'gail:atk-bridge', 'LC_MONETARY': 'en_GB.UTF-8', 'SYSTEMD_EXEC_PID': '3643', 'GSM_SKIP_SSH_AGENT_WORKAROUND': 'true', 'DBUS_SESSION_BUS_ADDRESS': 'unix:path=/run/user/1000/bus', 'COLORTERM': 'truecolor', '_colcon_cd_root': '/opt/ros/jazzy/', 'DEBUGINFOD_URLS': 'https://debuginfod.ubuntu.com', 'IM_CONFIG_PHASE': '1', 'WAYLAND_DISPLAY': 'wayland-0', 'ROS_DISTRO': 'jazzy', 'LOGNAME': 'coffee', 'DESKTOP_AUTOSTART_ID': '10bedafe2b6673f756178177737514225200000036430017', '_': '/usr/bin/colcon', 'ROS_VERSION': '2', 'MEMORY_PRESSURE_WATCH': '/sys/fs/cgroup/user.slice/user-1000.slice/user@1000.service/app.slice/app-gnome\\x2dsession\\x2dmanager.slice/gnome-session-manager@ubuntu.service/memory.pressure', 'XDG_SESSION_CLASS': 'user', 'USERNAME': 'coffee', 'TERM': 'xterm-256color', 'GNOME_DESKTOP_SESSION_ID': 'this-is-deprecated', 'PATH': '/opt/ros/jazzy/opt/gz_msgs_vendor/bin:/opt/ros/jazzy/opt/gz_tools_vendor/bin:/opt/ros/jazzy/opt/gz_ogre_next_vendor/bin:/opt/ros/jazzy/bin:/home/coffee/.config/emacs/bin:/home/coffee/.opam/default/bin:/home/coffee/.elan/bin:/home/coffee/.cargo/bin:/home/coffee/.local/bin:/home/coffee/.config/emacs/bin:/usr/local/sbin:/usr/local/bin:/usr/sbin:/usr/bin:/sbin:/bin:/usr/games:/usr/local/games:/snap/bin:/snap/bin:/home/coffee/.local/bin:/home/coffee/.local/bin:/usr/local/texlive/2026/bin/x86_64-linux', 'SESSION_MANAGER': 'local/coffee-machine:@/tmp/.ICE-unix/3643,unix/coffee-machine:/tmp/.ICE-unix/3643', 'PAPERSIZE': 'a4', 'XDG_MENU_PREFIX': 'gnome-', 'LC_ADDRESS': 'en_GB.UTF-8', 'GNOME_TERMINAL_SCREEN': '/org/gnome/Terminal/screen/a3b845f1_dd1e_469a_8bb7_438ec915aa79', 'GNOME_SETUP_DISPLAY': ':1', 'XDG_RUNTIME_DIR': '/run/user/1000', 'DISPLAY': ':0', 'LANG': 'en_US.UTF-8', 'XDG_CURRENT_DESKTOP': 'ubuntu:GNOME', 'LC_TELEPHONE': 'en_GB.UTF-8', 'XMODIFIERS': '@im=ibus', 'XDG_SESSION_DESKTOP': 'ubuntu', 'XAUTHORITY': '/run/user/1000/.mutter-Xwaylandauth.4Y1BR3', 'LS_COLORS': 'rs=0:di=01;34:ln=01;36:mh=00:pi=40;33:so=01;35:do=01;35:bd=40;33;01:cd=40;33;01:or=40;31;01:mi=00:su=37;41:sg=30;43:ca=00:tw=30;42:ow=34;42:st=37;44:ex=01;32:*.tar=01;31:*.tgz=01;31:*.arc=01;31:*.arj=01;31:*.taz=01;31:*.lha=01;31:*.lz4=01;31:*.lzh=01;31:*.lzma=01;31:*.tlz=01;31:*.txz=01;31:*.tzo=01;31:*.t7z=01;31:*.zip=01;31:*.z=01;31:*.dz=01;31:*.gz=01;31:*.lrz=01;31:*.lz=01;31:*.lzo=01;31:*.xz=01;31:*.zst=01;31:*.tzst=01;31:*.bz2=01;31:*.bz=01;31:*.tbz=01;31:*.tbz2=01;31:*.tz=01;31:*.deb=01;31:*.rpm=01;31:*.jar=01;31:*.war=01;31:*.ear=01;31:*.sar=01;31:*.rar=01;31:*.alz=01;31:*.ace=01;31:*.zoo=01;31:*.cpio=01;31:*.7z=01;31:*.rz=01;31:*.cab=01;31:*.wim=01;31:*.swm=01;31:*.dwm=01;31:*.esd=01;31:*.avif=01;35:*.jpg=01;35:*.jpeg=01;35:*.mjpg=01;35:*.mjpeg=01;35:*.gif=01;35:*.bmp=01;35:*.pbm=01;35:*.pgm=01;35:*.ppm=01;35:*.tga=01;35:*.xbm=01;35:*.xpm=01;35:*.tif=01;35:*.tiff=01;35:*.png=01;35:*.svg=01;35:*.svgz=01;35:*.mng=01;35:*.pcx=01;35:*.mov=01;35:*.mpg=01;35:*.mpeg=01;35:*.m2v=01;35:*.mkv=01;35:*.webm=01;35:*.webp=01;35:*.ogm=01;35:*.mp4=01;35:*.m4v=01;35:*.mp4v=01;35:*.vob=01;35:*.qt=01;35:*.nuv=01;35:*.wmv=01;35:*.asf=01;35:*.rm=01;35:*.rmvb=01;35:*.flc=01;35:*.avi=01;35:*.fli=01;35:*.flv=01;35:*.gl=01;35:*.dl=01;35:*.xcf=01;35:*.xwd=01;35:*.yuv=01;35:*.cgm=01;35:*.emf=01;35:*.ogv=01;35:*.ogx=01;35:*.aac=00;36:*.au=00;36:*.flac=00;36:*.m4a=00;36:*.mid=00;36:*.midi=00;36:*.mka=00;36:*.mp3=00;36:*.mpc=00;36:*.ogg=00;36:*.ra=00;36:*.wav=00;36:*.oga=00;36:*.opus=00;36:*.spx=00;36:*.xspf=00;36:*~=00;90:*#=00;90:*.bak=00;90:*.crdownload=00;90:*.dpkg-dist=00;90:*.dpkg-new=00;90:*.dpkg-old=00;90:*.dpkg-tmp=00;90:*.old=00;90:*.orig=00;90:*.part=00;90:*.rej=00;90:*.rpmnew=00;90:*.rpmorig=00;90:*.rpmsave=00;90:*.swp=00;90:*.tmp=00;90:*.ucf-dist=00;90:*.ucf-new=00;90:*.ucf-old=00;90:', 'GNOME_TERMINAL_SERVICE': ':1.90', 'SSH_AUTH_SOCK': '/run/user/1000/keyring/ssh', 'AMENT_PREFIX_PATH': '/opt/ros/jazzy', 'SHELL': '/bin/bash', 'LC_NAME': 'en_GB.UTF-8', 'QT_ACCESSIBILITY': '1', 'GDMSESSION': 'ubuntu', 'LESSCLOSE': '/usr/bin/lesspipe %s %s', 'LC_MEASUREMENT': 'en_GB.UTF-8', 'OCAMLTOP_INCLUDE_PATH': '/home/coffee/.opam/default/lib/toplevel:', 'OPAM_SWITCH_PREFIX': '/home/coffee/.opam/default', 'LC_IDENTIFICATION': 'en_GB.UTF-8', 'ROS_AUTOMATIC_DISCOVERY_RANGE': 'SUBNET', 'QT_IM_MODULE': 'ibus', 'PWD': '/home/coffee/Documents/Studium/TU/bachelorarbeit/tuw_hardware_interface/build/tuw_hardware_trinamic_driver', 'XDG_CONFIG_DIRS': '/etc/xdg/xdg-ubuntu:/etc/xdg', 'XDG_DATA_DIRS': '/usr/share/ubuntu:/usr/share/gnome:/usr/local/share/:/usr/share/:/var/lib/snapd/desktop', 'QTWEBENGINE_DICTIONARIES_PATH': '/usr/share/hunspell-bdic/', 'PYTHONPATH': '/opt/ros/jazzy/lib/python3.12/site-packages', 'LC_NUMERIC': 'en_GB.UTF-8', 'LC_PAPER': 'en_GB.UTF-8', 'COLCON': '1', 'MEMORY_PRESSURE_WRITE': 'c29tZSAyMDAwMDAgMjAwMDAwMAA=', 'MANPATH': ':/home/coffee/.opam/default/man', 'VTE_VERSION': '7600', 'CMAKE_PREFIX_PATH': '/opt/ros/jazzy/opt/gz_sim_vendor:/opt/ros/jazzy/opt/gz_sensors_vendor:/opt/ros/jazzy/opt/gz_physics_vendor:/opt/ros/jazzy/opt/sdformat_vendor:/opt/ros/jazzy/opt/gz_gui_vendor:/opt/ros/jazzy/opt/gz_transport_vendor:/opt/ros/jazzy/opt/gz_rendering_vendor:/opt/ros/jazzy/opt/gz_plugin_vendor:/opt/ros/jazzy/opt/gz_fuel_tools_vendor:/opt/ros/jazzy/opt/gz_msgs_vendor:/opt/ros/jazzy/opt/gz_common_vendor:/opt/ros/jazzy/opt/gz_math_vendor:/opt/ros/jazzy/opt/gz_utils_vendor:/opt/ros/jazzy/opt/gz_tools_vendor:/opt/ros/jazzy/opt/gz_ogre_next_vendor:/opt/ros/jazzy/opt/gz_dartsim_vendor:/opt/ros/jazzy/opt/gz_cmake_vendor:/opt/ros/jazzy'}), 'shell': False}
[0.099414] (-) TimerEvent: {}
[0.145796] (tuw_hardware_trinamic_driver) StdoutLine: {'line': b'[ 33%] \x1b[32mBuilding CXX object CMakeFiles/trinamic_test_node.dir/src/tuw_hardware_trinamic_connection.cpp.o\x1b[0m\n'}
[0.199638] (-) TimerEvent: {}
[0.300204] (-) TimerEvent: {}
[0.400797] (-) TimerEvent: {}
[0.501370] (-) TimerEvent: {}
[0.601965] (-) TimerEvent: {}
[0.702562] (-) TimerEvent: {}
[0.803136] (-) TimerEvent: {}
[0.903795] (-) TimerEvent: {}
[0.915411] (tuw_hardware_trinamic_driver) StderrLine: {'line': b'\x1b[01m\x1b[K/home/coffee/Documents/Studium/TU/bachelorarbeit/tuw_hardware_interface/src/tuw_hardware_trinamic_driver/src/tuw_hardware_trinamic_connection.cpp:\x1b[m\x1b[K In constructor \xe2\x80\x98\x1b[01m\x1b[Ktmcm1640::TMCM1640Connection::\x1b[01;32m\x1b[KTMCM1640Connection\x1b[m\x1b[K(std::string)\x1b[m\x1b[K\xe2\x80\x99:\n'}
[0.916580] (tuw_hardware_trinamic_driver) StderrLine: {'line': b'\x1b[01m\x1b[K/home/coffee/Documents/Studium/TU/bachelorarbeit/tuw_hardware_interface/src/tuw_hardware_trinamic_driver/src/tuw_hardware_trinamic_connection.cpp:14:83:\x1b[m\x1b[K \x1b[01;31m\x1b[Kerror: \x1b[m\x1b[Kinvalid operands of types \xe2\x80\x98\x1b[01m\x1b[Kconst char [24]\x1b[m\x1b[K\xe2\x80\x99 and \xe2\x80\x98\x1b[01m\x1b[Kint\x1b[m\x1b[K\xe2\x80\x99 to binary \xe2\x80\x98\x1b[01m\x1b[Koperator%\x1b[m\x1b[K\xe2\x80\x99\n'}
[0.916772] (tuw_hardware_trinamic_driver) StderrLine: {'line': b'   14 |             std::string error_message = (boost::format(\x1b[32m\x1b[K"Error %i from open: %s\\n"\x1b[m\x1b[K \x1b[01;31m\x1b[K%\x1b[m\x1b[K errno % strerror(errno))).str();\n'}
[0.916921] (tuw_hardware_trinamic_driver) StderrLine: {'line': b'      |                                                        \x1b[32m\x1b[K~~~~~~~~~~~~~~~~~~~~~~~~~~\x1b[m\x1b[K \x1b[01;31m\x1b[K^\x1b[m\x1b[K\n'}
[0.917056] (tuw_hardware_trinamic_driver) StderrLine: {'line': b'      |                                                        \x1b[32m\x1b[K|\x1b[m\x1b[K\n'}
[0.917185] (tuw_hardware_trinamic_driver) StderrLine: {'line': b'      |                                                        \x1b[32m\x1b[Kconst char [24]\x1b[m\x1b[K\n'}
[0.919470] (tuw_hardware_trinamic_driver) StderrLine: {'line': b'\x1b[01m\x1b[K/home/coffee/Documents/Studium/TU/bachelorarbeit/tuw_hardware_interface/src/tuw_hardware_trinamic_driver/src/tuw_hardware_trinamic_connection.cpp:23:88:\x1b[m\x1b[K \x1b[01;31m\x1b[Kerror: \x1b[m\x1b[Kinvalid operands of types \xe2\x80\x98\x1b[01m\x1b[Kconst char [29]\x1b[m\x1b[K\xe2\x80\x99 and \xe2\x80\x98\x1b[01m\x1b[Kint\x1b[m\x1b[K\xe2\x80\x99 to binary \xe2\x80\x98\x1b[01m\x1b[Koperator%\x1b[m\x1b[K\xe2\x80\x99\n'}
[0.919831] (tuw_hardware_trinamic_driver) StderrLine: {'line': b'   23 |             std::string error_message = (boost::format(\x1b[32m\x1b[K"Error %i from tcgetattr: %s\\n"\x1b[m\x1b[K \x1b[01;31m\x1b[K%\x1b[m\x1b[K errno % strerror(errno))).str();\n'}
[0.919992] (tuw_hardware_trinamic_driver) StderrLine: {'line': b'      |                                                        \x1b[32m\x1b[K~~~~~~~~~~~~~~~~~~~~~~~~~~~~~~~\x1b[m\x1b[K \x1b[01;31m\x1b[K^\x1b[m\x1b[K\n'}
[0.920132] (tuw_hardware_trinamic_driver) StderrLine: {'line': b'      |                                                        \x1b[32m\x1b[K|\x1b[m\x1b[K\n'}
[0.920270] (tuw_hardware_trinamic_driver) StderrLine: {'line': b'      |                                                        \x1b[32m\x1b[Kconst char [29]\x1b[m\x1b[K\n'}
[0.921047] (tuw_hardware_trinamic_driver) StderrLine: {'line': b'\x1b[01m\x1b[K/home/coffee/Documents/Studium/TU/bachelorarbeit/tuw_hardware_interface/src/tuw_hardware_trinamic_driver/src/tuw_hardware_trinamic_connection.cpp:67:21:\x1b[m\x1b[K \x1b[01;31m\x1b[Kerror: \x1b[m\x1b[Ktoo many arguments to function \xe2\x80\x98\x1b[01m\x1b[Kint\x1b[01;32m\x1b[K tcgetattr\x1b[m\x1b[K(int, termios*)\x1b[m\x1b[K\xe2\x80\x99\n'}
[0.921681] (tuw_hardware_trinamic_driver) StderrLine: {'line': b'   67 |         if(\x1b[01;31m\x1b[Ktcgetattr(serial_port, TCSANOW, &tty)\x1b[m\x1b[K != 0) {\n'}
[0.922266] (tuw_hardware_trinamic_driver) StderrLine: {'line': b'      |            \x1b[01;31m\x1b[K~~~~~~~~~^~~~~~~~~~~~~~~~~~~~~~~~~~~~\x1b[m\x1b[K\n'}
[0.922506] (tuw_hardware_trinamic_driver) StderrLine: {'line': b'In file included from \x1b[01m\x1b[K/home/coffee/Documents/Studium/TU/bachelorarbeit/tuw_hardware_interface/src/tuw_hardware_trinamic_driver/include/tuw_hardware_trinamic_driver/tuw_hardware_trinamic_connection.hpp:9\x1b[m\x1b[K,\n'}
[0.922696] (tuw_hardware_trinamic_driver) StderrLine: {'line': b'                 from \x1b[01m\x1b[K/home/coffee/Documents/Studium/TU/bachelorarbeit/tuw_hardware_interface/src/tuw_hardware_trinamic_driver/src/tuw_hardware_trinamic_connection.cpp:1\x1b[m\x1b[K:\n'}
[0.923029] (tuw_hardware_trinamic_driver) StderrLine: {'line': b'\x1b[01m\x1b[K/usr/include/termios.h:66:12:\x1b[m\x1b[K \x1b[01;36m\x1b[Knote: \x1b[m\x1b[Kdeclared here\n'}
[0.923171] (tuw_hardware_trinamic_driver) StderrLine: {'line': b'   66 | extern int \x1b[01;36m\x1b[Ktcgetattr\x1b[m\x1b[K (int __fd, struct termios *__termios_p) __THROW;\n'}
[0.923307] (tuw_hardware_trinamic_driver) StderrLine: {'line': b'      |            \x1b[01;36m\x1b[K^~~~~~~~~\x1b[m\x1b[K\n'}
[0.923439] (tuw_hardware_trinamic_driver) StderrLine: {'line': b'\x1b[01m\x1b[K/home/coffee/Documents/Studium/TU/bachelorarbeit/tuw_hardware_interface/src/tuw_hardware_trinamic_driver/src/tuw_hardware_trinamic_connection.cpp:70:88:\x1b[m\x1b[K \x1b[01;31m\x1b[Kerror: \x1b[m\x1b[Kinvalid operands of types \xe2\x80\x98\x1b[01m\x1b[Kconst char [29]\x1b[m\x1b[K\xe2\x80\x99 and \xe2\x80\x98\x1b[01m\x1b[Kint\x1b[m\x1b[K\xe2\x80\x99 to binary \xe2\x80\x98\x1b[01m\x1b[Koperator%\x1b[m\x1b[K\xe2\x80\x99\n'}
[0.923735] (tuw_hardware_trinamic_driver) StderrLine: {'line': b'   70 |             std::string error_message = (boost::format(\x1b[32m\x1b[K"Error %i from tcsetattr: %s\\n"\x1b[m\x1b[K \x1b[01;31m\x1b[K%\x1b[m\x1b[K errno % strerror(errno))).str();\n'}
[0.923876] (tuw_hardware_trinamic_driver) StderrLine: {'line': b'      |                                                        \x1b[32m\x1b[K~~~~~~~~~~~~~~~~~~~~~~~~~~~~~~~\x1b[m\x1b[K \x1b[01;31m\x1b[K^\x1b[m\x1b[K\n'}
[0.924299] (tuw_hardware_trinamic_driver) StderrLine: {'line': b'      |                                                        \x1b[32m\x1b[K|\x1b[m\x1b[K\n'}
[0.925092] (tuw_hardware_trinamic_driver) StderrLine: {'line': b'      |                                                        \x1b[32m\x1b[Kconst char [29]\x1b[m\x1b[K\n'}
[0.925274] (tuw_hardware_trinamic_driver) StderrLine: {'line': b'In file included from \x1b[01m\x1b[K/home/coffee/Documents/Studium/TU/bachelorarbeit/tuw_hardware_interface/src/tuw_hardware_trinamic_driver/include/tuw_hardware_trinamic_driver/tuw_hardware_trinamic_connection.hpp:4\x1b[m\x1b[K:\n'}
[0.925416] (tuw_hardware_trinamic_driver) StderrLine: {'line': b'\x1b[01m\x1b[K/home/coffee/Documents/Studium/TU/bachelorarbeit/tuw_hardware_interface/src/tuw_hardware_trinamic_driver/include/tuw_hardware_trinamic_driver/tuw_hardware_trinamic_definitions.hpp:146:20:\x1b[m\x1b[K \x1b[01;31m\x1b[Kerror: \x1b[m\x1b[Kexpected unqualified-id before numeric constant\n'}
[0.925598] (tuw_hardware_trinamic_driver) StderrLine: {'line': b'  146 |     #define TARGET \x1b[01;31m\x1b[K1\x1b[m\x1b[K\n'}
[0.925730] (tuw_hardware_trinamic_driver) StderrLine: {'line': b'      |                    \x1b[01;31m\x1b[K^\x1b[m\x1b[K\n'}
[0.925853] (tuw_hardware_trinamic_driver) StderrLine: {'line': b'\x1b[01m\x1b[K/home/coffee/Documents/Studium/TU/bachelorarbeit/tuw_hardware_interface/src/tuw_hardware_trinamic_driver/src/tuw_hardware_trinamic_connection.cpp:76:46:\x1b[m\x1b[K \x1b[01;36m\x1b[Knote: \x1b[m\x1b[Kin expansion of macro \xe2\x80\x98\x1b[01m\x1b[KTARGET\x1b[m\x1b[K\xe2\x80\x99\n'}
[0.925981] (tuw_hardware_trinamic_driver) StderrLine: {'line': b'   76 |         command_message[tmcm1640_cmd_format::\x1b[01;36m\x1b[KTARGET\x1b[m\x1b[K] = TARGET;\n'}
[0.926111] (tuw_hardware_trinamic_driver) StderrLine: {'line': b'      |                                              \x1b[01;36m\x1b[K^~~~~~\x1b[m\x1b[K\n'}
[0.926233] (tuw_hardware_trinamic_driver) StderrLine: {'line': b'\x1b[01m\x1b[K/home/coffee/Documents/Studium/TU/bachelorarbeit/tuw_hardware_interface/src/tuw_hardware_trinamic_driver/src/tuw_hardware_trinamic_connection.cpp:76:44:\x1b[m\x1b[K \x1b[01;31m\x1b[Kerror: \x1b[m\x1b[Kexpected \xe2\x80\x98\x1b[01m\x1b[K]\x1b[m\x1b[K\xe2\x80\x99 before numeric constant\n'}
[0.926358] (tuw_hardware_trinamic_driver) StderrLine: {'line': b'   76 |         command_message[tmcm1640_cmd_format\x1b[01;31m\x1b[K:\x1b[m\x1b[K:TARGET] = TARGET;\n'}
[0.926479] (tuw_hardware_trinamic_driver) StderrLine: {'line': b'      |                                            \x1b[01;31m\x1b[K^\x1b[m\x1b[K\n'}
[0.926615] (tuw_hardware_trinamic_driver) StderrLine: {'line': b'      |                                            \x1b[32m\x1b[K]\x1b[m\x1b[K\n'}
[0.926737] (tuw_hardware_trinamic_driver) StderrLine: {'line': b'\x1b[01m\x1b[K/home/coffee/Documents/Studium/TU/bachelorarbeit/tuw_hardware_interface/src/tuw_hardware_trinamic_driver/src/tuw_hardware_trinamic_connection.cpp:77:24:\x1b[m\x1b[K \x1b[01;31m\x1b[Kerror: \x1b[m\x1b[Kno match for \xe2\x80\x98\x1b[01m\x1b[Koperator[]\x1b[m\x1b[K\xe2\x80\x99 (operand types are \xe2\x80\x98\x1b[01m\x1b[Kstd::array<unsigned char, 9>\x1b[m\x1b[K\xe2\x80\x99 and \xe2\x80\x98\x1b[01m\x1b[Ktmcm1640::tmcm1640_cmd_format\x1b[m\x1b[K\xe2\x80\x99)\n'}
[0.926865] (tuw_hardware_trinamic_driver) StderrLine: {'line': b'   77 |         command_message\x1b[01;31m\x1b[K[\x1b[m\x1b[Ktmcm1640_cmd_format::TYPE] = TYPE_DEFAULT;\n'}
[0.926986] (tuw_hardware_trinamic_driver) StderrLine: {'line': b'      |                        \x1b[01;31m\x1b[K^\x1b[m\x1b[K\n'}
[0.927108] (tuw_hardware_trinamic_driver) StderrLine: {'line': b'In file included from \x1b[01m\x1b[K/home/coffee/Documents/Studium/TU/bachelorarbeit/tuw_hardware_interface/src/tuw_hardware_trinamic_driver/include/tuw_hardware_trinamic_driver/tuw_hardware_trinamic_connection.hpp:13\x1b[m\x1b[K:\n'}
[0.927230] (tuw_hardware_trinamic_driver) StderrLine: {'line': b'\x1b[01m\x1b[K/usr/include/c++/13/array:200:7:\x1b[m\x1b[K \x1b[01;36m\x1b[Knote: \x1b[m\x1b[Kcandidate: \xe2\x80\x98\x1b[01m\x1b[Kconstexpr std::array<_Tp, _Nm>::value_type& std::array<_Tp, _Nm>::\x1b[01;32m\x1b[Koperator[]\x1b[m\x1b[K(size_type) \x1b[35m\x1b[K[with _Tp = unsigned char; long unsigned int _Nm = 9; reference = unsigned char&; size_type = long unsigned int]\x1b[m\x1b[K\x1b[m\x1b[K\xe2\x80\x99\n'}
[0.927355] (tuw_hardware_trinamic_driver) StderrLine: {'line': b'  200 |       \x1b[01;36m\x1b[Koperator\x1b[m\x1b[K[](size_type __n) noexcept\n'}
[0.927475] (tuw_hardware_trinamic_driver) StderrLine: {'line': b'      |       \x1b[01;36m\x1b[K^~~~~~~~\x1b[m\x1b[K\n'}
[0.927610] (tuw_hardware_trinamic_driver) StderrLine: {'line': b'\x1b[01m\x1b[K/usr/include/c++/13/array:200:28:\x1b[m\x1b[K \x1b[01;36m\x1b[Knote: \x1b[m\x1b[K  no known conversion for argument 1 from \xe2\x80\x98\x1b[01m\x1b[Ktmcm1640::tmcm1640_cmd_format\x1b[m\x1b[K\xe2\x80\x99 to \xe2\x80\x98\x1b[01m\x1b[Kstd::array<unsigned char, 9>::size_type\x1b[m\x1b[K\xe2\x80\x99 {aka \xe2\x80\x98\x1b[01m\x1b[Klong unsigned int\x1b[m\x1b[K\xe2\x80\x99}\n'}
[0.927738] (tuw_hardware_trinamic_driver) StderrLine: {'line': b'  200 |       operator[](\x1b[01;36m\x1b[Ksize_type __n\x1b[m\x1b[K) noexcept\n'}
[0.927857] (tuw_hardware_trinamic_driver) StderrLine: {'line': b'      |                  \x1b[01;36m\x1b[K~~~~~~~~~~^~~\x1b[m\x1b[K\n'}
[0.927975] (tuw_hardware_trinamic_driver) StderrLine: {'line': b'\x1b[01m\x1b[K/usr/include/c++/13/array:208:7:\x1b[m\x1b[K \x1b[01;36m\x1b[Knote: \x1b[m\x1b[Kcandidate: \xe2\x80\x98\x1b[01m\x1b[Kconstexpr const std::array<_Tp, _Nm>::value_type& std::array<_Tp, _Nm>::\x1b[01;32m\x1b[Koperator[]\x1b[m\x1b[K(size_type) const \x1b[35m\x1b[K[with _Tp = unsigned char; long unsigned int _Nm = 9; const_reference = const unsigned char&; size_type = long unsigned int]\x1b[m\x1b[K\x1b[m\x1b[K\xe2\x80\x99\n'}
[0.928120] (tuw_hardware_trinamic_driver) StderrLine: {'line': b'  208 |       \x1b[01;36m\x1b[Koperator\x1b[m\x1b[K[](size_type __n) const noexcept\n'}
[0.928243] (tuw_hardware_trinamic_driver) StderrLine: {'line': b'      |       \x1b[01;36m\x1b[K^~~~~~~~\x1b[m\x1b[K\n'}
[0.928363] (tuw_hardware_trinamic_driver) StderrLine: {'line': b'\x1b[01m\x1b[K/usr/include/c++/13/array:208:28:\x1b[m\x1b[K \x1b[01;36m\x1b[Knote: \x1b[m\x1b[K  no known conversion for argument 1 from \xe2\x80\x98\x1b[01m\x1b[Ktmcm1640::tmcm1640_cmd_format\x1b[m\x1b[K\xe2\x80\x99 to \xe2\x80\x98\x1b[01m\x1b[Kstd::array<unsigned char, 9>::size_type\x1b[m\x1b[K\xe2\x80\x99 {aka \xe2\x80\x98\x1b[01m\x1b[Klong unsigned int\x1b[m\x1b[K\xe2\x80\x99}\n'}
[0.928492] (tuw_hardware_trinamic_driver) StderrLine: {'line': b'  208 |       operator[](\x1b[01;36m\x1b[Ksize_type __n\x1b[m\x1b[K) const noexcept\n'}
[0.928635] (tuw_hardware_trinamic_driver) StderrLine: {'line': b'      |                  \x1b[01;36m\x1b[K~~~~~~~~~~^~~\x1b[m\x1b[K\n'}
[0.928762] (tuw_hardware_trinamic_driver) StderrLine: {'line': b'\x1b[01m\x1b[K/home/coffee/Documents/Studium/TU/bachelorarbeit/tuw_hardware_interface/src/tuw_hardware_trinamic_driver/src/tuw_hardware_trinamic_connection.cpp:78:24:\x1b[m\x1b[K \x1b[01;31m\x1b[Kerror: \x1b[m\x1b[Kno match for \xe2\x80\x98\x1b[01m\x1b[Koperator[]\x1b[m\x1b[K\xe2\x80\x99 (operand types are \xe2\x80\x98\x1b[01m\x1b[Kstd::array<unsigned char, 9>\x1b[m\x1b[K\xe2\x80\x99 and \xe2\x80\x98\x1b[01m\x1b[Ktmcm1640::tmcm1640_cmd_format\x1b[m\x1b[K\xe2\x80\x99)\n'}
[0.928891] (tuw_hardware_trinamic_driver) StderrLine: {'line': b'   78 |         command_message\x1b[01;31m\x1b[K[\x1b[m\x1b[Ktmcm1640_cmd_format::MOT_BANK] = MOTOR_NUMBER;\n'}
[0.929016] (tuw_hardware_trinamic_driver) StderrLine: {'line': b'      |                        \x1b[01;31m\x1b[K^\x1b[m\x1b[K\n'}
[0.929139] (tuw_hardware_trinamic_driver) StderrLine: {'line': b'\x1b[01m\x1b[K/usr/include/c++/13/array:200:7:\x1b[m\x1b[K \x1b[01;36m\x1b[Knote: \x1b[m\x1b[Kcandidate: \xe2\x80\x98\x1b[01m\x1b[Kconstexpr std::array<_Tp, _Nm>::value_type& std::array<_Tp, _Nm>::\x1b[01;32m\x1b[Koperator[]\x1b[m\x1b[K(size_type) \x1b[35m\x1b[K[with _Tp = unsigned char; long unsigned int _Nm = 9; reference = unsigned char&; size_type = long unsigned int]\x1b[m\x1b[K\x1b[m\x1b[K\xe2\x80\x99\n'}
[0.929299] (tuw_hardware_trinamic_driver) StderrLine: {'line': b'  200 |       \x1b[01;36m\x1b[Koperator\x1b[m\x1b[K[](size_type __n) noexcept\n'}
[0.929432] (tuw_hardware_trinamic_driver) StderrLine: {'line': b'      |       \x1b[01;36m\x1b[K^~~~~~~~\x1b[m\x1b[K\n'}
[0.929571] (tuw_hardware_trinamic_driver) StderrLine: {'line': b'\x1b[01m\x1b[K/usr/include/c++/13/array:200:28:\x1b[m\x1b[K \x1b[01;36m\x1b[Knote: \x1b[m\x1b[K  no known conversion for argument 1 from \xe2\x80\x98\x1b[01m\x1b[Ktmcm1640::tmcm1640_cmd_format\x1b[m\x1b[K\xe2\x80\x99 to \xe2\x80\x98\x1b[01m\x1b[Kstd::array<unsigned char, 9>::size_type\x1b[m\x1b[K\xe2\x80\x99 {aka \xe2\x80\x98\x1b[01m\x1b[Klong unsigned int\x1b[m\x1b[K\xe2\x80\x99}\n'}
[0.929723] (tuw_hardware_trinamic_driver) StderrLine: {'line': b'  200 |       operator[](\x1b[01;36m\x1b[Ksize_type __n\x1b[m\x1b[K) noexcept\n'}
[0.929848] (tuw_hardware_trinamic_driver) StderrLine: {'line': b'      |                  \x1b[01;36m\x1b[K~~~~~~~~~~^~~\x1b[m\x1b[K\n'}
[0.929973] (tuw_hardware_trinamic_driver) StderrLine: {'line': b'\x1b[01m\x1b[K/usr/include/c++/13/array:208:7:\x1b[m\x1b[K \x1b[01;36m\x1b[Knote: \x1b[m\x1b[Kcandidate: \xe2\x80\x98\x1b[01m\x1b[Kconstexpr const std::array<_Tp, _Nm>::value_type& std::array<_Tp, _Nm>::\x1b[01;32m\x1b[Koperator[]\x1b[m\x1b[K(size_type) const \x1b[35m\x1b[K[with _Tp = unsigned char; long unsigned int _Nm = 9; const_reference = const unsigned char&; size_type = long unsigned int]\x1b[m\x1b[K\x1b[m\x1b[K\xe2\x80\x99\n'}
[0.930105] (tuw_hardware_trinamic_driver) StderrLine: {'line': b'  208 |       \x1b[01;36m\x1b[Koperator\x1b[m\x1b[K[](size_type __n) const noexcept\n'}
[0.930235] (tuw_hardware_trinamic_driver) StderrLine: {'line': b'      |       \x1b[01;36m\x1b[K^~~~~~~~\x1b[m\x1b[K\n'}
[0.930358] (tuw_hardware_trinamic_driver) StderrLine: {'line': b'\x1b[01m\x1b[K/usr/include/c++/13/array:208:28:\x1b[m\x1b[K \x1b[01;36m\x1b[Knote: \x1b[m\x1b[K  no known conversion for argument 1 from \xe2\x80\x98\x1b[01m\x1b[Ktmcm1640::tmcm1640_cmd_format\x1b[m\x1b[K\xe2\x80\x99 to \xe2\x80\x98\x1b[01m\x1b[Kstd::array<unsigned char, 9>::size_type\x1b[m\x1b[K\xe2\x80\x99 {aka \xe2\x80\x98\x1b[01m\x1b[Klong unsigned int\x1b[m\x1b[K\xe2\x80\x99}\n'}
[0.930486] (tuw_hardware_trinamic_driver) StderrLine: {'line': b'  208 |       operator[](\x1b[01;36m\x1b[Ksize_type __n\x1b[m\x1b[K) const noexcept\n'}
[0.930629] (tuw_hardware_trinamic_driver) StderrLine: {'line': b'      |                  \x1b[01;36m\x1b[K~~~~~~~~~~^~~\x1b[m\x1b[K\n'}
[0.930758] (tuw_hardware_trinamic_driver) StderrLine: {'line': b'\x1b[01m\x1b[K/home/coffee/Documents/Studium/TU/bachelorarbeit/tuw_hardware_interface/src/tuw_hardware_trinamic_driver/src/tuw_hardware_trinamic_connection.cpp:79:24:\x1b[m\x1b[K \x1b[01;31m\x1b[Kerror: \x1b[m\x1b[Kno match for \xe2\x80\x98\x1b[01m\x1b[Koperator[]\x1b[m\x1b[K\xe2\x80\x99 (operand types are \xe2\x80\x98\x1b[01m\x1b[Kstd::array<unsigned char, 9>\x1b[m\x1b[K\xe2\x80\x99 and \xe2\x80\x98\x1b[01m\x1b[Ktmcm1640::tmcm1640_cmd_format\x1b[m\x1b[K\xe2\x80\x99)\n'}
[0.930922] (tuw_hardware_trinamic_driver) StderrLine: {'line': b'   79 |         command_message\x1b[01;31m\x1b[K[\x1b[m\x1b[Ktmcm1640_cmd_format::VALUE3] = VALUE_DEFAULT;\n'}
[0.931045] (tuw_hardware_trinamic_driver) StderrLine: {'line': b'      |                        \x1b[01;31m\x1b[K^\x1b[m\x1b[K\n'}
[0.931167] (tuw_hardware_trinamic_driver) StderrLine: {'line': b'\x1b[01m\x1b[K/usr/include/c++/13/array:200:7:\x1b[m\x1b[K \x1b[01;36m\x1b[Knote: \x1b[m\x1b[Kcandidate: \xe2\x80\x98\x1b[01m\x1b[Kconstexpr std::array<_Tp, _Nm>::value_type& std::array<_Tp, _Nm>::\x1b[01;32m\x1b[Koperator[]\x1b[m\x1b[K(size_type) \x1b[35m\x1b[K[with _Tp = unsigned char; long unsigned int _Nm = 9; reference = unsigned char&; size_type = long unsigned int]\x1b[m\x1b[K\x1b[m\x1b[K\xe2\x80\x99\n'}
[0.931291] (tuw_hardware_trinamic_driver) StderrLine: {'line': b'  200 |       \x1b[01;36m\x1b[Koperator\x1b[m\x1b[K[](size_type __n) noexcept\n'}
[0.931412] (tuw_hardware_trinamic_driver) StderrLine: {'line': b'      |       \x1b[01;36m\x1b[K^~~~~~~~\x1b[m\x1b[K\n'}
[0.931544] (tuw_hardware_trinamic_driver) StderrLine: {'line': b'\x1b[01m\x1b[K/usr/include/c++/13/array:200:28:\x1b[m\x1b[K \x1b[01;36m\x1b[Knote: \x1b[m\x1b[K  no known conversion for argument 1 from \xe2\x80\x98\x1b[01m\x1b[Ktmcm1640::tmcm1640_cmd_format\x1b[m\x1b[K\xe2\x80\x99 to \xe2\x80\x98\x1b[01m\x1b[Kstd::array<unsigned char, 9>::size_type\x1b[m\x1b[K\xe2\x80\x99 {aka \xe2\x80\x98\x1b[01m\x1b[Klong unsigned int\x1b[m\x1b[K\xe2\x80\x99}\n'}
[0.931675] (tuw_hardware_trinamic_driver) StderrLine: {'line': b'  200 |       operator[](\x1b[01;36m\x1b[Ksize_type __n\x1b[m\x1b[K) noexcept\n'}
[0.931796] (tuw_hardware_trinamic_driver) StderrLine: {'line': b'      |                  \x1b[01;36m\x1b[K~~~~~~~~~~^~~\x1b[m\x1b[K\n'}
[0.931917] (tuw_hardware_trinamic_driver) StderrLine: {'line': b'\x1b[01m\x1b[K/usr/include/c++/13/array:208:7:\x1b[m\x1b[K \x1b[01;36m\x1b[Knote: \x1b[m\x1b[Kcandidate: \xe2\x80\x98\x1b[01m\x1b[Kconstexpr const std::array<_Tp, _Nm>::value_type& std::array<_Tp, _Nm>::\x1b[01;32m\x1b[Koperator[]\x1b[m\x1b[K(size_type) const \x1b[35m\x1b[K[with _Tp = unsigned char; long unsigned int _Nm = 9; const_reference = const unsigned char&; size_type = long unsigned int]\x1b[m\x1b[K\x1b[m\x1b[K\xe2\x80\x99\n'}
[0.932050] (tuw_hardware_trinamic_driver) StderrLine: {'line': b'  208 |       \x1b[01;36m\x1b[Koperator\x1b[m\x1b[K[](size_type __n) const noexcept\n'}
[0.932172] (tuw_hardware_trinamic_driver) StderrLine: {'line': b'      |       \x1b[01;36m\x1b[K^~~~~~~~\x1b[m\x1b[K\n'}
[0.932293] (tuw_hardware_trinamic_driver) StderrLine: {'line': b'\x1b[01m\x1b[K/usr/include/c++/13/array:208:28:\x1b[m\x1b[K \x1b[01;36m\x1b[Knote: \x1b[m\x1b[K  no known conversion for argument 1 from \xe2\x80\x98\x1b[01m\x1b[Ktmcm1640::tmcm1640_cmd_format\x1b[m\x1b[K\xe2\x80\x99 to \xe2\x80\x98\x1b[01m\x1b[Kstd::array<unsigned char, 9>::size_type\x1b[m\x1b[K\xe2\x80\x99 {aka \xe2\x80\x98\x1b[01m\x1b[Klong unsigned int\x1b[m\x1b[K\xe2\x80\x99}\n'}
[0.932424] (tuw_hardware_trinamic_driver) StderrLine: {'line': b'  208 |       operator[](\x1b[01;36m\x1b[Ksize_type __n\x1b[m\x1b[K) const noexcept\n'}
[0.932558] (tuw_hardware_trinamic_driver) StderrLine: {'line': b'      |                  \x1b[01;36m\x1b[K~~~~~~~~~~^~~\x1b[m\x1b[K\n'}
[0.932687] (tuw_hardware_trinamic_driver) StderrLine: {'line': b'\x1b[01m\x1b[K/home/coffee/Documents/Studium/TU/bachelorarbeit/tuw_hardware_interface/src/tuw_hardware_trinamic_driver/src/tuw_hardware_trinamic_connection.cpp:80:24:\x1b[m\x1b[K \x1b[01;31m\x1b[Kerror: \x1b[m\x1b[Kno match for \xe2\x80\x98\x1b[01m\x1b[Koperator[]\x1b[m\x1b[K\xe2\x80\x99 (operand types are \xe2\x80\x98\x1b[01m\x1b[Kstd::array<unsigned char, 9>\x1b[m\x1b[K\xe2\x80\x99 and \xe2\x80\x98\x1b[01m\x1b[Ktmcm1640::tmcm1640_cmd_format\x1b[m\x1b[K\xe2\x80\x99)\n'}
[0.932834] (tuw_hardware_trinamic_driver) StderrLine: {'line': b'   80 |         command_message\x1b[01;31m\x1b[K[\x1b[m\x1b[Ktmcm1640_cmd_format::VALUE2] = VALUE_DEFAULT;\n'}
[0.932955] (tuw_hardware_trinamic_driver) StderrLine: {'line': b'      |                        \x1b[01;31m\x1b[K^\x1b[m\x1b[K\n'}
[0.933076] (tuw_hardware_trinamic_driver) StderrLine: {'line': b'\x1b[01m\x1b[K/usr/include/c++/13/array:200:7:\x1b[m\x1b[K \x1b[01;36m\x1b[Knote: \x1b[m\x1b[Kcandidate: \xe2\x80\x98\x1b[01m\x1b[Kconstexpr std::array<_Tp, _Nm>::value_type& std::array<_Tp, _Nm>::\x1b[01;32m\x1b[Koperator[]\x1b[m\x1b[K(size_type) \x1b[35m\x1b[K[with _Tp = unsigned char; long unsigned int _Nm = 9; reference = unsigned char&; size_type = long unsigned int]\x1b[m\x1b[K\x1b[m\x1b[K\xe2\x80\x99\n'}
[0.933204] (tuw_hardware_trinamic_driver) StderrLine: {'line': b'  200 |       \x1b[01;36m\x1b[Koperator\x1b[m\x1b[K[](size_type __n) noexcept\n'}
[0.933324] (tuw_hardware_trinamic_driver) StderrLine: {'line': b'      |       \x1b[01;36m\x1b[K^~~~~~~~\x1b[m\x1b[K\n'}
[0.933444] (tuw_hardware_trinamic_driver) StderrLine: {'line': b'\x1b[01m\x1b[K/usr/include/c++/13/array:200:28:\x1b[m\x1b[K \x1b[01;36m\x1b[Knote: \x1b[m\x1b[K  no known conversion for argument 1 from \xe2\x80\x98\x1b[01m\x1b[Ktmcm1640::tmcm1640_cmd_format\x1b[m\x1b[K\xe2\x80\x99 to \xe2\x80\x98\x1b[01m\x1b[Kstd::array<unsigned char, 9>::size_type\x1b[m\x1b[K\xe2\x80\x99 {aka \xe2\x80\x98\x1b[01m\x1b[Klong unsigned int\x1b[m\x1b[K\xe2\x80\x99}\n'}
[0.933583] (tuw_hardware_trinamic_driver) StderrLine: {'line': b'  200 |       operator[](\x1b[01;36m\x1b[Ksize_type __n\x1b[m\x1b[K) noexcept\n'}
[0.933709] (tuw_hardware_trinamic_driver) StderrLine: {'line': b'      |                  \x1b[01;36m\x1b[K~~~~~~~~~~^~~\x1b[m\x1b[K\n'}
[0.933830] (tuw_hardware_trinamic_driver) StderrLine: {'line': b'\x1b[01m\x1b[K/usr/include/c++/13/array:208:7:\x1b[m\x1b[K \x1b[01;36m\x1b[Knote: \x1b[m\x1b[Kcandidate: \xe2\x80\x98\x1b[01m\x1b[Kconstexpr const std::array<_Tp, _Nm>::value_type& std::array<_Tp, _Nm>::\x1b[01;32m\x1b[Koperator[]\x1b[m\x1b[K(size_type) const \x1b[35m\x1b[K[with _Tp = unsigned char; long unsigned int _Nm = 9; const_reference = const unsigned char&; size_type = long unsigned int]\x1b[m\x1b[K\x1b[m\x1b[K\xe2\x80\x99\n'}
[0.933956] (tuw_hardware_trinamic_driver) StderrLine: {'line': b'  208 |       \x1b[01;36m\x1b[Koperator\x1b[m\x1b[K[](size_type __n) const noexcept\n'}
[0.934077] (tuw_hardware_trinamic_driver) StderrLine: {'line': b'      |       \x1b[01;36m\x1b[K^~~~~~~~\x1b[m\x1b[K\n'}
[0.934204] (tuw_hardware_trinamic_driver) StderrLine: {'line': b'\x1b[01m\x1b[K/usr/include/c++/13/array:208:28:\x1b[m\x1b[K \x1b[01;36m\x1b[Knote: \x1b[m\x1b[K  no known conversion for argument 1 from \xe2\x80\x98\x1b[01m\x1b[Ktmcm1640::tmcm1640_cmd_format\x1b[m\x1b[K\xe2\x80\x99 to \xe2\x80\x98\x1b[01m\x1b[Kstd::array<unsigned char, 9>::size_type\x1b[m\x1b[K\xe2\x80\x99 {aka \xe2\x80\x98\x1b[01m\x1b[Klong unsigned int\x1b[m\x1b[K\xe2\x80\x99}\n'}
[0.934337] (tuw_hardware_trinamic_driver) StderrLine: {'line': b'  208 |       operator[](\x1b[01;36m\x1b[Ksize_type __n\x1b[m\x1b[K) const noexcept\n'}
[0.934457] (tuw_hardware_trinamic_driver) StderrLine: {'line': b'      |                  \x1b[01;36m\x1b[K~~~~~~~~~~^~~\x1b[m\x1b[K\n'}
[0.934589] (tuw_hardware_trinamic_driver) StderrLine: {'line': b'\x1b[01m\x1b[K/home/coffee/Documents/Studium/TU/bachelorarbeit/tuw_hardware_interface/src/tuw_hardware_trinamic_driver/src/tuw_hardware_trinamic_connection.cpp:81:24:\x1b[m\x1b[K \x1b[01;31m\x1b[Kerror: \x1b[m\x1b[Kno match for \xe2\x80\x98\x1b[01m\x1b[Koperator[]\x1b[m\x1b[K\xe2\x80\x99 (operand types are \xe2\x80\x98\x1b[01m\x1b[Kstd::array<unsigned char, 9>\x1b[m\x1b[K\xe2\x80\x99 and \xe2\x80\x98\x1b[01m\x1b[Ktmcm1640::tmcm1640_cmd_format\x1b[m\x1b[K\xe2\x80\x99)\n'}
[0.934718] (tuw_hardware_trinamic_driver) StderrLine: {'line': b'   81 |         command_message\x1b[01;31m\x1b[K[\x1b[m\x1b[Ktmcm1640_cmd_format::VALUE1] = VALUE_DEFAULT;\n'}
[0.934836] (tuw_hardware_trinamic_driver) StderrLine: {'line': b'      |                        \x1b[01;31m\x1b[K^\x1b[m\x1b[K\n'}
[0.934955] (tuw_hardware_trinamic_driver) StderrLine: {'line': b'\x1b[01m\x1b[K/usr/include/c++/13/array:200:7:\x1b[m\x1b[K \x1b[01;36m\x1b[Knote: \x1b[m\x1b[Kcandidate: \xe2\x80\x98\x1b[01m\x1b[Kconstexpr std::array<_Tp, _Nm>::value_type& std::array<_Tp, _Nm>::\x1b[01;32m\x1b[Koperator[]\x1b[m\x1b[K(size_type) \x1b[35m\x1b[K[with _Tp = unsigned char; long unsigned int _Nm = 9; reference = unsigned char&; size_type = long unsigned int]\x1b[m\x1b[K\x1b[m\x1b[K\xe2\x80\x99\n'}
[0.935086] (tuw_hardware_trinamic_driver) StderrLine: {'line': b'  200 |       \x1b[01;36m\x1b[Koperator\x1b[m\x1b[K[](size_type __n) noexcept\n'}
[0.935207] (tuw_hardware_trinamic_driver) StderrLine: {'line': b'      |       \x1b[01;36m\x1b[K^~~~~~~~\x1b[m\x1b[K\n'}
[0.935326] (tuw_hardware_trinamic_driver) StderrLine: {'line': b'\x1b[01m\x1b[K/usr/include/c++/13/array:200:28:\x1b[m\x1b[K \x1b[01;36m\x1b[Knote: \x1b[m\x1b[K  no known conversion for argument 1 from \xe2\x80\x98\x1b[01m\x1b[Ktmcm1640::tmcm1640_cmd_format\x1b[m\x1b[K\xe2\x80\x99 to \xe2\x80\x98\x1b[01m\x1b[Kstd::array<unsigned char, 9>::size_type\x1b[m\x1b[K\xe2\x80\x99 {aka \xe2\x80\x98\x1b[01m\x1b[Klong unsigned int\x1b[m\x1b[K\xe2\x80\x99}\n'}
[0.935450] (tuw_hardware_trinamic_driver) StderrLine: {'line': b'  200 |       operator[](\x1b[01;36m\x1b[Ksize_type __n\x1b[m\x1b[K) noexcept\n'}
[0.935585] (tuw_hardware_trinamic_driver) StderrLine: {'line': b'      |                  \x1b[01;36m\x1b[K~~~~~~~~~~^~~\x1b[m\x1b[K\n'}
[0.935710] (tuw_hardware_trinamic_driver) StderrLine: {'line': b'\x1b[01m\x1b[K/usr/include/c++/13/array:208:7:\x1b[m\x1b[K \x1b[01;36m\x1b[Knote: \x1b[m\x1b[Kcandidate: \xe2\x80\x98\x1b[01m\x1b[Kconstexpr const std::array<_Tp, _Nm>::value_type& std::array<_Tp, _Nm>::\x1b[01;32m\x1b[Koperator[]\x1b[m\x1b[K(size_type) const \x1b[35m\x1b[K[with _Tp = unsigned char; long unsigned int _Nm = 9; const_reference = const unsigned char&; size_type = long unsigned int]\x1b[m\x1b[K\x1b[m\x1b[K\xe2\x80\x99\n'}
[0.935840] (tuw_hardware_trinamic_driver) StderrLine: {'line': b'  208 |       \x1b[01;36m\x1b[Koperator\x1b[m\x1b[K[](size_type __n) const noexcept\n'}
[0.935957] (tuw_hardware_trinamic_driver) StderrLine: {'line': b'      |       \x1b[01;36m\x1b[K^~~~~~~~\x1b[m\x1b[K\n'}
[0.936075] (tuw_hardware_trinamic_driver) StderrLine: {'line': b'\x1b[01m\x1b[K/usr/include/c++/13/array:208:28:\x1b[m\x1b[K \x1b[01;36m\x1b[Knote: \x1b[m\x1b[K  no known conversion for argument 1 from \xe2\x80\x98\x1b[01m\x1b[Ktmcm1640::tmcm1640_cmd_format\x1b[m\x1b[K\xe2\x80\x99 to \xe2\x80\x98\x1b[01m\x1b[Kstd::array<unsigned char, 9>::size_type\x1b[m\x1b[K\xe2\x80\x99 {aka \xe2\x80\x98\x1b[01m\x1b[Klong unsigned int\x1b[m\x1b[K\xe2\x80\x99}\n'}
[0.936198] (tuw_hardware_trinamic_driver) StderrLine: {'line': b'  208 |       operator[](\x1b[01;36m\x1b[Ksize_type __n\x1b[m\x1b[K) const noexcept\n'}
[0.936333] (tuw_hardware_trinamic_driver) StderrLine: {'line': b'      |                  \x1b[01;36m\x1b[K~~~~~~~~~~^~~\x1b[m\x1b[K\n'}
[0.936453] (tuw_hardware_trinamic_driver) StderrLine: {'line': b'\x1b[01m\x1b[K/home/coffee/Documents/Studium/TU/bachelorarbeit/tuw_hardware_interface/src/tuw_hardware_trinamic_driver/src/tuw_hardware_trinamic_connection.cpp:82:24:\x1b[m\x1b[K \x1b[01;31m\x1b[Kerror: \x1b[m\x1b[Kno match for \xe2\x80\x98\x1b[01m\x1b[Koperator[]\x1b[m\x1b[K\xe2\x80\x99 (operand types are \xe2\x80\x98\x1b[01m\x1b[Kstd::array<unsigned char, 9>\x1b[m\x1b[K\xe2\x80\x99 and \xe2\x80\x98\x1b[01m\x1b[Ktmcm1640::tmcm1640_cmd_format\x1b[m\x1b[K\xe2\x80\x99)\n'}
[0.936600] (tuw_hardware_trinamic_driver) StderrLine: {'line': b'   82 |         command_message\x1b[01;31m\x1b[K[\x1b[m\x1b[Ktmcm1640_cmd_format::VALUE0] = VALUE_DEFAULT;\n'}
[0.936725] (tuw_hardware_trinamic_driver) StderrLine: {'line': b'      |                        \x1b[01;31m\x1b[K^\x1b[m\x1b[K\n'}
[0.936843] (tuw_hardware_trinamic_driver) StderrLine: {'line': b'\x1b[01m\x1b[K/usr/include/c++/13/array:200:7:\x1b[m\x1b[K \x1b[01;36m\x1b[Knote: \x1b[m\x1b[Kcandidate: \xe2\x80\x98\x1b[01m\x1b[Kconstexpr std::array<_Tp, _Nm>::value_type& std::array<_Tp, _Nm>::\x1b[01;32m\x1b[Koperator[]\x1b[m\x1b[K(size_type) \x1b[35m\x1b[K[with _Tp = unsigned char; long unsigned int _Nm = 9; reference = unsigned char&; size_type = long unsigned int]\x1b[m\x1b[K\x1b[m\x1b[K\xe2\x80\x99\n'}
[0.936974] (tuw_hardware_trinamic_driver) StderrLine: {'line': b'  200 |       \x1b[01;36m\x1b[Koperator\x1b[m\x1b[K[](size_type __n) noexcept\n'}
[0.937092] (tuw_hardware_trinamic_driver) StderrLine: {'line': b'      |       \x1b[01;36m\x1b[K^~~~~~~~\x1b[m\x1b[K\n'}
[0.937211] (tuw_hardware_trinamic_driver) StderrLine: {'line': b'\x1b[01m\x1b[K/usr/include/c++/13/array:200:28:\x1b[m\x1b[K \x1b[01;36m\x1b[Knote: \x1b[m\x1b[K  no known conversion for argument 1 from \xe2\x80\x98\x1b[01m\x1b[Ktmcm1640::tmcm1640_cmd_format\x1b[m\x1b[K\xe2\x80\x99 to \xe2\x80\x98\x1b[01m\x1b[Kstd::array<unsigned char, 9>::size_type\x1b[m\x1b[K\xe2\x80\x99 {aka \xe2\x80\x98\x1b[01m\x1b[Klong unsigned int\x1b[m\x1b[K\xe2\x80\x99}\n'}
[0.937333] (tuw_hardware_trinamic_driver) StderrLine: {'line': b'  200 |       operator[](\x1b[01;36m\x1b[Ksize_type __n\x1b[m\x1b[K) noexcept\n'}
[0.937451] (tuw_hardware_trinamic_driver) StderrLine: {'line': b'      |                  \x1b[01;36m\x1b[K~~~~~~~~~~^~~\x1b[m\x1b[K\n'}
[0.937584] (tuw_hardware_trinamic_driver) StderrLine: {'line': b'\x1b[01m\x1b[K/usr/include/c++/13/array:208:7:\x1b[m\x1b[K \x1b[01;36m\x1b[Knote: \x1b[m\x1b[Kcandidate: \xe2\x80\x98\x1b[01m\x1b[Kconstexpr const std::array<_Tp, _Nm>::value_type& std::array<_Tp, _Nm>::\x1b[01;32m\x1b[Koperator[]\x1b[m\x1b[K(size_type) const \x1b[35m\x1b[K[with _Tp = unsigned char; long unsigned int _Nm = 9; const_reference = const unsigned char&; size_type = long unsigned int]\x1b[m\x1b[K\x1b[m\x1b[K\xe2\x80\x99\n'}
[0.937712] (tuw_hardware_trinamic_driver) StderrLine: {'line': b'  208 |       \x1b[01;36m\x1b[Koperator\x1b[m\x1b[K[](size_type __n) const noexcept\n'}
[0.937831] (tuw_hardware_trinamic_driver) StderrLine: {'line': b'      |       \x1b[01;36m\x1b[K^~~~~~~~\x1b[m\x1b[K\n'}
[0.937948] (tuw_hardware_trinamic_driver) StderrLine: {'line': b'\x1b[01m\x1b[K/usr/include/c++/13/array:208:28:\x1b[m\x1b[K \x1b[01;36m\x1b[Knote: \x1b[m\x1b[K  no known conversion for argument 1 from \xe2\x80\x98\x1b[01m\x1b[Ktmcm1640::tmcm1640_cmd_format\x1b[m\x1b[K\xe2\x80\x99 to \xe2\x80\x98\x1b[01m\x1b[Kstd::array<unsigned char, 9>::size_type\x1b[m\x1b[K\xe2\x80\x99 {aka \xe2\x80\x98\x1b[01m\x1b[Klong unsigned int\x1b[m\x1b[K\xe2\x80\x99}\n'}
[0.938069] (tuw_hardware_trinamic_driver) StderrLine: {'line': b'  208 |       operator[](\x1b[01;36m\x1b[Ksize_type __n\x1b[m\x1b[K) const noexcept\n'}
[0.938188] (tuw_hardware_trinamic_driver) StderrLine: {'line': b'      |                  \x1b[01;36m\x1b[K~~~~~~~~~~^~~\x1b[m\x1b[K\n'}
[0.938308] (tuw_hardware_trinamic_driver) StderrLine: {'line': b'\x1b[01m\x1b[K/home/coffee/Documents/Studium/TU/bachelorarbeit/tuw_hardware_interface/src/tuw_hardware_trinamic_driver/src/tuw_hardware_trinamic_connection.cpp:\x1b[m\x1b[K In member function \xe2\x80\x98\x1b[01m\x1b[Kint32_t tmcm1640::TMCM1640Connection::\x1b[01;32m\x1b[Kcommunicate\x1b[m\x1b[K(tmcm1640::tmcm1640_cmd, int, int)\x1b[m\x1b[K\xe2\x80\x99:\n'}
[0.938443] (tuw_hardware_trinamic_driver) StderrLine: {'line': b'\x1b[01m\x1b[K/home/coffee/Documents/Studium/TU/bachelorarbeit/tuw_hardware_interface/src/tuw_hardware_trinamic_driver/src/tuw_hardware_trinamic_connection.cpp:100:24:\x1b[m\x1b[K \x1b[01;31m\x1b[Kerror: \x1b[m\x1b[Kno match for \xe2\x80\x98\x1b[01m\x1b[Koperator[]\x1b[m\x1b[K\xe2\x80\x99 (operand types are \xe2\x80\x98\x1b[01m\x1b[Kstd::array<unsigned char, 9>\x1b[m\x1b[K\xe2\x80\x99 and \xe2\x80\x98\x1b[01m\x1b[Ktmcm1640::tmcm1640_cmd_format\x1b[m\x1b[K\xe2\x80\x99)\n'}
[0.938590] (tuw_hardware_trinamic_driver) StderrLine: {'line': b'  100 |         command_message\x1b[01;31m\x1b[K[\x1b[m\x1b[Ktmcm1640_cmd_format::CMD] = cmd;\n'}
[0.938721] (tuw_hardware_trinamic_driver) StderrLine: {'line': b'      |                        \x1b[01;31m\x1b[K^\x1b[m\x1b[K\n'}
[0.938841] (tuw_hardware_trinamic_driver) StderrLine: {'line': b'\x1b[01m\x1b[K/usr/include/c++/13/array:200:7:\x1b[m\x1b[K \x1b[01;36m\x1b[Knote: \x1b[m\x1b[Kcandidate: \xe2\x80\x98\x1b[01m\x1b[Kconstexpr std::array<_Tp, _Nm>::value_type& std::array<_Tp, _Nm>::\x1b[01;32m\x1b[Koperator[]\x1b[m\x1b[K(size_type) \x1b[35m\x1b[K[with _Tp = unsigned char; long unsigned int _Nm = 9; reference = unsigned char&; size_type = long unsigned int]\x1b[m\x1b[K\x1b[m\x1b[K\xe2\x80\x99\n'}
[0.938965] (tuw_hardware_trinamic_driver) StderrLine: {'line': b'  200 |       \x1b[01;36m\x1b[Koperator\x1b[m\x1b[K[](size_type __n) noexcept\n'}
[0.939083] (tuw_hardware_trinamic_driver) StderrLine: {'line': b'      |       \x1b[01;36m\x1b[K^~~~~~~~\x1b[m\x1b[K\n'}
[0.939201] (tuw_hardware_trinamic_driver) StderrLine: {'line': b'\x1b[01m\x1b[K/usr/include/c++/13/array:200:28:\x1b[m\x1b[K \x1b[01;36m\x1b[Knote: \x1b[m\x1b[K  no known conversion for argument 1 from \xe2\x80\x98\x1b[01m\x1b[Ktmcm1640::tmcm1640_cmd_format\x1b[m\x1b[K\xe2\x80\x99 to \xe2\x80\x98\x1b[01m\x1b[Kstd::array<unsigned char, 9>::size_type\x1b[m\x1b[K\xe2\x80\x99 {aka \xe2\x80\x98\x1b[01m\x1b[Klong unsigned int\x1b[m\x1b[K\xe2\x80\x99}\n'}
[0.939324] (tuw_hardware_trinamic_driver) StderrLine: {'line': b'  200 |       operator[](\x1b[01;36m\x1b[Ksize_type __n\x1b[m\x1b[K) noexcept\n'}
[0.939444] (tuw_hardware_trinamic_driver) StderrLine: {'line': b'      |                  \x1b[01;36m\x1b[K~~~~~~~~~~^~~\x1b[m\x1b[K\n'}
[0.939590] (tuw_hardware_trinamic_driver) StderrLine: {'line': b'\x1b[01m\x1b[K/usr/include/c++/13/array:208:7:\x1b[m\x1b[K \x1b[01;36m\x1b[Knote: \x1b[m\x1b[Kcandidate: \xe2\x80\x98\x1b[01m\x1b[Kconstexpr const std::array<_Tp, _Nm>::value_type& std::array<_Tp, _Nm>::\x1b[01;32m\x1b[Koperator[]\x1b[m\x1b[K(size_type) const \x1b[35m\x1b[K[with _Tp = unsigned char; long unsigned int _Nm = 9; const_reference = const unsigned char&; size_type = long unsigned int]\x1b[m\x1b[K\x1b[m\x1b[K\xe2\x80\x99\n'}
[0.939739] (tuw_hardware_trinamic_driver) StderrLine: {'line': b'  208 |       \x1b[01;36m\x1b[Koperator\x1b[m\x1b[K[](size_type __n) const noexcept\n'}
[0.939859] (tuw_hardware_trinamic_driver) StderrLine: {'line': b'      |       \x1b[01;36m\x1b[K^~~~~~~~\x1b[m\x1b[K\n'}
[0.939977] (tuw_hardware_trinamic_driver) StderrLine: {'line': b'\x1b[01m\x1b[K/usr/include/c++/13/array:208:28:\x1b[m\x1b[K \x1b[01;36m\x1b[Knote: \x1b[m\x1b[K  no known conversion for argument 1 from \xe2\x80\x98\x1b[01m\x1b[Ktmcm1640::tmcm1640_cmd_format\x1b[m\x1b[K\xe2\x80\x99 to \xe2\x80\x98\x1b[01m\x1b[Kstd::array<unsigned char, 9>::size_type\x1b[m\x1b[K\xe2\x80\x99 {aka \xe2\x80\x98\x1b[01m\x1b[Klong unsigned int\x1b[m\x1b[K\xe2\x80\x99}\n'}
[0.940099] (tuw_hardware_trinamic_driver) StderrLine: {'line': b'  208 |       operator[](\x1b[01;36m\x1b[Ksize_type __n\x1b[m\x1b[K) const noexcept\n'}
[0.940230] (tuw_hardware_trinamic_driver) StderrLine: {'line': b'      |                  \x1b[01;36m\x1b[K~~~~~~~~~~^~~\x1b[m\x1b[K\n'}
[0.940360] (tuw_hardware_trinamic_driver) StderrLine: {'line': b'\x1b[01m\x1b[K/home/coffee/Documents/Studium/TU/bachelorarbeit/tuw_hardware_interface/src/tuw_hardware_trinamic_driver/src/tuw_hardware_trinamic_connection.cpp:101:24:\x1b[m\x1b[K \x1b[01;31m\x1b[Kerror: \x1b[m\x1b[Kno match for \xe2\x80\x98\x1b[01m\x1b[Koperator[]\x1b[m\x1b[K\xe2\x80\x99 (operand types are \xe2\x80\x98\x1b[01m\x1b[Kstd::array<unsigned char, 9>\x1b[m\x1b[K\xe2\x80\x99 and \xe2\x80\x98\x1b[01m\x1b[Ktmcm1640::tmcm1640_cmd_format\x1b[m\x1b[K\xe2\x80\x99)\n'}
[0.940484] (tuw_hardware_trinamic_driver) StderrLine: {'line': b'  101 |         command_message\x1b[01;31m\x1b[K[\x1b[m\x1b[Ktmcm1640_cmd_format::TYPE] = type;\n'}
[0.940622] (tuw_hardware_trinamic_driver) StderrLine: {'line': b'      |                        \x1b[01;31m\x1b[K^\x1b[m\x1b[K\n'}
[0.941036] (tuw_hardware_trinamic_driver) StderrLine: {'line': b'\x1b[01m\x1b[K/usr/include/c++/13/array:200:7:\x1b[m\x1b[K \x1b[01;36m\x1b[Knote: \x1b[m\x1b[Kcandidate: \xe2\x80\x98\x1b[01m\x1b[Kconstexpr std::array<_Tp, _Nm>::value_type& std::array<_Tp, _Nm>::\x1b[01;32m\x1b[Koperator[]\x1b[m\x1b[K(size_type) \x1b[35m\x1b[K[with _Tp = unsigned char; long unsigned int _Nm = 9; reference = unsigned char&; size_type = long unsigned int]\x1b[m\x1b[K\x1b[m\x1b[K\xe2\x80\x99\n'}
[0.941174] (tuw_hardware_trinamic_driver) StderrLine: {'line': b'  200 |       \x1b[01;36m\x1b[Koperator\x1b[m\x1b[K[](size_type __n) noexcept\n'}
[0.941283] (tuw_hardware_trinamic_driver) StderrLine: {'line': b'      |       \x1b[01;36m\x1b[K^~~~~~~~\x1b[m\x1b[K\n'}
[0.941386] (tuw_hardware_trinamic_driver) StderrLine: {'line': b'\x1b[01m\x1b[K/usr/include/c++/13/array:200:28:\x1b[m\x1b[K \x1b[01;36m\x1b[Knote: \x1b[m\x1b[K  no known conversion for argument 1 from \xe2\x80\x98\x1b[01m\x1b[Ktmcm1640::tmcm1640_cmd_format\x1b[m\x1b[K\xe2\x80\x99 to \xe2\x80\x98\x1b[01m\x1b[Kstd::array<unsigned char, 9>::size_type\x1b[m\x1b[K\xe2\x80\x99 {aka \xe2\x80\x98\x1b[01m\x1b[Klong unsigned int\x1b[m\x1b[K\xe2\x80\x99}\n'}
[0.941498] (tuw_hardware_trinamic_driver) StderrLine: {'line': b'  200 |       operator[](\x1b[01;36m\x1b[Ksize_type __n\x1b[m\x1b[K) noexcept\n'}
[0.941645] (tuw_hardware_trinamic_driver) StderrLine: {'line': b'      |                  \x1b[01;36m\x1b[K~~~~~~~~~~^~~\x1b[m\x1b[K\n'}
[0.941745] (tuw_hardware_trinamic_driver) StderrLine: {'line': b'\x1b[01m\x1b[K/usr/include/c++/13/array:208:7:\x1b[m\x1b[K \x1b[01;36m\x1b[Knote: \x1b[m\x1b[Kcandidate: \xe2\x80\x98\x1b[01m\x1b[Kconstexpr const std::array<_Tp, _Nm>::value_type& std::array<_Tp, _Nm>::\x1b[01;32m\x1b[Koperator[]\x1b[m\x1b[K(size_type) const \x1b[35m\x1b[K[with _Tp = unsigned char; long unsigned int _Nm = 9; const_reference = const unsigned char&; size_type = long unsigned int]\x1b[m\x1b[K\x1b[m\x1b[K\xe2\x80\x99\n'}
[0.941871] (tuw_hardware_trinamic_driver) StderrLine: {'line': b'  208 |       \x1b[01;36m\x1b[Koperator\x1b[m\x1b[K[](size_type __n) const noexcept\n'}
[0.941971] (tuw_hardware_trinamic_driver) StderrLine: {'line': b'      |       \x1b[01;36m\x1b[K^~~~~~~~\x1b[m\x1b[K\n'}
[0.942064] (tuw_hardware_trinamic_driver) StderrLine: {'line': b'\x1b[01m\x1b[K/usr/include/c++/13/array:208:28:\x1b[m\x1b[K \x1b[01;36m\x1b[Knote: \x1b[m\x1b[K  no known conversion for argument 1 from \xe2\x80\x98\x1b[01m\x1b[Ktmcm1640::tmcm1640_cmd_format\x1b[m\x1b[K\xe2\x80\x99 to \xe2\x80\x98\x1b[01m\x1b[Kstd::array<unsigned char, 9>::size_type\x1b[m\x1b[K\xe2\x80\x99 {aka \xe2\x80\x98\x1b[01m\x1b[Klong unsigned int\x1b[m\x1b[K\xe2\x80\x99}\n'}
[0.942166] (tuw_hardware_trinamic_driver) StderrLine: {'line': b'  208 |       operator[](\x1b[01;36m\x1b[Ksize_type __n\x1b[m\x1b[K) const noexcept\n'}
[0.942262] (tuw_hardware_trinamic_driver) StderrLine: {'line': b'      |                  \x1b[01;36m\x1b[K~~~~~~~~~~^~~\x1b[m\x1b[K\n'}
[0.942358] (tuw_hardware_trinamic_driver) StderrLine: {'line': b'\x1b[01m\x1b[K/home/coffee/Documents/Studium/TU/bachelorarbeit/tuw_hardware_interface/src/tuw_hardware_trinamic_driver/src/tuw_hardware_trinamic_connection.cpp:102:24:\x1b[m\x1b[K \x1b[01;31m\x1b[Kerror: \x1b[m\x1b[Kno match for \xe2\x80\x98\x1b[01m\x1b[Koperator[]\x1b[m\x1b[K\xe2\x80\x99 (operand types are \xe2\x80\x98\x1b[01m\x1b[Kstd::array<unsigned char, 9>\x1b[m\x1b[K\xe2\x80\x99 and \xe2\x80\x98\x1b[01m\x1b[Ktmcm1640::tmcm1640_cmd_format\x1b[m\x1b[K\xe2\x80\x99)\n'}
[0.942463] (tuw_hardware_trinamic_driver) StderrLine: {'line': b'  102 |         command_message\x1b[01;31m\x1b[K[\x1b[m\x1b[Ktmcm1640_cmd_format::VALUE3] = value >> 24;\n'}
[0.942575] (tuw_hardware_trinamic_driver) StderrLine: {'line': b'      |                        \x1b[01;31m\x1b[K^\x1b[m\x1b[K\n'}
[0.942670] (tuw_hardware_trinamic_driver) StderrLine: {'line': b'\x1b[01m\x1b[K/usr/include/c++/13/array:200:7:\x1b[m\x1b[K \x1b[01;36m\x1b[Knote: \x1b[m\x1b[Kcandidate: \xe2\x80\x98\x1b[01m\x1b[Kconstexpr std::array<_Tp, _Nm>::value_type& std::array<_Tp, _Nm>::\x1b[01;32m\x1b[Koperator[]\x1b[m\x1b[K(size_type) \x1b[35m\x1b[K[with _Tp = unsigned char; long unsigned int _Nm = 9; reference = unsigned char&; size_type = long unsigned int]\x1b[m\x1b[K\x1b[m\x1b[K\xe2\x80\x99\n'}
[0.942768] (tuw_hardware_trinamic_driver) StderrLine: {'line': b'  200 |       \x1b[01;36m\x1b[Koperator\x1b[m\x1b[K[](size_type __n) noexcept\n'}
[0.942860] (tuw_hardware_trinamic_driver) StderrLine: {'line': b'      |       \x1b[01;36m\x1b[K^~~~~~~~\x1b[m\x1b[K\n'}
[0.942961] (tuw_hardware_trinamic_driver) StderrLine: {'line': b'\x1b[01m\x1b[K/usr/include/c++/13/array:200:28:\x1b[m\x1b[K \x1b[01;36m\x1b[Knote: \x1b[m\x1b[K  no known conversion for argument 1 from \xe2\x80\x98\x1b[01m\x1b[Ktmcm1640::tmcm1640_cmd_format\x1b[m\x1b[K\xe2\x80\x99 to \xe2\x80\x98\x1b[01m\x1b[Kstd::array<unsigned char, 9>::size_type\x1b[m\x1b[K\xe2\x80\x99 {aka \xe2\x80\x98\x1b[01m\x1b[Klong unsigned int\x1b[m\x1b[K\xe2\x80\x99}\n'}
[0.943055] (tuw_hardware_trinamic_driver) StderrLine: {'line': b'  200 |       operator[](\x1b[01;36m\x1b[Ksize_type __n\x1b[m\x1b[K) noexcept\n'}
[0.943152] (tuw_hardware_trinamic_driver) StderrLine: {'line': b'      |                  \x1b[01;36m\x1b[K~~~~~~~~~~^~~\x1b[m\x1b[K\n'}
[0.943246] (tuw_hardware_trinamic_driver) StderrLine: {'line': b'\x1b[01m\x1b[K/usr/include/c++/13/array:208:7:\x1b[m\x1b[K \x1b[01;36m\x1b[Knote: \x1b[m\x1b[Kcandidate: \xe2\x80\x98\x1b[01m\x1b[Kconstexpr const std::array<_Tp, _Nm>::value_type& std::array<_Tp, _Nm>::\x1b[01;32m\x1b[Koperator[]\x1b[m\x1b[K(size_type) const \x1b[35m\x1b[K[with _Tp = unsigned char; long unsigned int _Nm = 9; const_reference = const unsigned char&; size_type = long unsigned int]\x1b[m\x1b[K\x1b[m\x1b[K\xe2\x80\x99\n'}
[0.943341] (tuw_hardware_trinamic_driver) StderrLine: {'line': b'  208 |       \x1b[01;36m\x1b[Koperator\x1b[m\x1b[K[](size_type __n) const noexcept\n'}
[0.943434] (tuw_hardware_trinamic_driver) StderrLine: {'line': b'      |       \x1b[01;36m\x1b[K^~~~~~~~\x1b[m\x1b[K\n'}
[0.943535] (tuw_hardware_trinamic_driver) StderrLine: {'line': b'\x1b[01m\x1b[K/usr/include/c++/13/array:208:28:\x1b[m\x1b[K \x1b[01;36m\x1b[Knote: \x1b[m\x1b[K  no known conversion for argument 1 from \xe2\x80\x98\x1b[01m\x1b[Ktmcm1640::tmcm1640_cmd_format\x1b[m\x1b[K\xe2\x80\x99 to \xe2\x80\x98\x1b[01m\x1b[Kstd::array<unsigned char, 9>::size_type\x1b[m\x1b[K\xe2\x80\x99 {aka \xe2\x80\x98\x1b[01m\x1b[Klong unsigned int\x1b[m\x1b[K\xe2\x80\x99}\n'}
[0.943634] (tuw_hardware_trinamic_driver) StderrLine: {'line': b'  208 |       operator[](\x1b[01;36m\x1b[Ksize_type __n\x1b[m\x1b[K) const noexcept\n'}
[0.943722] (tuw_hardware_trinamic_driver) StderrLine: {'line': b'      |                  \x1b[01;36m\x1b[K~~~~~~~~~~^~~\x1b[m\x1b[K\n'}
[0.943814] (tuw_hardware_trinamic_driver) StderrLine: {'line': b'\x1b[01m\x1b[K/home/coffee/Documents/Studium/TU/bachelorarbeit/tuw_hardware_interface/src/tuw_hardware_trinamic_driver/src/tuw_hardware_trinamic_connection.cpp:103:24:\x1b[m\x1b[K \x1b[01;31m\x1b[Kerror: \x1b[m\x1b[Kno match for \xe2\x80\x98\x1b[01m\x1b[Koperator[]\x1b[m\x1b[K\xe2\x80\x99 (operand types are \xe2\x80\x98\x1b[01m\x1b[Kstd::array<unsigned char, 9>\x1b[m\x1b[K\xe2\x80\x99 and \xe2\x80\x98\x1b[01m\x1b[Ktmcm1640::tmcm1640_cmd_format\x1b[m\x1b[K\xe2\x80\x99)\n'}
[0.943913] (tuw_hardware_trinamic_driver) StderrLine: {'line': b'  103 |         command_message\x1b[01;31m\x1b[K[\x1b[m\x1b[Ktmcm1640_cmd_format::VALUE2] = value >> 16;\n'}
[0.944005] (tuw_hardware_trinamic_driver) StderrLine: {'line': b'      |                        \x1b[01;31m\x1b[K^\x1b[m\x1b[K\n'}
[0.944095] (tuw_hardware_trinamic_driver) StderrLine: {'line': b'\x1b[01m\x1b[K/usr/include/c++/13/array:200:7:\x1b[m\x1b[K \x1b[01;36m\x1b[Knote: \x1b[m\x1b[Kcandidate: \xe2\x80\x98\x1b[01m\x1b[Kconstexpr std::array<_Tp, _Nm>::value_type& std::array<_Tp, _Nm>::\x1b[01;32m\x1b[Koperator[]\x1b[m\x1b[K(size_type) \x1b[35m\x1b[K[with _Tp = unsigned char; long unsigned int _Nm = 9; reference = unsigned char&; size_type = long unsigned int]\x1b[m\x1b[K\x1b[m\x1b[K\xe2\x80\x99\n'}
[0.944193] (tuw_hardware_trinamic_driver) StderrLine: {'line': b'  200 |       \x1b[01;36m\x1b[Koperator\x1b[m\x1b[K[](size_type __n) noexcept\n'}
[0.944288] (tuw_hardware_trinamic_driver) StderrLine: {'line': b'      |       \x1b[01;36m\x1b[K^~~~~~~~\x1b[m\x1b[K\n'}
[0.944383] (tuw_hardware_trinamic_driver) StderrLine: {'line': b'\x1b[01m\x1b[K/usr/include/c++/13/array:200:28:\x1b[m\x1b[K \x1b[01;36m\x1b[Knote: \x1b[m\x1b[K  no known conversion for argument 1 from \xe2\x80\x98\x1b[01m\x1b[Ktmcm1640::tmcm1640_cmd_format\x1b[m\x1b[K\xe2\x80\x99 to \xe2\x80\x98\x1b[01m\x1b[Kstd::array<unsigned char, 9>::size_type\x1b[m\x1b[K\xe2\x80\x99 {aka \xe2\x80\x98\x1b[01m\x1b[Klong unsigned int\x1b[m\x1b[K\xe2\x80\x99}\n'}
[0.944487] (tuw_hardware_trinamic_driver) StderrLine: {'line': b'  200 |       operator[](\x1b[01;36m\x1b[Ksize_type __n\x1b[m\x1b[K) noexcept\n'}
[0.944608] (tuw_hardware_trinamic_driver) StderrLine: {'line': b'      |                  \x1b[01;36m\x1b[K~~~~~~~~~~^~~\x1b[m\x1b[K\n'}
[0.944703] (tuw_hardware_trinamic_driver) StderrLine: {'line': b'\x1b[01m\x1b[K/usr/include/c++/13/array:208:7:\x1b[m\x1b[K \x1b[01;36m\x1b[Knote: \x1b[m\x1b[Kcandidate: \xe2\x80\x98\x1b[01m\x1b[Kconstexpr const std::array<_Tp, _Nm>::value_type& std::array<_Tp, _Nm>::\x1b[01;32m\x1b[Koperator[]\x1b[m\x1b[K(size_type) const \x1b[35m\x1b[K[with _Tp = unsigned char; long unsigned int _Nm = 9; const_reference = const unsigned char&; size_type = long unsigned int]\x1b[m\x1b[K\x1b[m\x1b[K\xe2\x80\x99\n'}
[0.944804] (tuw_hardware_trinamic_driver) StderrLine: {'line': b'  208 |       \x1b[01;36m\x1b[Koperator\x1b[m\x1b[K[](size_type __n) const noexcept\n'}
[0.944899] (tuw_hardware_trinamic_driver) StderrLine: {'line': b'      |       \x1b[01;36m\x1b[K^~~~~~~~\x1b[m\x1b[K\n'}
[0.944993] (tuw_hardware_trinamic_driver) StderrLine: {'line': b'\x1b[01m\x1b[K/usr/include/c++/13/array:208:28:\x1b[m\x1b[K \x1b[01;36m\x1b[Knote: \x1b[m\x1b[K  no known conversion for argument 1 from \xe2\x80\x98\x1b[01m\x1b[Ktmcm1640::tmcm1640_cmd_format\x1b[m\x1b[K\xe2\x80\x99 to \xe2\x80\x98\x1b[01m\x1b[Kstd::array<unsigned char, 9>::size_type\x1b[m\x1b[K\xe2\x80\x99 {aka \xe2\x80\x98\x1b[01m\x1b[Klong unsigned int\x1b[m\x1b[K\xe2\x80\x99}\n'}
[0.945092] (tuw_hardware_trinamic_driver) StderrLine: {'line': b'  208 |       operator[](\x1b[01;36m\x1b[Ksize_type __n\x1b[m\x1b[K) const noexcept\n'}
[0.945186] (tuw_hardware_trinamic_driver) StderrLine: {'line': b'      |                  \x1b[01;36m\x1b[K~~~~~~~~~~^~~\x1b[m\x1b[K\n'}
[0.945279] (tuw_hardware_trinamic_driver) StderrLine: {'line': b'\x1b[01m\x1b[K/home/coffee/Documents/Studium/TU/bachelorarbeit/tuw_hardware_interface/src/tuw_hardware_trinamic_driver/src/tuw_hardware_trinamic_connection.cpp:104:24:\x1b[m\x1b[K \x1b[01;31m\x1b[Kerror: \x1b[m\x1b[Kno match for \xe2\x80\x98\x1b[01m\x1b[Koperator[]\x1b[m\x1b[K\xe2\x80\x99 (operand types are \xe2\x80\x98\x1b[01m\x1b[Kstd::array<unsigned char, 9>\x1b[m\x1b[K\xe2\x80\x99 and \xe2\x80\x98\x1b[01m\x1b[Ktmcm1640::tmcm1640_cmd_format\x1b[m\x1b[K\xe2\x80\x99)\n'}
[0.945378] (tuw_hardware_trinamic_driver) StderrLine: {'line': b'  104 |         command_message\x1b[01;31m\x1b[K[\x1b[m\x1b[Ktmcm1640_cmd_format::VALUE1] = value >> 8;\n'}
[0.945478] (tuw_hardware_trinamic_driver) StderrLine: {'line': b'      |                        \x1b[01;31m\x1b[K^\x1b[m\x1b[K\n'}
[0.945600] (tuw_hardware_trinamic_driver) StderrLine: {'line': b'\x1b[01m\x1b[K/usr/include/c++/13/array:200:7:\x1b[m\x1b[K \x1b[01;36m\x1b[Knote: \x1b[m\x1b[Kcandidate: \xe2\x80\x98\x1b[01m\x1b[Kconstexpr std::array<_Tp, _Nm>::value_type& std::array<_Tp, _Nm>::\x1b[01;32m\x1b[Koperator[]\x1b[m\x1b[K(size_type) \x1b[35m\x1b[K[with _Tp = unsigned char; long unsigned int _Nm = 9; reference = unsigned char&; size_type = long unsigned int]\x1b[m\x1b[K\x1b[m\x1b[K\xe2\x80\x99\n'}
[0.945709] (tuw_hardware_trinamic_driver) StderrLine: {'line': b'  200 |       \x1b[01;36m\x1b[Koperator\x1b[m\x1b[K[](size_type __n) noexcept\n'}
[0.945814] (tuw_hardware_trinamic_driver) StderrLine: {'line': b'      |       \x1b[01;36m\x1b[K^~~~~~~~\x1b[m\x1b[K\n'}
[0.945917] (tuw_hardware_trinamic_driver) StderrLine: {'line': b'\x1b[01m\x1b[K/usr/include/c++/13/array:200:28:\x1b[m\x1b[K \x1b[01;36m\x1b[Knote: \x1b[m\x1b[K  no known conversion for argument 1 from \xe2\x80\x98\x1b[01m\x1b[Ktmcm1640::tmcm1640_cmd_format\x1b[m\x1b[K\xe2\x80\x99 to \xe2\x80\x98\x1b[01m\x1b[Kstd::array<unsigned char, 9>::size_type\x1b[m\x1b[K\xe2\x80\x99 {aka \xe2\x80\x98\x1b[01m\x1b[Klong unsigned int\x1b[m\x1b[K\xe2\x80\x99}\n'}
[0.946030] (tuw_hardware_trinamic_driver) StderrLine: {'line': b'  200 |       operator[](\x1b[01;36m\x1b[Ksize_type __n\x1b[m\x1b[K) noexcept\n'}
[0.946133] (tuw_hardware_trinamic_driver) StderrLine: {'line': b'      |                  \x1b[01;36m\x1b[K~~~~~~~~~~^~~\x1b[m\x1b[K\n'}
[0.946235] (tuw_hardware_trinamic_driver) StderrLine: {'line': b'\x1b[01m\x1b[K/usr/include/c++/13/array:208:7:\x1b[m\x1b[K \x1b[01;36m\x1b[Knote: \x1b[m\x1b[Kcandidate: \xe2\x80\x98\x1b[01m\x1b[Kconstexpr const std::array<_Tp, _Nm>::value_type& std::array<_Tp, _Nm>::\x1b[01;32m\x1b[Koperator[]\x1b[m\x1b[K(size_type) const \x1b[35m\x1b[K[with _Tp = unsigned char; long unsigned int _Nm = 9; const_reference = const unsigned char&; size_type = long unsigned int]\x1b[m\x1b[K\x1b[m\x1b[K\xe2\x80\x99\n'}
[0.946344] (tuw_hardware_trinamic_driver) StderrLine: {'line': b'  208 |       \x1b[01;36m\x1b[Koperator\x1b[m\x1b[K[](size_type __n) const noexcept\n'}
[0.946438] (tuw_hardware_trinamic_driver) StderrLine: {'line': b'      |       \x1b[01;36m\x1b[K^~~~~~~~\x1b[m\x1b[K\n'}
[0.946549] (tuw_hardware_trinamic_driver) StderrLine: {'line': b'\x1b[01m\x1b[K/usr/include/c++/13/array:208:28:\x1b[m\x1b[K \x1b[01;36m\x1b[Knote: \x1b[m\x1b[K  no known conversion for argument 1 from \xe2\x80\x98\x1b[01m\x1b[Ktmcm1640::tmcm1640_cmd_format\x1b[m\x1b[K\xe2\x80\x99 to \xe2\x80\x98\x1b[01m\x1b[Kstd::array<unsigned char, 9>::size_type\x1b[m\x1b[K\xe2\x80\x99 {aka \xe2\x80\x98\x1b[01m\x1b[Klong unsigned int\x1b[m\x1b[K\xe2\x80\x99}\n'}
[0.946654] (tuw_hardware_trinamic_driver) StderrLine: {'line': b'  208 |       operator[](\x1b[01;36m\x1b[Ksize_type __n\x1b[m\x1b[K) const noexcept\n'}
[0.946753] (tuw_hardware_trinamic_driver) StderrLine: {'line': b'      |                  \x1b[01;36m\x1b[K~~~~~~~~~~^~~\x1b[m\x1b[K\n'}
[0.946846] (tuw_hardware_trinamic_driver) StderrLine: {'line': b'\x1b[01m\x1b[K/home/coffee/Documents/Studium/TU/bachelorarbeit/tuw_hardware_interface/src/tuw_hardware_trinamic_driver/src/tuw_hardware_trinamic_connection.cpp:105:24:\x1b[m\x1b[K \x1b[01;31m\x1b[Kerror: \x1b[m\x1b[Kno match for \xe2\x80\x98\x1b[01m\x1b[Koperator[]\x1b[m\x1b[K\xe2\x80\x99 (operand types are \xe2\x80\x98\x1b[01m\x1b[Kstd::array<unsigned char, 9>\x1b[m\x1b[K\xe2\x80\x99 and \xe2\x80\x98\x1b[01m\x1b[Ktmcm1640::tmcm1640_cmd_format\x1b[m\x1b[K\xe2\x80\x99)\n'}
[0.946940] (tuw_hardware_trinamic_driver) StderrLine: {'line': b'  105 |         command_message\x1b[01;31m\x1b[K[\x1b[m\x1b[Ktmcm1640_cmd_format::VALUE0] = value;\n'}
[0.947040] (tuw_hardware_trinamic_driver) StderrLine: {'line': b'      |                        \x1b[01;31m\x1b[K^\x1b[m\x1b[K\n'}
[0.947144] (tuw_hardware_trinamic_driver) StderrLine: {'line': b'\x1b[01m\x1b[K/usr/include/c++/13/array:200:7:\x1b[m\x1b[K \x1b[01;36m\x1b[Knote: \x1b[m\x1b[Kcandidate: \xe2\x80\x98\x1b[01m\x1b[Kconstexpr std::array<_Tp, _Nm>::value_type& std::array<_Tp, _Nm>::\x1b[01;32m\x1b[Koperator[]\x1b[m\x1b[K(size_type) \x1b[35m\x1b[K[with _Tp = unsigned char; long unsigned int _Nm = 9; reference = unsigned char&; size_type = long unsigned int]\x1b[m\x1b[K\x1b[m\x1b[K\xe2\x80\x99\n'}
[0.947249] (tuw_hardware_trinamic_driver) StderrLine: {'line': b'  200 |       \x1b[01;36m\x1b[Koperator\x1b[m\x1b[K[](size_type __n) noexcept\n'}
[0.947342] (tuw_hardware_trinamic_driver) StderrLine: {'line': b'      |       \x1b[01;36m\x1b[K^~~~~~~~\x1b[m\x1b[K\n'}
[0.947432] (tuw_hardware_trinamic_driver) StderrLine: {'line': b'\x1b[01m\x1b[K/usr/include/c++/13/array:200:28:\x1b[m\x1b[K \x1b[01;36m\x1b[Knote: \x1b[m\x1b[K  no known conversion for argument 1 from \xe2\x80\x98\x1b[01m\x1b[Ktmcm1640::tmcm1640_cmd_format\x1b[m\x1b[K\xe2\x80\x99 to \xe2\x80\x98\x1b[01m\x1b[Kstd::array<unsigned char, 9>::size_type\x1b[m\x1b[K\xe2\x80\x99 {aka \xe2\x80\x98\x1b[01m\x1b[Klong unsigned int\x1b[m\x1b[K\xe2\x80\x99}\n'}
[0.947546] (tuw_hardware_trinamic_driver) StderrLine: {'line': b'  200 |       operator[](\x1b[01;36m\x1b[Ksize_type __n\x1b[m\x1b[K) noexcept\n'}
[0.947643] (tuw_hardware_trinamic_driver) StderrLine: {'line': b'      |                  \x1b[01;36m\x1b[K~~~~~~~~~~^~~\x1b[m\x1b[K\n'}
[0.947733] (tuw_hardware_trinamic_driver) StderrLine: {'line': b'\x1b[01m\x1b[K/usr/include/c++/13/array:208:7:\x1b[m\x1b[K \x1b[01;36m\x1b[Knote: \x1b[m\x1b[Kcandidate: \xe2\x80\x98\x1b[01m\x1b[Kconstexpr const std::array<_Tp, _Nm>::value_type& std::array<_Tp, _Nm>::\x1b[01;32m\x1b[Koperator[]\x1b[m\x1b[K(size_type) const \x1b[35m\x1b[K[with _Tp = unsigned char; long unsigned int _Nm = 9; const_reference = const unsigned char&; size_type = long unsigned int]\x1b[m\x1b[K\x1b[m\x1b[K\xe2\x80\x99\n'}
[0.947830] (tuw_hardware_trinamic_driver) StderrLine: {'line': b'  208 |       \x1b[01;36m\x1b[Koperator\x1b[m\x1b[K[](size_type __n) const noexcept\n'}
[0.947918] (tuw_hardware_trinamic_driver) StderrLine: {'line': b'      |       \x1b[01;36m\x1b[K^~~~~~~~\x1b[m\x1b[K\n'}
[0.948003] (tuw_hardware_trinamic_driver) StderrLine: {'line': b'\x1b[01m\x1b[K/usr/include/c++/13/array:208:28:\x1b[m\x1b[K \x1b[01;36m\x1b[Knote: \x1b[m\x1b[K  no known conversion for argument 1 from \xe2\x80\x98\x1b[01m\x1b[Ktmcm1640::tmcm1640_cmd_format\x1b[m\x1b[K\xe2\x80\x99 to \xe2\x80\x98\x1b[01m\x1b[Kstd::array<unsigned char, 9>::size_type\x1b[m\x1b[K\xe2\x80\x99 {aka \xe2\x80\x98\x1b[01m\x1b[Klong unsigned int\x1b[m\x1b[K\xe2\x80\x99}\n'}
[0.948090] (tuw_hardware_trinamic_driver) StderrLine: {'line': b'  208 |       operator[](\x1b[01;36m\x1b[Ksize_type __n\x1b[m\x1b[K) const noexcept\n'}
[0.948176] (tuw_hardware_trinamic_driver) StderrLine: {'line': b'      |                  \x1b[01;36m\x1b[K~~~~~~~~~~^~~\x1b[m\x1b[K\n'}
[0.948264] (tuw_hardware_trinamic_driver) StderrLine: {'line': b'\x1b[01m\x1b[K/home/coffee/Documents/Studium/TU/bachelorarbeit/tuw_hardware_interface/src/tuw_hardware_trinamic_driver/src/tuw_hardware_trinamic_connection.cpp:108:24:\x1b[m\x1b[K \x1b[01;31m\x1b[Kerror: \x1b[m\x1b[Kno match for \xe2\x80\x98\x1b[01m\x1b[Koperator[]\x1b[m\x1b[K\xe2\x80\x99 (operand types are \xe2\x80\x98\x1b[01m\x1b[Kstd::array<unsigned char, 9>\x1b[m\x1b[K\xe2\x80\x99 and \xe2\x80\x98\x1b[01m\x1b[Ktmcm1640::tmcm1640_cmd_format\x1b[m\x1b[K\xe2\x80\x99)\n'}
[0.948353] (tuw_hardware_trinamic_driver) StderrLine: {'line': b'  108 |         command_message\x1b[01;31m\x1b[K[\x1b[m\x1b[Ktmcm1640_cmd_format::CHECKSUM] = calc_checksum();\n'}
[0.948446] (tuw_hardware_trinamic_driver) StderrLine: {'line': b'      |                        \x1b[01;31m\x1b[K^\x1b[m\x1b[K\n'}
[0.948555] (tuw_hardware_trinamic_driver) StderrLine: {'line': b'\x1b[01m\x1b[K/usr/include/c++/13/array:200:7:\x1b[m\x1b[K \x1b[01;36m\x1b[Knote: \x1b[m\x1b[Kcandidate: \xe2\x80\x98\x1b[01m\x1b[Kconstexpr std::array<_Tp, _Nm>::value_type& std::array<_Tp, _Nm>::\x1b[01;32m\x1b[Koperator[]\x1b[m\x1b[K(size_type) \x1b[35m\x1b[K[with _Tp = unsigned char; long unsigned int _Nm = 9; reference = unsigned char&; size_type = long unsigned int]\x1b[m\x1b[K\x1b[m\x1b[K\xe2\x80\x99\n'}
[0.948666] (tuw_hardware_trinamic_driver) StderrLine: {'line': b'  200 |       \x1b[01;36m\x1b[Koperator\x1b[m\x1b[K[](size_type __n) noexcept\n'}
[0.948758] (tuw_hardware_trinamic_driver) StderrLine: {'line': b'      |       \x1b[01;36m\x1b[K^~~~~~~~\x1b[m\x1b[K\n'}
[0.948850] (tuw_hardware_trinamic_driver) StderrLine: {'line': b'\x1b[01m\x1b[K/usr/include/c++/13/array:200:28:\x1b[m\x1b[K \x1b[01;36m\x1b[Knote: \x1b[m\x1b[K  no known conversion for argument 1 from \xe2\x80\x98\x1b[01m\x1b[Ktmcm1640::tmcm1640_cmd_format\x1b[m\x1b[K\xe2\x80\x99 to \xe2\x80\x98\x1b[01m\x1b[Kstd::array<unsigned char, 9>::size_type\x1b[m\x1b[K\xe2\x80\x99 {aka \xe2\x80\x98\x1b[01m\x1b[Klong unsigned int\x1b[m\x1b[K\xe2\x80\x99}\n'}
[0.948945] (tuw_hardware_trinamic_driver) StderrLine: {'line': b'  200 |       operator[](\x1b[01;36m\x1b[Ksize_type __n\x1b[m\x1b[K) noexcept\n'}
[0.949038] (tuw_hardware_trinamic_driver) StderrLine: {'line': b'      |                  \x1b[01;36m\x1b[K~~~~~~~~~~^~~\x1b[m\x1b[K\n'}
[0.949128] (tuw_hardware_trinamic_driver) StderrLine: {'line': b'\x1b[01m\x1b[K/usr/include/c++/13/array:208:7:\x1b[m\x1b[K \x1b[01;36m\x1b[Knote: \x1b[m\x1b[Kcandidate: \xe2\x80\x98\x1b[01m\x1b[Kconstexpr const std::array<_Tp, _Nm>::value_type& std::array<_Tp, _Nm>::\x1b[01;32m\x1b[Koperator[]\x1b[m\x1b[K(size_type) const \x1b[35m\x1b[K[with _Tp = unsigned char; long unsigned int _Nm = 9; const_reference = const unsigned char&; size_type = long unsigned int]\x1b[m\x1b[K\x1b[m\x1b[K\xe2\x80\x99\n'}
[0.949228] (tuw_hardware_trinamic_driver) StderrLine: {'line': b'  208 |       \x1b[01;36m\x1b[Koperator\x1b[m\x1b[K[](size_type __n) const noexcept\n'}
[0.949319] (tuw_hardware_trinamic_driver) StderrLine: {'line': b'      |       \x1b[01;36m\x1b[K^~~~~~~~\x1b[m\x1b[K\n'}
[0.949404] (tuw_hardware_trinamic_driver) StderrLine: {'line': b'\x1b[01m\x1b[K/usr/include/c++/13/array:208:28:\x1b[m\x1b[K \x1b[01;36m\x1b[Knote: \x1b[m\x1b[K  no known conversion for argument 1 from \xe2\x80\x98\x1b[01m\x1b[Ktmcm1640::tmcm1640_cmd_format\x1b[m\x1b[K\xe2\x80\x99 to \xe2\x80\x98\x1b[01m\x1b[Kstd::array<unsigned char, 9>::size_type\x1b[m\x1b[K\xe2\x80\x99 {aka \xe2\x80\x98\x1b[01m\x1b[Klong unsigned int\x1b[m\x1b[K\xe2\x80\x99}\n'}
[0.949496] (tuw_hardware_trinamic_driver) StderrLine: {'line': b'  208 |       operator[](\x1b[01;36m\x1b[Ksize_type __n\x1b[m\x1b[K) const noexcept\n'}
[0.949600] (tuw_hardware_trinamic_driver) StderrLine: {'line': b'      |                  \x1b[01;36m\x1b[K~~~~~~~~~~^~~\x1b[m\x1b[K\n'}
[0.949686] (tuw_hardware_trinamic_driver) StderrLine: {'line': b'\x1b[01m\x1b[K/home/coffee/Documents/Studium/TU/bachelorarbeit/tuw_hardware_interface/src/tuw_hardware_trinamic_driver/src/tuw_hardware_trinamic_connection.cpp:108:71:\x1b[m\x1b[K \x1b[01;31m\x1b[Kerror: \x1b[m\x1b[Kno matching function for call to \xe2\x80\x98\x1b[01m\x1b[Ktmcm1640::TMCM1640Connection::calc_checksum()\x1b[m\x1b[K\xe2\x80\x99\n'}
[0.949781] (tuw_hardware_trinamic_driver) StderrLine: {'line': b'  108 |         command_message[tmcm1640_cmd_format::CHECKSUM] = \x1b[01;31m\x1b[Kcalc_checksum()\x1b[m\x1b[K;\n'}
[0.949869] (tuw_hardware_trinamic_driver) StderrLine: {'line': b'      |                                                          \x1b[01;31m\x1b[K~~~~~~~~~~~~~^~\x1b[m\x1b[K\n'}
[0.949955] (tuw_hardware_trinamic_driver) StderrLine: {'line': b'\x1b[01m\x1b[K/home/coffee/Documents/Studium/TU/bachelorarbeit/tuw_hardware_interface/src/tuw_hardware_trinamic_driver/include/tuw_hardware_trinamic_driver/tuw_hardware_trinamic_connection.hpp:31:26:\x1b[m\x1b[K \x1b[01;36m\x1b[Knote: \x1b[m\x1b[Kcandidate: \xe2\x80\x98\x1b[01m\x1b[Kuint8_t tmcm1640::TMCM1640Connection::\x1b[01;32m\x1b[Kcalc_checksum\x1b[m\x1b[K(std::array<unsigned char, 9>)\x1b[m\x1b[K\xe2\x80\x99\n'}
[0.950043] (tuw_hardware_trinamic_driver) StderrLine: {'line': b'   31 |             std::uint8_t \x1b[01;36m\x1b[Kcalc_checksum\x1b[m\x1b[K(std::array<std::uint8_t, 9> msg);\n'}
[0.950131] (tuw_hardware_trinamic_driver) StderrLine: {'line': b'      |                          \x1b[01;36m\x1b[K^~~~~~~~~~~~~\x1b[m\x1b[K\n'}
[0.950215] (tuw_hardware_trinamic_driver) StderrLine: {'line': b'\x1b[01m\x1b[K/home/coffee/Documents/Studium/TU/bachelorarbeit/tuw_hardware_interface/src/tuw_hardware_trinamic_driver/include/tuw_hardware_trinamic_driver/tuw_hardware_trinamic_connection.hpp:31:26:\x1b[m\x1b[K \x1b[01;36m\x1b[Knote: \x1b[m\x1b[K  candidate expects 1 argument, 0 provided\n'}
[0.950302] (tuw_hardware_trinamic_driver) StderrLine: {'line': b'\x1b[01m\x1b[K/home/coffee/Documents/Studium/TU/bachelorarbeit/tuw_hardware_interface/src/tuw_hardware_trinamic_driver/src/tuw_hardware_trinamic_connection.cpp:121:74:\x1b[m\x1b[K \x1b[01;31m\x1b[Kerror: \x1b[m\x1b[Kno match for \xe2\x80\x98\x1b[01m\x1b[Koperator%\x1b[m\x1b[K\xe2\x80\x99 (operand types are \xe2\x80\x98\x1b[01m\x1b[Kconst char [16]\x1b[m\x1b[K\xe2\x80\x99 and \xe2\x80\x98\x1b[01m\x1b[Ktmcm1640::tmcm1640_status_codes\x1b[m\x1b[K\xe2\x80\x99)\n'}
[0.950392] (tuw_hardware_trinamic_driver) StderrLine: {'line': b'  121 |             std::string error_message = (boost::format(\x1b[32m\x1b[K"Reply wrong: %i"\x1b[m\x1b[K \x1b[01;31m\x1b[K%\x1b[m\x1b[K \x1b[34m\x1b[Kreply_status\x1b[m\x1b[K)).str();\n'}
[0.950479] (tuw_hardware_trinamic_driver) StderrLine: {'line': b'      |                                                        \x1b[32m\x1b[K~~~~~~~~~~~~~~~~~\x1b[m\x1b[K \x1b[01;31m\x1b[K^\x1b[m\x1b[K \x1b[34m\x1b[K~~~~~~~~~~~~\x1b[m\x1b[K\n'}
[0.950588] (tuw_hardware_trinamic_driver) StderrLine: {'line': b'      |                                                        \x1b[32m\x1b[K|\x1b[m\x1b[K                   \x1b[34m\x1b[K|\x1b[m\x1b[K\n'}
[0.950677] (tuw_hardware_trinamic_driver) StderrLine: {'line': b'      |                                                        \x1b[32m\x1b[Kconst char [16]\x1b[m\x1b[K     \x1b[34m\x1b[Ktmcm1640::tmcm1640_status_codes\x1b[m\x1b[K\n'}
[0.950763] (tuw_hardware_trinamic_driver) StderrLine: {'line': b'\x1b[01m\x1b[K/home/coffee/Documents/Studium/TU/bachelorarbeit/tuw_hardware_interface/src/tuw_hardware_trinamic_driver/src/tuw_hardware_trinamic_connection.cpp:\x1b[m\x1b[K In member function \xe2\x80\x98\x1b[01m\x1b[Kbool tmcm1640::TMCM1640Connection::\x1b[01;32m\x1b[Ksend_and_receive\x1b[m\x1b[K()\x1b[m\x1b[K\xe2\x80\x99:\n'}
[0.950856] (tuw_hardware_trinamic_driver) StderrLine: {'line': b'\x1b[01m\x1b[K/home/coffee/Documents/Studium/TU/bachelorarbeit/tuw_hardware_interface/src/tuw_hardware_trinamic_driver/src/tuw_hardware_trinamic_connection.cpp:139:28:\x1b[m\x1b[K \x1b[01;31m\x1b[Kerror: \x1b[m\x1b[Kcannot convert \xe2\x80\x98\x1b[01m\x1b[Kstd::array<unsigned char, 9>\x1b[m\x1b[K\xe2\x80\x99 to \xe2\x80\x98\x1b[01m\x1b[Kconst void*\x1b[m\x1b[K\xe2\x80\x99\n'}
[0.950951] (tuw_hardware_trinamic_driver) StderrLine: {'line': b'  139 |         write(serial_port, \x1b[01;31m\x1b[Kcommand_message\x1b[m\x1b[K, 9);\n'}
[0.951038] (tuw_hardware_trinamic_driver) StderrLine: {'line': b'      |                            \x1b[01;31m\x1b[K^~~~~~~~~~~~~~~\x1b[m\x1b[K\n'}
[0.951123] (tuw_hardware_trinamic_driver) StderrLine: {'line': b'      |                            \x1b[01;31m\x1b[K|\x1b[m\x1b[K\n'}
[0.951208] (tuw_hardware_trinamic_driver) StderrLine: {'line': b'      |                            \x1b[01;31m\x1b[Kstd::array<unsigned char, 9>\x1b[m\x1b[K\n'}
[0.951298] (tuw_hardware_trinamic_driver) StderrLine: {'line': b'In file included from \x1b[01m\x1b[K/home/coffee/Documents/Studium/TU/bachelorarbeit/tuw_hardware_interface/src/tuw_hardware_trinamic_driver/include/tuw_hardware_trinamic_driver/tuw_hardware_trinamic_connection.hpp:10\x1b[m\x1b[K:\n'}
[0.951386] (tuw_hardware_trinamic_driver) StderrLine: {'line': b'\x1b[01m\x1b[K/usr/include/unistd.h:378:45:\x1b[m\x1b[K \x1b[01;36m\x1b[Knote: \x1b[m\x1b[K  initializing argument 2 of \xe2\x80\x98\x1b[01m\x1b[Kssize_t\x1b[01;32m\x1b[K write\x1b[m\x1b[K(int, const void*, size_t)\x1b[m\x1b[K\xe2\x80\x99\n'}
[0.951478] (tuw_hardware_trinamic_driver) StderrLine: {'line': b'  378 | extern ssize_t write (int __fd, \x1b[01;36m\x1b[Kconst void *__buf\x1b[m\x1b[K, size_t __n) __wur\n'}
[0.951577] (tuw_hardware_trinamic_driver) StderrLine: {'line': b'      |                                 \x1b[01;36m\x1b[K~~~~~~~~~~~~^~~~~\x1b[m\x1b[K\n'}
[0.951662] (tuw_hardware_trinamic_driver) StderrLine: {'line': b'\x1b[01m\x1b[K/home/coffee/Documents/Studium/TU/bachelorarbeit/tuw_hardware_interface/src/tuw_hardware_trinamic_driver/src/tuw_hardware_trinamic_connection.cpp:142:43:\x1b[m\x1b[K \x1b[01;31m\x1b[Kerror: \x1b[m\x1b[Kcannot convert \xe2\x80\x98\x1b[01m\x1b[Kstd::array<unsigned char, 9>\x1b[m\x1b[K\xe2\x80\x99 to \xe2\x80\x98\x1b[01m\x1b[Kvoid*\x1b[m\x1b[K\xe2\x80\x99\n'}
[0.951752] (tuw_hardware_trinamic_driver) StderrLine: {'line': b'  142 |         int num_bytes = read(serial_port, \x1b[01;31m\x1b[Kreply_message\x1b[m\x1b[K, 9);\n'}
[0.951839] (tuw_hardware_trinamic_driver) StderrLine: {'line': b'      |                                           \x1b[01;31m\x1b[K^~~~~~~~~~~~~\x1b[m\x1b[K\n'}
[0.951923] (tuw_hardware_trinamic_driver) StderrLine: {'line': b'      |                                           \x1b[01;31m\x1b[K|\x1b[m\x1b[K\n'}
[0.952009] (tuw_hardware_trinamic_driver) StderrLine: {'line': b'      |                                           \x1b[01;31m\x1b[Kstd::array<unsigned char, 9>\x1b[m\x1b[K\n'}
[0.952092] (tuw_hardware_trinamic_driver) StderrLine: {'line': b'\x1b[01m\x1b[K/usr/include/unistd.h:371:38:\x1b[m\x1b[K \x1b[01;36m\x1b[Knote: \x1b[m\x1b[K  initializing argument 2 of \xe2\x80\x98\x1b[01m\x1b[Kssize_t\x1b[01;32m\x1b[K read\x1b[m\x1b[K(int, void*, size_t)\x1b[m\x1b[K\xe2\x80\x99\n'}
[0.952176] (tuw_hardware_trinamic_driver) StderrLine: {'line': b'  371 | extern ssize_t read (int __fd, \x1b[01;36m\x1b[Kvoid *__buf\x1b[m\x1b[K, size_t __nbytes) __wur\n'}
[0.952261] (tuw_hardware_trinamic_driver) StderrLine: {'line': b'      |                                \x1b[01;36m\x1b[K~~~~~~^~~~~\x1b[m\x1b[K\n'}
[0.952350] (tuw_hardware_trinamic_driver) StderrLine: {'line': b'\x1b[01m\x1b[K/home/coffee/Documents/Studium/TU/bachelorarbeit/tuw_hardware_interface/src/tuw_hardware_trinamic_driver/src/tuw_hardware_trinamic_connection.cpp:148:18:\x1b[m\x1b[K \x1b[01;35m\x1b[Kwarning: \x1b[m\x1b[Kstatement has no effect [\x1b[01;35m\x1b[K\x1b]8;;https://gcc.gnu.org/onlinedocs/gcc/Warning-Options.html#index-Wunused-value\x07-Wunused-value\x1b]8;;\x07\x1b[m\x1b[K]\n'}
[0.952447] (tuw_hardware_trinamic_driver) StderrLine: {'line': b'  148 |         else true\x1b[01;35m\x1b[K;\x1b[m\x1b[K\n'}
[0.952554] (tuw_hardware_trinamic_driver) StderrLine: {'line': b'      |                  \x1b[01;35m\x1b[K^\x1b[m\x1b[K\n'}
[0.952640] (tuw_hardware_trinamic_driver) StderrLine: {'line': b'\x1b[01m\x1b[K/home/coffee/Documents/Studium/TU/bachelorarbeit/tuw_hardware_interface/src/tuw_hardware_trinamic_driver/src/tuw_hardware_trinamic_connection.cpp:\x1b[m\x1b[K In member function \xe2\x80\x98\x1b[01m\x1b[Ktmcm1640::tmcm1640_status_codes tmcm1640::TMCM1640Connection::\x1b[01;32m\x1b[Kcheck_reply\x1b[m\x1b[K()\x1b[m\x1b[K\xe2\x80\x99:\n'}
[0.952730] (tuw_hardware_trinamic_driver) StderrLine: {'line': b'\x1b[01m\x1b[K/home/coffee/Documents/Studium/TU/bachelorarbeit/tuw_hardware_interface/src/tuw_hardware_trinamic_driver/src/tuw_hardware_trinamic_connection.cpp:164:44:\x1b[m\x1b[K \x1b[01;31m\x1b[Kerror: \x1b[m\x1b[Kno match for \xe2\x80\x98\x1b[01m\x1b[Koperator[]\x1b[m\x1b[K\xe2\x80\x99 (operand types are \xe2\x80\x98\x1b[01m\x1b[Kstd::array<unsigned char, 9>\x1b[m\x1b[K\xe2\x80\x99 and \xe2\x80\x98\x1b[01m\x1b[Ktmcm1640::tmcm1640_reply_format\x1b[m\x1b[K\xe2\x80\x99)\n'}
[0.952821] (tuw_hardware_trinamic_driver) StderrLine: {'line': b'  164 |         if(!(calc_checksum == reply_message\x1b[01;31m\x1b[K[\x1b[m\x1b[Ktmcm1640_reply_format::CHECKSUM])) {\n'}
[0.952909] (tuw_hardware_trinamic_driver) StderrLine: {'line': b'      |                                            \x1b[01;31m\x1b[K^\x1b[m\x1b[K\n'}
[0.953000] (tuw_hardware_trinamic_driver) StderrLine: {'line': b'\x1b[01m\x1b[K/usr/include/c++/13/array:200:7:\x1b[m\x1b[K \x1b[01;36m\x1b[Knote: \x1b[m\x1b[Kcandidate: \xe2\x80\x98\x1b[01m\x1b[Kconstexpr std::array<_Tp, _Nm>::value_type& std::array<_Tp, _Nm>::\x1b[01;32m\x1b[Koperator[]\x1b[m\x1b[K(size_type) \x1b[35m\x1b[K[with _Tp = unsigned char; long unsigned int _Nm = 9; reference = unsigned char&; size_type = long unsigned int]\x1b[m\x1b[K\x1b[m\x1b[K\xe2\x80\x99\n'}
[0.953094] (tuw_hardware_trinamic_driver) StderrLine: {'line': b'  200 |       \x1b[01;36m\x1b[Koperator\x1b[m\x1b[K[](size_type __n) noexcept\n'}
[0.953180] (tuw_hardware_trinamic_driver) StderrLine: {'line': b'      |       \x1b[01;36m\x1b[K^~~~~~~~\x1b[m\x1b[K\n'}
[0.953266] (tuw_hardware_trinamic_driver) StderrLine: {'line': b'\x1b[01m\x1b[K/usr/include/c++/13/array:200:28:\x1b[m\x1b[K \x1b[01;36m\x1b[Knote: \x1b[m\x1b[K  no known conversion for argument 1 from \xe2\x80\x98\x1b[01m\x1b[Ktmcm1640::tmcm1640_reply_format\x1b[m\x1b[K\xe2\x80\x99 to \xe2\x80\x98\x1b[01m\x1b[Kstd::array<unsigned char, 9>::size_type\x1b[m\x1b[K\xe2\x80\x99 {aka \xe2\x80\x98\x1b[01m\x1b[Klong unsigned int\x1b[m\x1b[K\xe2\x80\x99}\n'}
[0.953356] (tuw_hardware_trinamic_driver) StderrLine: {'line': b'  200 |       operator[](\x1b[01;36m\x1b[Ksize_type __n\x1b[m\x1b[K) noexcept\n'}
[0.953438] (tuw_hardware_trinamic_driver) StderrLine: {'line': b'      |                  \x1b[01;36m\x1b[K~~~~~~~~~~^~~\x1b[m\x1b[K\n'}
[0.953539] (tuw_hardware_trinamic_driver) StderrLine: {'line': b'\x1b[01m\x1b[K/usr/include/c++/13/array:208:7:\x1b[m\x1b[K \x1b[01;36m\x1b[Knote: \x1b[m\x1b[Kcandidate: \xe2\x80\x98\x1b[01m\x1b[Kconstexpr const std::array<_Tp, _Nm>::value_type& std::array<_Tp, _Nm>::\x1b[01;32m\x1b[Koperator[]\x1b[m\x1b[K(size_type) const \x1b[35m\x1b[K[with _Tp = unsigned char; long unsigned int _Nm = 9; const_reference = const unsigned char&; size_type = long unsigned int]\x1b[m\x1b[K\x1b[m\x1b[K\xe2\x80\x99\n'}
[0.953643] (tuw_hardware_trinamic_driver) StderrLine: {'line': b'  208 |       \x1b[01;36m\x1b[Koperator\x1b[m\x1b[K[](size_type __n) const noexcept\n'}
[0.953728] (tuw_hardware_trinamic_driver) StderrLine: {'line': b'      |       \x1b[01;36m\x1b[K^~~~~~~~\x1b[m\x1b[K\n'}
[0.953814] (tuw_hardware_trinamic_driver) StderrLine: {'line': b'\x1b[01m\x1b[K/usr/include/c++/13/array:208:28:\x1b[m\x1b[K \x1b[01;36m\x1b[Knote: \x1b[m\x1b[K  no known conversion for argument 1 from \xe2\x80\x98\x1b[01m\x1b[Ktmcm1640::tmcm1640_reply_format\x1b[m\x1b[K\xe2\x80\x99 to \xe2\x80\x98\x1b[01m\x1b[Kstd::array<unsigned char, 9>::size_type\x1b[m\x1b[K\xe2\x80\x99 {aka \xe2\x80\x98\x1b[01m\x1b[Klong unsigned int\x1b[m\x1b[K\xe2\x80\x99}\n'}
[0.953902] (tuw_hardware_trinamic_driver) StderrLine: {'line': b'  208 |       operator[](\x1b[01;36m\x1b[Ksize_type __n\x1b[m\x1b[K) const noexcept\n'}
[0.953986] (tuw_hardware_trinamic_driver) StderrLine: {'line': b'      |                  \x1b[01;36m\x1b[K~~~~~~~~~~^~~\x1b[m\x1b[K\n'}
[0.954069] (tuw_hardware_trinamic_driver) StderrLine: {'line': b'\x1b[01m\x1b[K/home/coffee/Documents/Studium/TU/bachelorarbeit/tuw_hardware_interface/src/tuw_hardware_trinamic_driver/src/tuw_hardware_trinamic_connection.cpp:171:29:\x1b[m\x1b[K \x1b[01;31m\x1b[Kerror: \x1b[m\x1b[Kno match for \xe2\x80\x98\x1b[01m\x1b[Koperator[]\x1b[m\x1b[K\xe2\x80\x99 (operand types are \xe2\x80\x98\x1b[01m\x1b[Kstd::array<unsigned char, 9>\x1b[m\x1b[K\xe2\x80\x99 and \xe2\x80\x98\x1b[01m\x1b[Ktmcm1640::tmcm1640_reply_format\x1b[m\x1b[K\xe2\x80\x99)\n'}
[0.954160] (tuw_hardware_trinamic_driver) StderrLine: {'line': b'  171 |         return reply_message\x1b[01;31m\x1b[K[\x1b[m\x1b[Ktmcm1640_reply_format::STATUS];\n'}
[0.954245] (tuw_hardware_trinamic_driver) StderrLine: {'line': b'      |                             \x1b[01;31m\x1b[K^\x1b[m\x1b[K\n'}
[0.954332] (tuw_hardware_trinamic_driver) StderrLine: {'line': b'\x1b[01m\x1b[K/usr/include/c++/13/array:200:7:\x1b[m\x1b[K \x1b[01;36m\x1b[Knote: \x1b[m\x1b[Kcandidate: \xe2\x80\x98\x1b[01m\x1b[Kconstexpr std::array<_Tp, _Nm>::value_type& std::array<_Tp, _Nm>::\x1b[01;32m\x1b[Koperator[]\x1b[m\x1b[K(size_type) \x1b[35m\x1b[K[with _Tp = unsigned char; long unsigned int _Nm = 9; reference = unsigned char&; size_type = long unsigned int]\x1b[m\x1b[K\x1b[m\x1b[K\xe2\x80\x99\n'}
[0.954425] (tuw_hardware_trinamic_driver) StderrLine: {'line': b'  200 |       \x1b[01;36m\x1b[Koperator\x1b[m\x1b[K[](size_type __n) noexcept\n'}
[0.954507] (tuw_hardware_trinamic_driver) StderrLine: {'line': b'      |       \x1b[01;36m\x1b[K^~~~~~~~\x1b[m\x1b[K\n'}
[0.954607] (tuw_hardware_trinamic_driver) StderrLine: {'line': b'\x1b[01m\x1b[K/usr/include/c++/13/array:200:28:\x1b[m\x1b[K \x1b[01;36m\x1b[Knote: \x1b[m\x1b[K  no known conversion for argument 1 from \xe2\x80\x98\x1b[01m\x1b[Ktmcm1640::tmcm1640_reply_format\x1b[m\x1b[K\xe2\x80\x99 to \xe2\x80\x98\x1b[01m\x1b[Kstd::array<unsigned char, 9>::size_type\x1b[m\x1b[K\xe2\x80\x99 {aka \xe2\x80\x98\x1b[01m\x1b[Klong unsigned int\x1b[m\x1b[K\xe2\x80\x99}\n'}
[0.954696] (tuw_hardware_trinamic_driver) StderrLine: {'line': b'  200 |       operator[](\x1b[01;36m\x1b[Ksize_type __n\x1b[m\x1b[K) noexcept\n'}
[0.954779] (tuw_hardware_trinamic_driver) StderrLine: {'line': b'      |                  \x1b[01;36m\x1b[K~~~~~~~~~~^~~\x1b[m\x1b[K\n'}
[0.954862] (tuw_hardware_trinamic_driver) StderrLine: {'line': b'\x1b[01m\x1b[K/usr/include/c++/13/array:208:7:\x1b[m\x1b[K \x1b[01;36m\x1b[Knote: \x1b[m\x1b[Kcandidate: \xe2\x80\x98\x1b[01m\x1b[Kconstexpr const std::array<_Tp, _Nm>::value_type& std::array<_Tp, _Nm>::\x1b[01;32m\x1b[Koperator[]\x1b[m\x1b[K(size_type) const \x1b[35m\x1b[K[with _Tp = unsigned char; long unsigned int _Nm = 9; const_reference = const unsigned char&; size_type = long unsigned int]\x1b[m\x1b[K\x1b[m\x1b[K\xe2\x80\x99\n'}
[0.954952] (tuw_hardware_trinamic_driver) StderrLine: {'line': b'  208 |       \x1b[01;36m\x1b[Koperator\x1b[m\x1b[K[](size_type __n) const noexcept\n'}
[0.955037] (tuw_hardware_trinamic_driver) StderrLine: {'line': b'      |       \x1b[01;36m\x1b[K^~~~~~~~\x1b[m\x1b[K\n'}
[0.955120] (tuw_hardware_trinamic_driver) StderrLine: {'line': b'\x1b[01m\x1b[K/usr/include/c++/13/array:208:28:\x1b[m\x1b[K \x1b[01;36m\x1b[Knote: \x1b[m\x1b[K  no known conversion for argument 1 from \xe2\x80\x98\x1b[01m\x1b[Ktmcm1640::tmcm1640_reply_format\x1b[m\x1b[K\xe2\x80\x99 to \xe2\x80\x98\x1b[01m\x1b[Kstd::array<unsigned char, 9>::size_type\x1b[m\x1b[K\xe2\x80\x99 {aka \xe2\x80\x98\x1b[01m\x1b[Klong unsigned int\x1b[m\x1b[K\xe2\x80\x99}\n'}
[0.955210] (tuw_hardware_trinamic_driver) StderrLine: {'line': b'  208 |       operator[](\x1b[01;36m\x1b[Ksize_type __n\x1b[m\x1b[K) const noexcept\n'}
[0.955293] (tuw_hardware_trinamic_driver) StderrLine: {'line': b'      |                  \x1b[01;36m\x1b[K~~~~~~~~~~^~~\x1b[m\x1b[K\n'}
[0.955375] (tuw_hardware_trinamic_driver) StderrLine: {'line': b'\x1b[01m\x1b[K/home/coffee/Documents/Studium/TU/bachelorarbeit/tuw_hardware_interface/src/tuw_hardware_trinamic_driver/src/tuw_hardware_trinamic_connection.cpp:\x1b[m\x1b[K In member function \xe2\x80\x98\x1b[01m\x1b[Kvoid tmcm1640::TMCM1640Connection::\x1b[01;32m\x1b[Kset_value\x1b[m\x1b[K()\x1b[m\x1b[K\xe2\x80\x99:\n'}
[0.955462] (tuw_hardware_trinamic_driver) StderrLine: {'line': b'\x1b[01m\x1b[K/home/coffee/Documents/Studium/TU/bachelorarbeit/tuw_hardware_interface/src/tuw_hardware_trinamic_driver/src/tuw_hardware_trinamic_connection.cpp:175:31:\x1b[m\x1b[K \x1b[01;31m\x1b[Kerror: \x1b[m\x1b[Kno match for \xe2\x80\x98\x1b[01m\x1b[Koperator[]\x1b[m\x1b[K\xe2\x80\x99 (operand types are \xe2\x80\x98\x1b[01m\x1b[Kstd::array<unsigned char, 9>\x1b[m\x1b[K\xe2\x80\x99 and \xe2\x80\x98\x1b[01m\x1b[Ktmcm1640::tmcm1640_reply_format\x1b[m\x1b[K\xe2\x80\x99)\n'}
[0.955565] (tuw_hardware_trinamic_driver) StderrLine: {'line': b'  175 |         value = (reply_message\x1b[01;31m\x1b[K[\x1b[m\x1b[Ktmcm1640_reply_format::VALUE3] << 24 |\n'}
[0.955655] (tuw_hardware_trinamic_driver) StderrLine: {'line': b'      |                               \x1b[01;31m\x1b[K^\x1b[m\x1b[K\n'}
[0.955743] (tuw_hardware_trinamic_driver) StderrLine: {'line': b'\x1b[01m\x1b[K/usr/include/c++/13/array:200:7:\x1b[m\x1b[K \x1b[01;36m\x1b[Knote: \x1b[m\x1b[Kcandidate: \xe2\x80\x98\x1b[01m\x1b[Kconstexpr std::array<_Tp, _Nm>::value_type& std::array<_Tp, _Nm>::\x1b[01;32m\x1b[Koperator[]\x1b[m\x1b[K(size_type) \x1b[35m\x1b[K[with _Tp = unsigned char; long unsigned int _Nm = 9; reference = unsigned char&; size_type = long unsigned int]\x1b[m\x1b[K\x1b[m\x1b[K\xe2\x80\x99\n'}
[0.955849] (tuw_hardware_trinamic_driver) StderrLine: {'line': b'  200 |       \x1b[01;36m\x1b[Koperator\x1b[m\x1b[K[](size_type __n) noexcept\n'}
[0.955938] (tuw_hardware_trinamic_driver) StderrLine: {'line': b'      |       \x1b[01;36m\x1b[K^~~~~~~~\x1b[m\x1b[K\n'}
[0.956024] (tuw_hardware_trinamic_driver) StderrLine: {'line': b'\x1b[01m\x1b[K/usr/include/c++/13/array:200:28:\x1b[m\x1b[K \x1b[01;36m\x1b[Knote: \x1b[m\x1b[K  no known conversion for argument 1 from \xe2\x80\x98\x1b[01m\x1b[Ktmcm1640::tmcm1640_reply_format\x1b[m\x1b[K\xe2\x80\x99 to \xe2\x80\x98\x1b[01m\x1b[Kstd::array<unsigned char, 9>::size_type\x1b[m\x1b[K\xe2\x80\x99 {aka \xe2\x80\x98\x1b[01m\x1b[Klong unsigned int\x1b[m\x1b[K\xe2\x80\x99}\n'}
[0.956112] (tuw_hardware_trinamic_driver) StderrLine: {'line': b'  200 |       operator[](\x1b[01;36m\x1b[Ksize_type __n\x1b[m\x1b[K) noexcept\n'}
[0.956199] (tuw_hardware_trinamic_driver) StderrLine: {'line': b'      |                  \x1b[01;36m\x1b[K~~~~~~~~~~^~~\x1b[m\x1b[K\n'}
[0.956285] (tuw_hardware_trinamic_driver) StderrLine: {'line': b'\x1b[01m\x1b[K/usr/include/c++/13/array:208:7:\x1b[m\x1b[K \x1b[01;36m\x1b[Knote: \x1b[m\x1b[Kcandidate: \xe2\x80\x98\x1b[01m\x1b[Kconstexpr const std::array<_Tp, _Nm>::value_type& std::array<_Tp, _Nm>::\x1b[01;32m\x1b[Koperator[]\x1b[m\x1b[K(size_type) const \x1b[35m\x1b[K[with _Tp = unsigned char; long unsigned int _Nm = 9; const_reference = const unsigned char&; size_type = long unsigned int]\x1b[m\x1b[K\x1b[m\x1b[K\xe2\x80\x99\n'}
[0.956377] (tuw_hardware_trinamic_driver) StderrLine: {'line': b'  208 |       \x1b[01;36m\x1b[Koperator\x1b[m\x1b[K[](size_type __n) const noexcept\n'}
[0.956468] (tuw_hardware_trinamic_driver) StderrLine: {'line': b'      |       \x1b[01;36m\x1b[K^~~~~~~~\x1b[m\x1b[K\n'}
[0.956579] (tuw_hardware_trinamic_driver) StderrLine: {'line': b'\x1b[01m\x1b[K/usr/include/c++/13/array:208:28:\x1b[m\x1b[K \x1b[01;36m\x1b[Knote: \x1b[m\x1b[K  no known conversion for argument 1 from \xe2\x80\x98\x1b[01m\x1b[Ktmcm1640::tmcm1640_reply_format\x1b[m\x1b[K\xe2\x80\x99 to \xe2\x80\x98\x1b[01m\x1b[Kstd::array<unsigned char, 9>::size_type\x1b[m\x1b[K\xe2\x80\x99 {aka \xe2\x80\x98\x1b[01m\x1b[Klong unsigned int\x1b[m\x1b[K\xe2\x80\x99}\n'}
[0.956674] (tuw_hardware_trinamic_driver) StderrLine: {'line': b'  208 |       operator[](\x1b[01;36m\x1b[Ksize_type __n\x1b[m\x1b[K) const noexcept\n'}
[0.956761] (tuw_hardware_trinamic_driver) StderrLine: {'line': b'      |                  \x1b[01;36m\x1b[K~~~~~~~~~~^~~\x1b[m\x1b[K\n'}
[0.956845] (tuw_hardware_trinamic_driver) StderrLine: {'line': b'\x1b[01m\x1b[K/home/coffee/Documents/Studium/TU/bachelorarbeit/tuw_hardware_interface/src/tuw_hardware_trinamic_driver/src/tuw_hardware_trinamic_connection.cpp:176:31:\x1b[m\x1b[K \x1b[01;31m\x1b[Kerror: \x1b[m\x1b[Kno match for \xe2\x80\x98\x1b[01m\x1b[Koperator[]\x1b[m\x1b[K\xe2\x80\x99 (operand types are \xe2\x80\x98\x1b[01m\x1b[Kstd::array<unsigned char, 9>\x1b[m\x1b[K\xe2\x80\x99 and \xe2\x80\x98\x1b[01m\x1b[Ktmcm1640::tmcm1640_reply_format\x1b[m\x1b[K\xe2\x80\x99)\n'}
[0.956937] (tuw_hardware_trinamic_driver) StderrLine: {'line': b'  176 |                  reply_message\x1b[01;31m\x1b[K[\x1b[m\x1b[Ktmcm1640_reply_format::VALUE2] << 16 |\n'}
[0.957025] (tuw_hardware_trinamic_driver) StderrLine: {'line': b'      |                               \x1b[01;31m\x1b[K^\x1b[m\x1b[K\n'}
[0.957110] (tuw_hardware_trinamic_driver) StderrLine: {'line': b'\x1b[01m\x1b[K/usr/include/c++/13/array:200:7:\x1b[m\x1b[K \x1b[01;36m\x1b[Knote: \x1b[m\x1b[Kcandidate: \xe2\x80\x98\x1b[01m\x1b[Kconstexpr std::array<_Tp, _Nm>::value_type& std::array<_Tp, _Nm>::\x1b[01;32m\x1b[Koperator[]\x1b[m\x1b[K(size_type) \x1b[35m\x1b[K[with _Tp = unsigned char; long unsigned int _Nm = 9; reference = unsigned char&; size_type = long unsigned int]\x1b[m\x1b[K\x1b[m\x1b[K\xe2\x80\x99\n'}
[0.957201] (tuw_hardware_trinamic_driver) StderrLine: {'line': b'  200 |       \x1b[01;36m\x1b[Koperator\x1b[m\x1b[K[](size_type __n) noexcept\n'}
[0.957286] (tuw_hardware_trinamic_driver) StderrLine: {'line': b'      |       \x1b[01;36m\x1b[K^~~~~~~~\x1b[m\x1b[K\n'}
[0.957371] (tuw_hardware_trinamic_driver) StderrLine: {'line': b'\x1b[01m\x1b[K/usr/include/c++/13/array:200:28:\x1b[m\x1b[K \x1b[01;36m\x1b[Knote: \x1b[m\x1b[K  no known conversion for argument 1 from \xe2\x80\x98\x1b[01m\x1b[Ktmcm1640::tmcm1640_reply_format\x1b[m\x1b[K\xe2\x80\x99 to \xe2\x80\x98\x1b[01m\x1b[Kstd::array<unsigned char, 9>::size_type\x1b[m\x1b[K\xe2\x80\x99 {aka \xe2\x80\x98\x1b[01m\x1b[Klong unsigned int\x1b[m\x1b[K\xe2\x80\x99}\n'}
[0.957463] (tuw_hardware_trinamic_driver) StderrLine: {'line': b'  200 |       operator[](\x1b[01;36m\x1b[Ksize_type __n\x1b[m\x1b[K) noexcept\n'}
[0.957570] (tuw_hardware_trinamic_driver) StderrLine: {'line': b'      |                  \x1b[01;36m\x1b[K~~~~~~~~~~^~~\x1b[m\x1b[K\n'}
[0.957658] (tuw_hardware_trinamic_driver) StderrLine: {'line': b'\x1b[01m\x1b[K/usr/include/c++/13/array:208:7:\x1b[m\x1b[K \x1b[01;36m\x1b[Knote: \x1b[m\x1b[Kcandidate: \xe2\x80\x98\x1b[01m\x1b[Kconstexpr const std::array<_Tp, _Nm>::value_type& std::array<_Tp, _Nm>::\x1b[01;32m\x1b[Koperator[]\x1b[m\x1b[K(size_type) const \x1b[35m\x1b[K[with _Tp = unsigned char; long unsigned int _Nm = 9; const_reference = const unsigned char&; size_type = long unsigned int]\x1b[m\x1b[K\x1b[m\x1b[K\xe2\x80\x99\n'}
[0.957747] (tuw_hardware_trinamic_driver) StderrLine: {'line': b'  208 |       \x1b[01;36m\x1b[Koperator\x1b[m\x1b[K[](size_type __n) const noexcept\n'}
[0.957832] (tuw_hardware_trinamic_driver) StderrLine: {'line': b'      |       \x1b[01;36m\x1b[K^~~~~~~~\x1b[m\x1b[K\n'}
[0.957918] (tuw_hardware_trinamic_driver) StderrLine: {'line': b'\x1b[01m\x1b[K/usr/include/c++/13/array:208:28:\x1b[m\x1b[K \x1b[01;36m\x1b[Knote: \x1b[m\x1b[K  no known conversion for argument 1 from \xe2\x80\x98\x1b[01m\x1b[Ktmcm1640::tmcm1640_reply_format\x1b[m\x1b[K\xe2\x80\x99 to \xe2\x80\x98\x1b[01m\x1b[Kstd::array<unsigned char, 9>::size_type\x1b[m\x1b[K\xe2\x80\x99 {aka \xe2\x80\x98\x1b[01m\x1b[Klong unsigned int\x1b[m\x1b[K\xe2\x80\x99}\n'}
[0.958007] (tuw_hardware_trinamic_driver) StderrLine: {'line': b'  208 |       operator[](\x1b[01;36m\x1b[Ksize_type __n\x1b[m\x1b[K) const noexcept\n'}
[0.958090] (tuw_hardware_trinamic_driver) StderrLine: {'line': b'      |                  \x1b[01;36m\x1b[K~~~~~~~~~~^~~\x1b[m\x1b[K\n'}
[0.958174] (tuw_hardware_trinamic_driver) StderrLine: {'line': b'\x1b[01m\x1b[K/home/coffee/Documents/Studium/TU/bachelorarbeit/tuw_hardware_interface/src/tuw_hardware_trinamic_driver/src/tuw_hardware_trinamic_connection.cpp:177:31:\x1b[m\x1b[K \x1b[01;31m\x1b[Kerror: \x1b[m\x1b[Kno match for \xe2\x80\x98\x1b[01m\x1b[Koperator[]\x1b[m\x1b[K\xe2\x80\x99 (operand types are \xe2\x80\x98\x1b[01m\x1b[Kstd::array<unsigned char, 9>\x1b[m\x1b[K\xe2\x80\x99 and \xe2\x80\x98\x1b[01m\x1b[Ktmcm1640::tmcm1640_reply_format\x1b[m\x1b[K\xe2\x80\x99)\n'}
[0.958263] (tuw_hardware_trinamic_driver) StderrLine: {'line': b'  177 |                  reply_message\x1b[01;31m\x1b[K[\x1b[m\x1b[Ktmcm1640_reply_format::VALUE1] << 8  |\n'}
[0.958352] (tuw_hardware_trinamic_driver) StderrLine: {'line': b'      |                               \x1b[01;31m\x1b[K^\x1b[m\x1b[K\n'}
[0.958435] (tuw_hardware_trinamic_driver) StderrLine: {'line': b'\x1b[01m\x1b[K/usr/include/c++/13/array:200:7:\x1b[m\x1b[K \x1b[01;36m\x1b[Knote: \x1b[m\x1b[Kcandidate: \xe2\x80\x98\x1b[01m\x1b[Kconstexpr std::array<_Tp, _Nm>::value_type& std::array<_Tp, _Nm>::\x1b[01;32m\x1b[Koperator[]\x1b[m\x1b[K(size_type) \x1b[35m\x1b[K[with _Tp = unsigned char; long unsigned int _Nm = 9; reference = unsigned char&; size_type = long unsigned int]\x1b[m\x1b[K\x1b[m\x1b[K\xe2\x80\x99\n'}
[0.958543] (tuw_hardware_trinamic_driver) StderrLine: {'line': b'  200 |       \x1b[01;36m\x1b[Koperator\x1b[m\x1b[K[](size_type __n) noexcept\n'}
[0.958635] (tuw_hardware_trinamic_driver) StderrLine: {'line': b'      |       \x1b[01;36m\x1b[K^~~~~~~~\x1b[m\x1b[K\n'}
[0.958720] (tuw_hardware_trinamic_driver) StderrLine: {'line': b'\x1b[01m\x1b[K/usr/include/c++/13/array:200:28:\x1b[m\x1b[K \x1b[01;36m\x1b[Knote: \x1b[m\x1b[K  no known conversion for argument 1 from \xe2\x80\x98\x1b[01m\x1b[Ktmcm1640::tmcm1640_reply_format\x1b[m\x1b[K\xe2\x80\x99 to \xe2\x80\x98\x1b[01m\x1b[Kstd::array<unsigned char, 9>::size_type\x1b[m\x1b[K\xe2\x80\x99 {aka \xe2\x80\x98\x1b[01m\x1b[Klong unsigned int\x1b[m\x1b[K\xe2\x80\x99}\n'}
[0.958813] (tuw_hardware_trinamic_driver) StderrLine: {'line': b'  200 |       operator[](\x1b[01;36m\x1b[Ksize_type __n\x1b[m\x1b[K) noexcept\n'}
[0.958897] (tuw_hardware_trinamic_driver) StderrLine: {'line': b'      |                  \x1b[01;36m\x1b[K~~~~~~~~~~^~~\x1b[m\x1b[K\n'}
[0.958982] (tuw_hardware_trinamic_driver) StderrLine: {'line': b'\x1b[01m\x1b[K/usr/include/c++/13/array:208:7:\x1b[m\x1b[K \x1b[01;36m\x1b[Knote: \x1b[m\x1b[Kcandidate: \xe2\x80\x98\x1b[01m\x1b[Kconstexpr const std::array<_Tp, _Nm>::value_type& std::array<_Tp, _Nm>::\x1b[01;32m\x1b[Koperator[]\x1b[m\x1b[K(size_type) const \x1b[35m\x1b[K[with _Tp = unsigned char; long unsigned int _Nm = 9; const_reference = const unsigned char&; size_type = long unsigned int]\x1b[m\x1b[K\x1b[m\x1b[K\xe2\x80\x99\n'}
[0.959066] (tuw_hardware_trinamic_driver) StderrLine: {'line': b'  208 |       \x1b[01;36m\x1b[Koperator\x1b[m\x1b[K[](size_type __n) const noexcept\n'}
[0.959150] (tuw_hardware_trinamic_driver) StderrLine: {'line': b'      |       \x1b[01;36m\x1b[K^~~~~~~~\x1b[m\x1b[K\n'}
[0.959230] (tuw_hardware_trinamic_driver) StderrLine: {'line': b'\x1b[01m\x1b[K/usr/include/c++/13/array:208:28:\x1b[m\x1b[K \x1b[01;36m\x1b[Knote: \x1b[m\x1b[K  no known conversion for argument 1 from \xe2\x80\x98\x1b[01m\x1b[Ktmcm1640::tmcm1640_reply_format\x1b[m\x1b[K\xe2\x80\x99 to \xe2\x80\x98\x1b[01m\x1b[Kstd::array<unsigned char, 9>::size_type\x1b[m\x1b[K\xe2\x80\x99 {aka \xe2\x80\x98\x1b[01m\x1b[Klong unsigned int\x1b[m\x1b[K\xe2\x80\x99}\n'}
[0.959316] (tuw_hardware_trinamic_driver) StderrLine: {'line': b'  208 |       operator[](\x1b[01;36m\x1b[Ksize_type __n\x1b[m\x1b[K) const noexcept\n'}
[0.959402] (tuw_hardware_trinamic_driver) StderrLine: {'line': b'      |                  \x1b[01;36m\x1b[K~~~~~~~~~~^~~\x1b[m\x1b[K\n'}
[0.959486] (tuw_hardware_trinamic_driver) StderrLine: {'line': b'\x1b[01m\x1b[K/home/coffee/Documents/Studium/TU/bachelorarbeit/tuw_hardware_interface/src/tuw_hardware_trinamic_driver/src/tuw_hardware_trinamic_connection.cpp:178:31:\x1b[m\x1b[K \x1b[01;31m\x1b[Kerror: \x1b[m\x1b[Kno match for \xe2\x80\x98\x1b[01m\x1b[Koperator[]\x1b[m\x1b[K\xe2\x80\x99 (operand types are \xe2\x80\x98\x1b[01m\x1b[Kstd::array<unsigned char, 9>\x1b[m\x1b[K\xe2\x80\x99 and \xe2\x80\x98\x1b[01m\x1b[Ktmcm1640::tmcm1640_reply_format\x1b[m\x1b[K\xe2\x80\x99)\n'}
[0.959599] (tuw_hardware_trinamic_driver) StderrLine: {'line': b'  178 |                  reply_message\x1b[01;31m\x1b[K[\x1b[m\x1b[Ktmcm1640_reply_format::VALUE0]);\n'}
[0.959771] (tuw_hardware_trinamic_driver) StderrLine: {'line': b'      |                               \x1b[01;31m\x1b[K^\x1b[m\x1b[K\n'}
[0.959854] (tuw_hardware_trinamic_driver) StderrLine: {'line': b'\x1b[01m\x1b[K/usr/include/c++/13/array:200:7:\x1b[m\x1b[K \x1b[01;36m\x1b[Knote: \x1b[m\x1b[Kcandidate: \xe2\x80\x98\x1b[01m\x1b[Kconstexpr std::array<_Tp, _Nm>::value_type& std::array<_Tp, _Nm>::\x1b[01;32m\x1b[Koperator[]\x1b[m\x1b[K(size_type) \x1b[35m\x1b[K[with _Tp = unsigned char; long unsigned int _Nm = 9; reference = unsigned char&; size_type = long unsigned int]\x1b[m\x1b[K\x1b[m\x1b[K\xe2\x80\x99\n'}
[0.959947] (tuw_hardware_trinamic_driver) StderrLine: {'line': b'  200 |       \x1b[01;36m\x1b[Koperator\x1b[m\x1b[K[](size_type __n) noexcept\n'}
[0.960032] (tuw_hardware_trinamic_driver) StderrLine: {'line': b'      |       \x1b[01;36m\x1b[K^~~~~~~~\x1b[m\x1b[K\n'}
[0.960113] (tuw_hardware_trinamic_driver) StderrLine: {'line': b'\x1b[01m\x1b[K/usr/include/c++/13/array:200:28:\x1b[m\x1b[K \x1b[01;36m\x1b[Knote: \x1b[m\x1b[K  no known conversion for argument 1 from \xe2\x80\x98\x1b[01m\x1b[Ktmcm1640::tmcm1640_reply_format\x1b[m\x1b[K\xe2\x80\x99 to \xe2\x80\x98\x1b[01m\x1b[Kstd::array<unsigned char, 9>::size_type\x1b[m\x1b[K\xe2\x80\x99 {aka \xe2\x80\x98\x1b[01m\x1b[Klong unsigned int\x1b[m\x1b[K\xe2\x80\x99}\n'}
[0.960203] (tuw_hardware_trinamic_driver) StderrLine: {'line': b'  200 |       operator[](\x1b[01;36m\x1b[Ksize_type __n\x1b[m\x1b[K) noexcept\n'}
[0.960289] (tuw_hardware_trinamic_driver) StderrLine: {'line': b'      |                  \x1b[01;36m\x1b[K~~~~~~~~~~^~~\x1b[m\x1b[K\n'}
[0.960371] (tuw_hardware_trinamic_driver) StderrLine: {'line': b'\x1b[01m\x1b[K/usr/include/c++/13/array:208:7:\x1b[m\x1b[K \x1b[01;36m\x1b[Knote: \x1b[m\x1b[Kcandidate: \xe2\x80\x98\x1b[01m\x1b[Kconstexpr const std::array<_Tp, _Nm>::value_type& std::array<_Tp, _Nm>::\x1b[01;32m\x1b[Koperator[]\x1b[m\x1b[K(size_type) const \x1b[35m\x1b[K[with _Tp = unsigned char; long unsigned int _Nm = 9; const_reference = const unsigned char&; size_type = long unsigned int]\x1b[m\x1b[K\x1b[m\x1b[K\xe2\x80\x99\n'}
[0.960457] (tuw_hardware_trinamic_driver) StderrLine: {'line': b'  208 |       \x1b[01;36m\x1b[Koperator\x1b[m\x1b[K[](size_type __n) const noexcept\n'}
[0.960557] (tuw_hardware_trinamic_driver) StderrLine: {'line': b'      |       \x1b[01;36m\x1b[K^~~~~~~~\x1b[m\x1b[K\n'}
[0.960641] (tuw_hardware_trinamic_driver) StderrLine: {'line': b'\x1b[01m\x1b[K/usr/include/c++/13/array:208:28:\x1b[m\x1b[K \x1b[01;36m\x1b[Knote: \x1b[m\x1b[K  no known conversion for argument 1 from \xe2\x80\x98\x1b[01m\x1b[Ktmcm1640::tmcm1640_reply_format\x1b[m\x1b[K\xe2\x80\x99 to \xe2\x80\x98\x1b[01m\x1b[Kstd::array<unsigned char, 9>::size_type\x1b[m\x1b[K\xe2\x80\x99 {aka \xe2\x80\x98\x1b[01m\x1b[Klong unsigned int\x1b[m\x1b[K\xe2\x80\x99}\n'}
[0.960729] (tuw_hardware_trinamic_driver) StderrLine: {'line': b'  208 |       operator[](\x1b[01;36m\x1b[Ksize_type __n\x1b[m\x1b[K) const noexcept\n'}
[0.960810] (tuw_hardware_trinamic_driver) StderrLine: {'line': b'      |                  \x1b[01;36m\x1b[K~~~~~~~~~~^~~\x1b[m\x1b[K\n'}
[0.970585] (tuw_hardware_trinamic_driver) StderrLine: {'line': b'\x1b[01m\x1b[K/home/coffee/Documents/Studium/TU/bachelorarbeit/tuw_hardware_interface/src/tuw_hardware_trinamic_driver/src/tuw_hardware_trinamic_connection.cpp:\x1b[m\x1b[K In member function \xe2\x80\x98\x1b[01m\x1b[Kbool tmcm1640::TMCM1640Connection::\x1b[01;32m\x1b[Ksend_and_receive\x1b[m\x1b[K()\x1b[m\x1b[K\xe2\x80\x99:\n'}
[0.971041] (tuw_hardware_trinamic_driver) StderrLine: {'line': b'\x1b[01m\x1b[K/home/coffee/Documents/Studium/TU/bachelorarbeit/tuw_hardware_interface/src/tuw_hardware_trinamic_driver/src/tuw_hardware_trinamic_connection.cpp:149:5:\x1b[m\x1b[K \x1b[01;35m\x1b[Kwarning: \x1b[m\x1b[Kcontrol reaches end of non-void function [\x1b[01;35m\x1b[K\x1b]8;;https://gcc.gnu.org/onlinedocs/gcc/Warning-Options.html#index-Wreturn-type\x07-Wreturn-type\x1b]8;;\x07\x1b[m\x1b[K]\n'}
[0.971232] (tuw_hardware_trinamic_driver) StderrLine: {'line': b'  149 |     \x1b[01;35m\x1b[K}\x1b[m\x1b[K\n'}
[0.971370] (tuw_hardware_trinamic_driver) StderrLine: {'line': b'      |     \x1b[01;35m\x1b[K^\x1b[m\x1b[K\n'}
[0.983534] (tuw_hardware_trinamic_driver) StderrLine: {'line': b'gmake[2]: *** [CMakeFiles/trinamic_test_node.dir/build.make:90: CMakeFiles/trinamic_test_node.dir/src/tuw_hardware_trinamic_connection.cpp.o] Error 1\n'}
[0.984139] (tuw_hardware_trinamic_driver) StderrLine: {'line': b'gmake[1]: *** [CMakeFiles/Makefile2:137: CMakeFiles/trinamic_test_node.dir/all] Error 2\n'}
[0.984564] (tuw_hardware_trinamic_driver) StderrLine: {'line': b'gmake: *** [Makefile:146: all] Error 2\n'}
[0.988963] (tuw_hardware_trinamic_driver) CommandEnded: {'returncode': 2}
[1.004198] (-) TimerEvent: {}
[1.005483] (tuw_hardware_trinamic_driver) JobEnded: {'identifier': 'tuw_hardware_trinamic_driver', 'rc': 2}
[1.059934] (-) EventReactorShutdown: {}
