[0.028s] Invoking command in '/home/coffee/Documents/Studium/TU/bachelorarbeit/tuw_hardware_interface/build/tuw_hardware_trinamic_driver': CMAKE_PREFIX_PATH=${CMAKE_PREFIX_PATH}:/opt/ros/jazzy DEBUGINFOD_URLS=https://debuginfod.ubuntu.com /usr/bin/cmake --build /home/coffee/Documents/Studium/TU/bachelorarbeit/tuw_hardware_interface/build/tuw_hardware_trinamic_driver -- -j14 -l14
[0.169s] [ 33%] [32mBuilding CXX object CMakeFiles/trinamic_test_node.dir/src/tuw_hardware_trinamic_connection.cpp.o[0m
[0.939s] [01m[K/home/coffee/Documents/Studium/TU/bachelorarbeit/tuw_hardware_interface/src/tuw_hardware_trinamic_driver/src/tuw_hardware_trinamic_connection.cpp:[m[K In constructor ‘[01m[Ktmcm1640::TMCM1640Connection::[01;32m[KTMCM1640Connection[m[K(std::string)[m[K’:
[0.940s] [01m[K/home/coffee/Documents/Studium/TU/bachelorarbeit/tuw_hardware_interface/src/tuw_hardware_trinamic_driver/src/tuw_hardware_trinamic_connection.cpp:67:21:[m[K [01;31m[Kerror: [m[Ktoo many arguments to function ‘[01m[Kint[01;32m[K tcgetattr[m[K(int, termios*)[m[K’
[0.940s]    67 |         if([01;31m[Ktcgetattr(serial_port, TCSANOW, &tty)[m[K != 0) {
[0.941s]       |            [01;31m[K~~~~~~~~~^~~~~~~~~~~~~~~~~~~~~~~~~~~~[m[K
[0.941s] In file included from [01m[K/home/coffee/Documents/Studium/TU/bachelorarbeit/tuw_hardware_interface/src/tuw_hardware_trinamic_driver/include/tuw_hardware_trinamic_driver/tuw_hardware_trinamic_connection.hpp:9[m[K,
[0.941s]                  from [01m[K/home/coffee/Documents/Studium/TU/bachelorarbeit/tuw_hardware_interface/src/tuw_hardware_trinamic_driver/src/tuw_hardware_trinamic_connection.cpp:1[m[K:
[0.941s] [01m[K/usr/include/termios.h:66:12:[m[K [01;36m[Knote: [m[Kdeclared here
[0.941s]    66 | extern int [01;36m[Ktcgetattr[m[K (int __fd, struct termios *__termios_p) __THROW;
[0.942s]       |            [01;36m[K^~~~~~~~~[m[K
[0.942s] In file included from [01m[K/home/coffee/Documents/Studium/TU/bachelorarbeit/tuw_hardware_interface/src/tuw_hardware_trinamic_driver/include/tuw_hardware_trinamic_driver/tuw_hardware_trinamic_connection.hpp:4[m[K:
[0.942s] [01m[K/home/coffee/Documents/Studium/TU/bachelorarbeit/tuw_hardware_interface/src/tuw_hardware_trinamic_driver/include/tuw_hardware_trinamic_driver/tuw_hardware_trinamic_definitions.hpp:146:20:[m[K [01;31m[Kerror: [m[Kexpected unqualified-id before numeric constant
[0.942s]   146 |     #define TARGET [01;31m[K1[m[K
[0.942s]       |                    [01;31m[K^[m[K
[0.943s] [01m[K/home/coffee/Documents/Studium/TU/bachelorarbeit/tuw_hardware_interface/src/tuw_hardware_trinamic_driver/src/tuw_hardware_trinamic_connection.cpp:76:46:[m[K [01;36m[Knote: [m[Kin expansion of macro ‘[01m[KTARGET[m[K’
[0.943s]    76 |         command_message[tmcm1640_cmd_format::[01;36m[KTARGET[m[K] = TARGET;
[0.943s]       |                                              [01;36m[K^~~~~~[m[K
[0.943s] [01m[K/home/coffee/Documents/Studium/TU/bachelorarbeit/tuw_hardware_interface/src/tuw_hardware_trinamic_driver/src/tuw_hardware_trinamic_connection.cpp:76:44:[m[K [01;31m[Kerror: [m[Kexpected ‘[01m[K][m[K’ before numeric constant
[0.943s]    76 |         command_message[tmcm1640_cmd_format[01;31m[K:[m[K:TARGET] = TARGET;
[0.944s]       |                                            [01;31m[K^[m[K
[0.944s]       |                                            [32m[K][m[K
[0.944s] [01m[K/home/coffee/Documents/Studium/TU/bachelorarbeit/tuw_hardware_interface/src/tuw_hardware_trinamic_driver/src/tuw_hardware_trinamic_connection.cpp:77:24:[m[K [01;31m[Kerror: [m[Kno match for ‘[01m[Koperator[][m[K’ (operand types are ‘[01m[Kstd::array<unsigned char, 9>[m[K’ and ‘[01m[Ktmcm1640::tmcm1640_cmd_format[m[K’)
[0.944s]    77 |         command_message[01;31m[K[[m[Ktmcm1640_cmd_format::TYPE] = TYPE_DEFAULT;
[0.944s]       |                        [01;31m[K^[m[K
[0.944s] In file included from [01m[K/home/coffee/Documents/Studium/TU/bachelorarbeit/tuw_hardware_interface/src/tuw_hardware_trinamic_driver/include/tuw_hardware_trinamic_driver/tuw_hardware_trinamic_connection.hpp:13[m[K:
[0.944s] [01m[K/usr/include/c++/13/array:200:7:[m[K [01;36m[Knote: [m[Kcandidate: ‘[01m[Kconstexpr std::array<_Tp, _Nm>::value_type& std::array<_Tp, _Nm>::[01;32m[Koperator[][m[K(size_type) [35m[K[with _Tp = unsigned char; long unsigned int _Nm = 9; reference = unsigned char&; size_type = long unsigned int][m[K[m[K’
[0.945s]   200 |       [01;36m[Koperator[m[K[](size_type __n) noexcept
[0.945s]       |       [01;36m[K^~~~~~~~[m[K
[0.945s] [01m[K/usr/include/c++/13/array:200:28:[m[K [01;36m[Knote: [m[K  no known conversion for argument 1 from ‘[01m[Ktmcm1640::tmcm1640_cmd_format[m[K’ to ‘[01m[Kstd::array<unsigned char, 9>::size_type[m[K’ {aka ‘[01m[Klong unsigned int[m[K’}
[0.945s]   200 |       operator[]([01;36m[Ksize_type __n[m[K) noexcept
[0.945s]       |                  [01;36m[K~~~~~~~~~~^~~[m[K
[0.945s] [01m[K/usr/include/c++/13/array:208:7:[m[K [01;36m[Knote: [m[Kcandidate: ‘[01m[Kconstexpr const std::array<_Tp, _Nm>::value_type& std::array<_Tp, _Nm>::[01;32m[Koperator[][m[K(size_type) const [35m[K[with _Tp = unsigned char; long unsigned int _Nm = 9; const_reference = const unsigned char&; size_type = long unsigned int][m[K[m[K’
[0.945s]   208 |       [01;36m[Koperator[m[K[](size_type __n) const noexcept
[0.945s]       |       [01;36m[K^~~~~~~~[m[K
[0.946s] [01m[K/usr/include/c++/13/array:208:28:[m[K [01;36m[Knote: [m[K  no known conversion for argument 1 from ‘[01m[Ktmcm1640::tmcm1640_cmd_format[m[K’ to ‘[01m[Kstd::array<unsigned char, 9>::size_type[m[K’ {aka ‘[01m[Klong unsigned int[m[K’}
[0.946s]   208 |       operator[]([01;36m[Ksize_type __n[m[K) const noexcept
[0.946s]       |                  [01;36m[K~~~~~~~~~~^~~[m[K
[0.946s] [01m[K/home/coffee/Documents/Studium/TU/bachelorarbeit/tuw_hardware_interface/src/tuw_hardware_trinamic_driver/src/tuw_hardware_trinamic_connection.cpp:78:24:[m[K [01;31m[Kerror: [m[Kno match for ‘[01m[Koperator[][m[K’ (operand types are ‘[01m[Kstd::array<unsigned char, 9>[m[K’ and ‘[01m[Ktmcm1640::tmcm1640_cmd_format[m[K’)
[0.946s]    78 |         command_message[01;31m[K[[m[Ktmcm1640_cmd_format::MOT_BANK] = MOTOR_NUMBER;
[0.946s]       |                        [01;31m[K^[m[K
[0.946s] [01m[K/usr/include/c++/13/array:200:7:[m[K [01;36m[Knote: [m[Kcandidate: ‘[01m[Kconstexpr std::array<_Tp, _Nm>::value_type& std::array<_Tp, _Nm>::[01;32m[Koperator[][m[K(size_type) [35m[K[with _Tp = unsigned char; long unsigned int _Nm = 9; reference = unsigned char&; size_type = long unsigned int][m[K[m[K’
[0.946s]   200 |       [01;36m[Koperator[m[K[](size_type __n) noexcept
[0.947s]       |       [01;36m[K^~~~~~~~[m[K
[0.947s] [01m[K/usr/include/c++/13/array:200:28:[m[K [01;36m[Knote: [m[K  no known conversion for argument 1 from ‘[01m[Ktmcm1640::tmcm1640_cmd_format[m[K’ to ‘[01m[Kstd::array<unsigned char, 9>::size_type[m[K’ {aka ‘[01m[Klong unsigned int[m[K’}
[0.947s]   200 |       operator[]([01;36m[Ksize_type __n[m[K) noexcept
[0.947s]       |                  [01;36m[K~~~~~~~~~~^~~[m[K
[0.947s] [01m[K/usr/include/c++/13/array:208:7:[m[K [01;36m[Knote: [m[Kcandidate: ‘[01m[Kconstexpr const std::array<_Tp, _Nm>::value_type& std::array<_Tp, _Nm>::[01;32m[Koperator[][m[K(size_type) const [35m[K[with _Tp = unsigned char; long unsigned int _Nm = 9; const_reference = const unsigned char&; size_type = long unsigned int][m[K[m[K’
[0.947s]   208 |       [01;36m[Koperator[m[K[](size_type __n) const noexcept
[0.947s]       |       [01;36m[K^~~~~~~~[m[K
[0.947s] [01m[K/usr/include/c++/13/array:208:28:[m[K [01;36m[Knote: [m[K  no known conversion for argument 1 from ‘[01m[Ktmcm1640::tmcm1640_cmd_format[m[K’ to ‘[01m[Kstd::array<unsigned char, 9>::size_type[m[K’ {aka ‘[01m[Klong unsigned int[m[K’}
[0.948s]   208 |       operator[]([01;36m[Ksize_type __n[m[K) const noexcept
[0.948s]       |                  [01;36m[K~~~~~~~~~~^~~[m[K
[0.948s] [01m[K/home/coffee/Documents/Studium/TU/bachelorarbeit/tuw_hardware_interface/src/tuw_hardware_trinamic_driver/src/tuw_hardware_trinamic_connection.cpp:79:24:[m[K [01;31m[Kerror: [m[Kno match for ‘[01m[Koperator[][m[K’ (operand types are ‘[01m[Kstd::array<unsigned char, 9>[m[K’ and ‘[01m[Ktmcm1640::tmcm1640_cmd_format[m[K’)
[0.948s]    79 |         command_message[01;31m[K[[m[Ktmcm1640_cmd_format::VALUE3] = VALUE_DEFAULT;
[0.948s]       |                        [01;31m[K^[m[K
[0.948s] [01m[K/usr/include/c++/13/array:200:7:[m[K [01;36m[Knote: [m[Kcandidate: ‘[01m[Kconstexpr std::array<_Tp, _Nm>::value_type& std::array<_Tp, _Nm>::[01;32m[Koperator[][m[K(size_type) [35m[K[with _Tp = unsigned char; long unsigned int _Nm = 9; reference = unsigned char&; size_type = long unsigned int][m[K[m[K’
[0.948s]   200 |       [01;36m[Koperator[m[K[](size_type __n) noexcept
[0.948s]       |       [01;36m[K^~~~~~~~[m[K
[0.949s] [01m[K/usr/include/c++/13/array:200:28:[m[K [01;36m[Knote: [m[K  no known conversion for argument 1 from ‘[01m[Ktmcm1640::tmcm1640_cmd_format[m[K’ to ‘[01m[Kstd::array<unsigned char, 9>::size_type[m[K’ {aka ‘[01m[Klong unsigned int[m[K’}
[0.949s]   200 |       operator[]([01;36m[Ksize_type __n[m[K) noexcept
[0.949s]       |                  [01;36m[K~~~~~~~~~~^~~[m[K
[0.949s] [01m[K/usr/include/c++/13/array:208:7:[m[K [01;36m[Knote: [m[Kcandidate: ‘[01m[Kconstexpr const std::array<_Tp, _Nm>::value_type& std::array<_Tp, _Nm>::[01;32m[Koperator[][m[K(size_type) const [35m[K[with _Tp = unsigned char; long unsigned int _Nm = 9; const_reference = const unsigned char&; size_type = long unsigned int][m[K[m[K’
[0.949s]   208 |       [01;36m[Koperator[m[K[](size_type __n) const noexcept
[0.949s]       |       [01;36m[K^~~~~~~~[m[K
[0.949s] [01m[K/usr/include/c++/13/array:208:28:[m[K [01;36m[Knote: [m[K  no known conversion for argument 1 from ‘[01m[Ktmcm1640::tmcm1640_cmd_format[m[K’ to ‘[01m[Kstd::array<unsigned char, 9>::size_type[m[K’ {aka ‘[01m[Klong unsigned int[m[K’}
[0.950s]   208 |       operator[]([01;36m[Ksize_type __n[m[K) const noexcept
[0.950s]       |                  [01;36m[K~~~~~~~~~~^~~[m[K
[0.950s] [01m[K/home/coffee/Documents/Studium/TU/bachelorarbeit/tuw_hardware_interface/src/tuw_hardware_trinamic_driver/src/tuw_hardware_trinamic_connection.cpp:80:24:[m[K [01;31m[Kerror: [m[Kno match for ‘[01m[Koperator[][m[K’ (operand types are ‘[01m[Kstd::array<unsigned char, 9>[m[K’ and ‘[01m[Ktmcm1640::tmcm1640_cmd_format[m[K’)
[0.950s]    80 |         command_message[01;31m[K[[m[Ktmcm1640_cmd_format::VALUE2] = VALUE_DEFAULT;
[0.950s]       |                        [01;31m[K^[m[K
[0.950s] [01m[K/usr/include/c++/13/array:200:7:[m[K [01;36m[Knote: [m[Kcandidate: ‘[01m[Kconstexpr std::array<_Tp, _Nm>::value_type& std::array<_Tp, _Nm>::[01;32m[Koperator[][m[K(size_type) [35m[K[with _Tp = unsigned char; long unsigned int _Nm = 9; reference = unsigned char&; size_type = long unsigned int][m[K[m[K’
[0.950s]   200 |       [01;36m[Koperator[m[K[](size_type __n) noexcept
[0.950s]       |       [01;36m[K^~~~~~~~[m[K
[0.951s] [01m[K/usr/include/c++/13/array:200:28:[m[K [01;36m[Knote: [m[K  no known conversion for argument 1 from ‘[01m[Ktmcm1640::tmcm1640_cmd_format[m[K’ to ‘[01m[Kstd::array<unsigned char, 9>::size_type[m[K’ {aka ‘[01m[Klong unsigned int[m[K’}
[0.951s]   200 |       operator[]([01;36m[Ksize_type __n[m[K) noexcept
[0.951s]       |                  [01;36m[K~~~~~~~~~~^~~[m[K
[0.951s] [01m[K/usr/include/c++/13/array:208:7:[m[K [01;36m[Knote: [m[Kcandidate: ‘[01m[Kconstexpr const std::array<_Tp, _Nm>::value_type& std::array<_Tp, _Nm>::[01;32m[Koperator[][m[K(size_type) const [35m[K[with _Tp = unsigned char; long unsigned int _Nm = 9; const_reference = const unsigned char&; size_type = long unsigned int][m[K[m[K’
[0.951s]   208 |       [01;36m[Koperator[m[K[](size_type __n) const noexcept
[0.951s]       |       [01;36m[K^~~~~~~~[m[K
[0.951s] [01m[K/usr/include/c++/13/array:208:28:[m[K [01;36m[Knote: [m[K  no known conversion for argument 1 from ‘[01m[Ktmcm1640::tmcm1640_cmd_format[m[K’ to ‘[01m[Kstd::array<unsigned char, 9>::size_type[m[K’ {aka ‘[01m[Klong unsigned int[m[K’}
[0.951s]   208 |       operator[]([01;36m[Ksize_type __n[m[K) const noexcept
[0.952s]       |                  [01;36m[K~~~~~~~~~~^~~[m[K
[0.952s] [01m[K/home/coffee/Documents/Studium/TU/bachelorarbeit/tuw_hardware_interface/src/tuw_hardware_trinamic_driver/src/tuw_hardware_trinamic_connection.cpp:81:24:[m[K [01;31m[Kerror: [m[Kno match for ‘[01m[Koperator[][m[K’ (operand types are ‘[01m[Kstd::array<unsigned char, 9>[m[K’ and ‘[01m[Ktmcm1640::tmcm1640_cmd_format[m[K’)
[0.952s]    81 |         command_message[01;31m[K[[m[Ktmcm1640_cmd_format::VALUE1] = VALUE_DEFAULT;
[0.952s]       |                        [01;31m[K^[m[K
[0.952s] [01m[K/usr/include/c++/13/array:200:7:[m[K [01;36m[Knote: [m[Kcandidate: ‘[01m[Kconstexpr std::array<_Tp, _Nm>::value_type& std::array<_Tp, _Nm>::[01;32m[Koperator[][m[K(size_type) [35m[K[with _Tp = unsigned char; long unsigned int _Nm = 9; reference = unsigned char&; size_type = long unsigned int][m[K[m[K’
[0.952s]   200 |       [01;36m[Koperator[m[K[](size_type __n) noexcept
[0.952s]       |       [01;36m[K^~~~~~~~[m[K
[0.952s] [01m[K/usr/include/c++/13/array:200:28:[m[K [01;36m[Knote: [m[K  no known conversion for argument 1 from ‘[01m[Ktmcm1640::tmcm1640_cmd_format[m[K’ to ‘[01m[Kstd::array<unsigned char, 9>::size_type[m[K’ {aka ‘[01m[Klong unsigned int[m[K’}
[0.953s]   200 |       operator[]([01;36m[Ksize_type __n[m[K) noexcept
[0.953s]       |                  [01;36m[K~~~~~~~~~~^~~[m[K
[0.953s] [01m[K/usr/include/c++/13/array:208:7:[m[K [01;36m[Knote: [m[Kcandidate: ‘[01m[Kconstexpr const std::array<_Tp, _Nm>::value_type& std::array<_Tp, _Nm>::[01;32m[Koperator[][m[K(size_type) const [35m[K[with _Tp = unsigned char; long unsigned int _Nm = 9; const_reference = const unsigned char&; size_type = long unsigned int][m[K[m[K’
[0.953s]   208 |       [01;36m[Koperator[m[K[](size_type __n) const noexcept
[0.953s]       |       [01;36m[K^~~~~~~~[m[K
[0.953s] [01m[K/usr/include/c++/13/array:208:28:[m[K [01;36m[Knote: [m[K  no known conversion for argument 1 from ‘[01m[Ktmcm1640::tmcm1640_cmd_format[m[K’ to ‘[01m[Kstd::array<unsigned char, 9>::size_type[m[K’ {aka ‘[01m[Klong unsigned int[m[K’}
[0.953s]   208 |       operator[]([01;36m[Ksize_type __n[m[K) const noexcept
[0.953s]       |                  [01;36m[K~~~~~~~~~~^~~[m[K
[0.954s] [01m[K/home/coffee/Documents/Studium/TU/bachelorarbeit/tuw_hardware_interface/src/tuw_hardware_trinamic_driver/src/tuw_hardware_trinamic_connection.cpp:82:24:[m[K [01;31m[Kerror: [m[Kno match for ‘[01m[Koperator[][m[K’ (operand types are ‘[01m[Kstd::array<unsigned char, 9>[m[K’ and ‘[01m[Ktmcm1640::tmcm1640_cmd_format[m[K’)
[0.954s]    82 |         command_message[01;31m[K[[m[Ktmcm1640_cmd_format::VALUE0] = VALUE_DEFAULT;
[0.954s]       |                        [01;31m[K^[m[K
[0.954s] [01m[K/usr/include/c++/13/array:200:7:[m[K [01;36m[Knote: [m[Kcandidate: ‘[01m[Kconstexpr std::array<_Tp, _Nm>::value_type& std::array<_Tp, _Nm>::[01;32m[Koperator[][m[K(size_type) [35m[K[with _Tp = unsigned char; long unsigned int _Nm = 9; reference = unsigned char&; size_type = long unsigned int][m[K[m[K’
[0.954s]   200 |       [01;36m[Koperator[m[K[](size_type __n) noexcept
[0.955s]       |       [01;36m[K^~~~~~~~[m[K
[0.955s] [01m[K/usr/include/c++/13/array:200:28:[m[K [01;36m[Knote: [m[K  no known conversion for argument 1 from ‘[01m[Ktmcm1640::tmcm1640_cmd_format[m[K’ to ‘[01m[Kstd::array<unsigned char, 9>::size_type[m[K’ {aka ‘[01m[Klong unsigned int[m[K’}
[0.955s]   200 |       operator[]([01;36m[Ksize_type __n[m[K) noexcept
[0.955s]       |                  [01;36m[K~~~~~~~~~~^~~[m[K
[0.955s] [01m[K/usr/include/c++/13/array:208:7:[m[K [01;36m[Knote: [m[Kcandidate: ‘[01m[Kconstexpr const std::array<_Tp, _Nm>::value_type& std::array<_Tp, _Nm>::[01;32m[Koperator[][m[K(size_type) const [35m[K[with _Tp = unsigned char; long unsigned int _Nm = 9; const_reference = const unsigned char&; size_type = long unsigned int][m[K[m[K’
[0.955s]   208 |       [01;36m[Koperator[m[K[](size_type __n) const noexcept
[0.955s]       |       [01;36m[K^~~~~~~~[m[K
[0.955s] [01m[K/usr/include/c++/13/array:208:28:[m[K [01;36m[Knote: [m[K  no known conversion for argument 1 from ‘[01m[Ktmcm1640::tmcm1640_cmd_format[m[K’ to ‘[01m[Kstd::array<unsigned char, 9>::size_type[m[K’ {aka ‘[01m[Klong unsigned int[m[K’}
[0.955s]   208 |       operator[]([01;36m[Ksize_type __n[m[K) const noexcept
[0.955s]       |                  [01;36m[K~~~~~~~~~~^~~[m[K
[0.956s] [01m[K/home/coffee/Documents/Studium/TU/bachelorarbeit/tuw_hardware_interface/src/tuw_hardware_trinamic_driver/src/tuw_hardware_trinamic_connection.cpp:[m[K In member function ‘[01m[Kint32_t tmcm1640::TMCM1640Connection::[01;32m[Kcommunicate[m[K(tmcm1640::tmcm1640_cmd, int, int)[m[K’:
[0.956s] [01m[K/home/coffee/Documents/Studium/TU/bachelorarbeit/tuw_hardware_interface/src/tuw_hardware_trinamic_driver/src/tuw_hardware_trinamic_connection.cpp:100:24:[m[K [01;31m[Kerror: [m[Kno match for ‘[01m[Koperator[][m[K’ (operand types are ‘[01m[Kstd::array<unsigned char, 9>[m[K’ and ‘[01m[Ktmcm1640::tmcm1640_cmd_format[m[K’)
[0.956s]   100 |         command_message[01;31m[K[[m[Ktmcm1640_cmd_format::CMD] = cmd;
[0.956s]       |                        [01;31m[K^[m[K
[0.956s] [01m[K/usr/include/c++/13/array:200:7:[m[K [01;36m[Knote: [m[Kcandidate: ‘[01m[Kconstexpr std::array<_Tp, _Nm>::value_type& std::array<_Tp, _Nm>::[01;32m[Koperator[][m[K(size_type) [35m[K[with _Tp = unsigned char; long unsigned int _Nm = 9; reference = unsigned char&; size_type = long unsigned int][m[K[m[K’
[0.956s]   200 |       [01;36m[Koperator[m[K[](size_type __n) noexcept
[0.956s]       |       [01;36m[K^~~~~~~~[m[K
[0.956s] [01m[K/usr/include/c++/13/array:200:28:[m[K [01;36m[Knote: [m[K  no known conversion for argument 1 from ‘[01m[Ktmcm1640::tmcm1640_cmd_format[m[K’ to ‘[01m[Kstd::array<unsigned char, 9>::size_type[m[K’ {aka ‘[01m[Klong unsigned int[m[K’}
[0.956s]   200 |       operator[]([01;36m[Ksize_type __n[m[K) noexcept
[0.956s]       |                  [01;36m[K~~~~~~~~~~^~~[m[K
[0.957s] [01m[K/usr/include/c++/13/array:208:7:[m[K [01;36m[Knote: [m[Kcandidate: ‘[01m[Kconstexpr const std::array<_Tp, _Nm>::value_type& std::array<_Tp, _Nm>::[01;32m[Koperator[][m[K(size_type) const [35m[K[with _Tp = unsigned char; long unsigned int _Nm = 9; const_reference = const unsigned char&; size_type = long unsigned int][m[K[m[K’
[0.957s]   208 |       [01;36m[Koperator[m[K[](size_type __n) const noexcept
[0.957s]       |       [01;36m[K^~~~~~~~[m[K
[0.957s] [01m[K/usr/include/c++/13/array:208:28:[m[K [01;36m[Knote: [m[K  no known conversion for argument 1 from ‘[01m[Ktmcm1640::tmcm1640_cmd_format[m[K’ to ‘[01m[Kstd::array<unsigned char, 9>::size_type[m[K’ {aka ‘[01m[Klong unsigned int[m[K’}
[0.957s]   208 |       operator[]([01;36m[Ksize_type __n[m[K) const noexcept
[0.957s]       |                  [01;36m[K~~~~~~~~~~^~~[m[K
[0.957s] [01m[K/home/coffee/Documents/Studium/TU/bachelorarbeit/tuw_hardware_interface/src/tuw_hardware_trinamic_driver/src/tuw_hardware_trinamic_connection.cpp:101:24:[m[K [01;31m[Kerror: [m[Kno match for ‘[01m[Koperator[][m[K’ (operand types are ‘[01m[Kstd::array<unsigned char, 9>[m[K’ and ‘[01m[Ktmcm1640::tmcm1640_cmd_format[m[K’)
[0.957s]   101 |         command_message[01;31m[K[[m[Ktmcm1640_cmd_format::TYPE] = type;
[0.957s]       |                        [01;31m[K^[m[K
[0.957s] [01m[K/usr/include/c++/13/array:200:7:[m[K [01;36m[Knote: [m[Kcandidate: ‘[01m[Kconstexpr std::array<_Tp, _Nm>::value_type& std::array<_Tp, _Nm>::[01;32m[Koperator[][m[K(size_type) [35m[K[with _Tp = unsigned char; long unsigned int _Nm = 9; reference = unsigned char&; size_type = long unsigned int][m[K[m[K’
[0.957s]   200 |       [01;36m[Koperator[m[K[](size_type __n) noexcept
[0.958s]       |       [01;36m[K^~~~~~~~[m[K
[0.958s] [01m[K/usr/include/c++/13/array:200:28:[m[K [01;36m[Knote: [m[K  no known conversion for argument 1 from ‘[01m[Ktmcm1640::tmcm1640_cmd_format[m[K’ to ‘[01m[Kstd::array<unsigned char, 9>::size_type[m[K’ {aka ‘[01m[Klong unsigned int[m[K’}
[0.958s]   200 |       operator[]([01;36m[Ksize_type __n[m[K) noexcept
[0.958s]       |                  [01;36m[K~~~~~~~~~~^~~[m[K
[0.958s] [01m[K/usr/include/c++/13/array:208:7:[m[K [01;36m[Knote: [m[Kcandidate: ‘[01m[Kconstexpr const std::array<_Tp, _Nm>::value_type& std::array<_Tp, _Nm>::[01;32m[Koperator[][m[K(size_type) const [35m[K[with _Tp = unsigned char; long unsigned int _Nm = 9; const_reference = const unsigned char&; size_type = long unsigned int][m[K[m[K’
[0.958s]   208 |       [01;36m[Koperator[m[K[](size_type __n) const noexcept
[0.958s]       |       [01;36m[K^~~~~~~~[m[K
[0.958s] [01m[K/usr/include/c++/13/array:208:28:[m[K [01;36m[Knote: [m[K  no known conversion for argument 1 from ‘[01m[Ktmcm1640::tmcm1640_cmd_format[m[K’ to ‘[01m[Kstd::array<unsigned char, 9>::size_type[m[K’ {aka ‘[01m[Klong unsigned int[m[K’}
[0.958s]   208 |       operator[]([01;36m[Ksize_type __n[m[K) const noexcept
[0.958s]       |                  [01;36m[K~~~~~~~~~~^~~[m[K
[0.959s] [01m[K/home/coffee/Documents/Studium/TU/bachelorarbeit/tuw_hardware_interface/src/tuw_hardware_trinamic_driver/src/tuw_hardware_trinamic_connection.cpp:102:24:[m[K [01;31m[Kerror: [m[Kno match for ‘[01m[Koperator[][m[K’ (operand types are ‘[01m[Kstd::array<unsigned char, 9>[m[K’ and ‘[01m[Ktmcm1640::tmcm1640_cmd_format[m[K’)
[0.959s]   102 |         command_message[01;31m[K[[m[Ktmcm1640_cmd_format::VALUE3] = value >> 24;
[0.959s]       |                        [01;31m[K^[m[K
[0.959s] [01m[K/usr/include/c++/13/array:200:7:[m[K [01;36m[Knote: [m[Kcandidate: ‘[01m[Kconstexpr std::array<_Tp, _Nm>::value_type& std::array<_Tp, _Nm>::[01;32m[Koperator[][m[K(size_type) [35m[K[with _Tp = unsigned char; long unsigned int _Nm = 9; reference = unsigned char&; size_type = long unsigned int][m[K[m[K’
[0.959s]   200 |       [01;36m[Koperator[m[K[](size_type __n) noexcept
[0.959s]       |       [01;36m[K^~~~~~~~[m[K
[0.959s] [01m[K/usr/include/c++/13/array:200:28:[m[K [01;36m[Knote: [m[K  no known conversion for argument 1 from ‘[01m[Ktmcm1640::tmcm1640_cmd_format[m[K’ to ‘[01m[Kstd::array<unsigned char, 9>::size_type[m[K’ {aka ‘[01m[Klong unsigned int[m[K’}
[0.959s]   200 |       operator[]([01;36m[Ksize_type __n[m[K) noexcept
[0.959s]       |                  [01;36m[K~~~~~~~~~~^~~[m[K
[0.959s] [01m[K/usr/include/c++/13/array:208:7:[m[K [01;36m[Knote: [m[Kcandidate: ‘[01m[Kconstexpr const std::array<_Tp, _Nm>::value_type& std::array<_Tp, _Nm>::[01;32m[Koperator[][m[K(size_type) const [35m[K[with _Tp = unsigned char; long unsigned int _Nm = 9; const_reference = const unsigned char&; size_type = long unsigned int][m[K[m[K’
[0.960s]   208 |       [01;36m[Koperator[m[K[](size_type __n) const noexcept
[0.960s]       |       [01;36m[K^~~~~~~~[m[K
[0.960s] [01m[K/usr/include/c++/13/array:208:28:[m[K [01;36m[Knote: [m[K  no known conversion for argument 1 from ‘[01m[Ktmcm1640::tmcm1640_cmd_format[m[K’ to ‘[01m[Kstd::array<unsigned char, 9>::size_type[m[K’ {aka ‘[01m[Klong unsigned int[m[K’}
[0.960s]   208 |       operator[]([01;36m[Ksize_type __n[m[K) const noexcept
[0.960s]       |                  [01;36m[K~~~~~~~~~~^~~[m[K
[0.960s] [01m[K/home/coffee/Documents/Studium/TU/bachelorarbeit/tuw_hardware_interface/src/tuw_hardware_trinamic_driver/src/tuw_hardware_trinamic_connection.cpp:103:24:[m[K [01;31m[Kerror: [m[Kno match for ‘[01m[Koperator[][m[K’ (operand types are ‘[01m[Kstd::array<unsigned char, 9>[m[K’ and ‘[01m[Ktmcm1640::tmcm1640_cmd_format[m[K’)
[0.960s]   103 |         command_message[01;31m[K[[m[Ktmcm1640_cmd_format::VALUE2] = value >> 16;
[0.960s]       |                        [01;31m[K^[m[K
[0.960s] [01m[K/usr/include/c++/13/array:200:7:[m[K [01;36m[Knote: [m[Kcandidate: ‘[01m[Kconstexpr std::array<_Tp, _Nm>::value_type& std::array<_Tp, _Nm>::[01;32m[Koperator[][m[K(size_type) [35m[K[with _Tp = unsigned char; long unsigned int _Nm = 9; reference = unsigned char&; size_type = long unsigned int][m[K[m[K’
[0.960s]   200 |       [01;36m[Koperator[m[K[](size_type __n) noexcept
[0.960s]       |       [01;36m[K^~~~~~~~[m[K
[0.961s] [01m[K/usr/include/c++/13/array:200:28:[m[K [01;36m[Knote: [m[K  no known conversion for argument 1 from ‘[01m[Ktmcm1640::tmcm1640_cmd_format[m[K’ to ‘[01m[Kstd::array<unsigned char, 9>::size_type[m[K’ {aka ‘[01m[Klong unsigned int[m[K’}
[0.961s]   200 |       operator[]([01;36m[Ksize_type __n[m[K) noexcept
[0.961s]       |                  [01;36m[K~~~~~~~~~~^~~[m[K
[0.961s] [01m[K/usr/include/c++/13/array:208:7:[m[K [01;36m[Knote: [m[Kcandidate: ‘[01m[Kconstexpr const std::array<_Tp, _Nm>::value_type& std::array<_Tp, _Nm>::[01;32m[Koperator[][m[K(size_type) const [35m[K[with _Tp = unsigned char; long unsigned int _Nm = 9; const_reference = const unsigned char&; size_type = long unsigned int][m[K[m[K’
[0.961s]   208 |       [01;36m[Koperator[m[K[](size_type __n) const noexcept
[0.961s]       |       [01;36m[K^~~~~~~~[m[K
[0.961s] [01m[K/usr/include/c++/13/array:208:28:[m[K [01;36m[Knote: [m[K  no known conversion for argument 1 from ‘[01m[Ktmcm1640::tmcm1640_cmd_format[m[K’ to ‘[01m[Kstd::array<unsigned char, 9>::size_type[m[K’ {aka ‘[01m[Klong unsigned int[m[K’}
[0.961s]   208 |       operator[]([01;36m[Ksize_type __n[m[K) const noexcept
[0.961s]       |                  [01;36m[K~~~~~~~~~~^~~[m[K
[0.962s] [01m[K/home/coffee/Documents/Studium/TU/bachelorarbeit/tuw_hardware_interface/src/tuw_hardware_trinamic_driver/src/tuw_hardware_trinamic_connection.cpp:104:24:[m[K [01;31m[Kerror: [m[Kno match for ‘[01m[Koperator[][m[K’ (operand types are ‘[01m[Kstd::array<unsigned char, 9>[m[K’ and ‘[01m[Ktmcm1640::tmcm1640_cmd_format[m[K’)
[0.962s]   104 |         command_message[01;31m[K[[m[Ktmcm1640_cmd_format::VALUE1] = value >> 8;
[0.962s]       |                        [01;31m[K^[m[K
[0.962s] [01m[K/usr/include/c++/13/array:200:7:[m[K [01;36m[Knote: [m[Kcandidate: ‘[01m[Kconstexpr std::array<_Tp, _Nm>::value_type& std::array<_Tp, _Nm>::[01;32m[Koperator[][m[K(size_type) [35m[K[with _Tp = unsigned char; long unsigned int _Nm = 9; reference = unsigned char&; size_type = long unsigned int][m[K[m[K’
[0.962s]   200 |       [01;36m[Koperator[m[K[](size_type __n) noexcept
[0.962s]       |       [01;36m[K^~~~~~~~[m[K
[0.962s] [01m[K/usr/include/c++/13/array:200:28:[m[K [01;36m[Knote: [m[K  no known conversion for argument 1 from ‘[01m[Ktmcm1640::tmcm1640_cmd_format[m[K’ to ‘[01m[Kstd::array<unsigned char, 9>::size_type[m[K’ {aka ‘[01m[Klong unsigned int[m[K’}
[0.962s]   200 |       operator[]([01;36m[Ksize_type __n[m[K) noexcept
[0.962s]       |                  [01;36m[K~~~~~~~~~~^~~[m[K
[0.962s] [01m[K/usr/include/c++/13/array:208:7:[m[K [01;36m[Knote: [m[Kcandidate: ‘[01m[Kconstexpr const std::array<_Tp, _Nm>::value_type& std::array<_Tp, _Nm>::[01;32m[Koperator[][m[K(size_type) const [35m[K[with _Tp = unsigned char; long unsigned int _Nm = 9; const_reference = const unsigned char&; size_type = long unsigned int][m[K[m[K’
[0.962s]   208 |       [01;36m[Koperator[m[K[](size_type __n) const noexcept
[0.963s]       |       [01;36m[K^~~~~~~~[m[K
[0.963s] [01m[K/usr/include/c++/13/array:208:28:[m[K [01;36m[Knote: [m[K  no known conversion for argument 1 from ‘[01m[Ktmcm1640::tmcm1640_cmd_format[m[K’ to ‘[01m[Kstd::array<unsigned char, 9>::size_type[m[K’ {aka ‘[01m[Klong unsigned int[m[K’}
[0.963s]   208 |       operator[]([01;36m[Ksize_type __n[m[K) const noexcept
[0.963s]       |                  [01;36m[K~~~~~~~~~~^~~[m[K
[0.963s] [01m[K/home/coffee/Documents/Studium/TU/bachelorarbeit/tuw_hardware_interface/src/tuw_hardware_trinamic_driver/src/tuw_hardware_trinamic_connection.cpp:105:24:[m[K [01;31m[Kerror: [m[Kno match for ‘[01m[Koperator[][m[K’ (operand types are ‘[01m[Kstd::array<unsigned char, 9>[m[K’ and ‘[01m[Ktmcm1640::tmcm1640_cmd_format[m[K’)
[0.963s]   105 |         command_message[01;31m[K[[m[Ktmcm1640_cmd_format::VALUE0] = value;
[0.963s]       |                        [01;31m[K^[m[K
[0.963s] [01m[K/usr/include/c++/13/array:200:7:[m[K [01;36m[Knote: [m[Kcandidate: ‘[01m[Kconstexpr std::array<_Tp, _Nm>::value_type& std::array<_Tp, _Nm>::[01;32m[Koperator[][m[K(size_type) [35m[K[with _Tp = unsigned char; long unsigned int _Nm = 9; reference = unsigned char&; size_type = long unsigned int][m[K[m[K’
[0.963s]   200 |       [01;36m[Koperator[m[K[](size_type __n) noexcept
[0.963s]       |       [01;36m[K^~~~~~~~[m[K
[0.964s] [01m[K/usr/include/c++/13/array:200:28:[m[K [01;36m[Knote: [m[K  no known conversion for argument 1 from ‘[01m[Ktmcm1640::tmcm1640_cmd_format[m[K’ to ‘[01m[Kstd::array<unsigned char, 9>::size_type[m[K’ {aka ‘[01m[Klong unsigned int[m[K’}
[0.964s]   200 |       operator[]([01;36m[Ksize_type __n[m[K) noexcept
[0.964s]       |                  [01;36m[K~~~~~~~~~~^~~[m[K
[0.964s] [01m[K/usr/include/c++/13/array:208:7:[m[K [01;36m[Knote: [m[Kcandidate: ‘[01m[Kconstexpr const std::array<_Tp, _Nm>::value_type& std::array<_Tp, _Nm>::[01;32m[Koperator[][m[K(size_type) const [35m[K[with _Tp = unsigned char; long unsigned int _Nm = 9; const_reference = const unsigned char&; size_type = long unsigned int][m[K[m[K’
[0.964s]   208 |       [01;36m[Koperator[m[K[](size_type __n) const noexcept
[0.964s]       |       [01;36m[K^~~~~~~~[m[K
[0.964s] [01m[K/usr/include/c++/13/array:208:28:[m[K [01;36m[Knote: [m[K  no known conversion for argument 1 from ‘[01m[Ktmcm1640::tmcm1640_cmd_format[m[K’ to ‘[01m[Kstd::array<unsigned char, 9>::size_type[m[K’ {aka ‘[01m[Klong unsigned int[m[K’}
[0.964s]   208 |       operator[]([01;36m[Ksize_type __n[m[K) const noexcept
[0.964s]       |                  [01;36m[K~~~~~~~~~~^~~[m[K
[0.964s] [01m[K/home/coffee/Documents/Studium/TU/bachelorarbeit/tuw_hardware_interface/src/tuw_hardware_trinamic_driver/src/tuw_hardware_trinamic_connection.cpp:108:24:[m[K [01;31m[Kerror: [m[Kno match for ‘[01m[Koperator[][m[K’ (operand types are ‘[01m[Kstd::array<unsigned char, 9>[m[K’ and ‘[01m[Ktmcm1640::tmcm1640_cmd_format[m[K’)
[0.965s]   108 |         command_message[01;31m[K[[m[Ktmcm1640_cmd_format::CHECKSUM] = calc_checksum();
[0.965s]       |                        [01;31m[K^[m[K
[0.965s] [01m[K/usr/include/c++/13/array:200:7:[m[K [01;36m[Knote: [m[Kcandidate: ‘[01m[Kconstexpr std::array<_Tp, _Nm>::value_type& std::array<_Tp, _Nm>::[01;32m[Koperator[][m[K(size_type) [35m[K[with _Tp = unsigned char; long unsigned int _Nm = 9; reference = unsigned char&; size_type = long unsigned int][m[K[m[K’
[0.965s]   200 |       [01;36m[Koperator[m[K[](size_type __n) noexcept
[0.965s]       |       [01;36m[K^~~~~~~~[m[K
[0.965s] [01m[K/usr/include/c++/13/array:200:28:[m[K [01;36m[Knote: [m[K  no known conversion for argument 1 from ‘[01m[Ktmcm1640::tmcm1640_cmd_format[m[K’ to ‘[01m[Kstd::array<unsigned char, 9>::size_type[m[K’ {aka ‘[01m[Klong unsigned int[m[K’}
[0.965s]   200 |       operator[]([01;36m[Ksize_type __n[m[K) noexcept
[0.965s]       |                  [01;36m[K~~~~~~~~~~^~~[m[K
[0.965s] [01m[K/usr/include/c++/13/array:208:7:[m[K [01;36m[Knote: [m[Kcandidate: ‘[01m[Kconstexpr const std::array<_Tp, _Nm>::value_type& std::array<_Tp, _Nm>::[01;32m[Koperator[][m[K(size_type) const [35m[K[with _Tp = unsigned char; long unsigned int _Nm = 9; const_reference = const unsigned char&; size_type = long unsigned int][m[K[m[K’
[0.965s]   208 |       [01;36m[Koperator[m[K[](size_type __n) const noexcept
[0.966s]       |       [01;36m[K^~~~~~~~[m[K
[0.966s] [01m[K/usr/include/c++/13/array:208:28:[m[K [01;36m[Knote: [m[K  no known conversion for argument 1 from ‘[01m[Ktmcm1640::tmcm1640_cmd_format[m[K’ to ‘[01m[Kstd::array<unsigned char, 9>::size_type[m[K’ {aka ‘[01m[Klong unsigned int[m[K’}
[0.966s]   208 |       operator[]([01;36m[Ksize_type __n[m[K) const noexcept
[0.966s]       |                  [01;36m[K~~~~~~~~~~^~~[m[K
[0.966s] [01m[K/home/coffee/Documents/Studium/TU/bachelorarbeit/tuw_hardware_interface/src/tuw_hardware_trinamic_driver/src/tuw_hardware_trinamic_connection.cpp:108:71:[m[K [01;31m[Kerror: [m[Kno matching function for call to ‘[01m[Ktmcm1640::TMCM1640Connection::calc_checksum()[m[K’
[0.966s]   108 |         command_message[tmcm1640_cmd_format::CHECKSUM] = [01;31m[Kcalc_checksum()[m[K;
[0.966s]       |                                                          [01;31m[K~~~~~~~~~~~~~^~[m[K
[0.966s] [01m[K/home/coffee/Documents/Studium/TU/bachelorarbeit/tuw_hardware_interface/src/tuw_hardware_trinamic_driver/include/tuw_hardware_trinamic_driver/tuw_hardware_trinamic_connection.hpp:31:26:[m[K [01;36m[Knote: [m[Kcandidate: ‘[01m[Kuint8_t tmcm1640::TMCM1640Connection::[01;32m[Kcalc_checksum[m[K(std::array<unsigned char, 9>)[m[K’
[0.966s]    31 |             std::uint8_t [01;36m[Kcalc_checksum[m[K(std::array<std::uint8_t, 9> msg);
[0.966s]       |                          [01;36m[K^~~~~~~~~~~~~[m[K
[0.967s] [01m[K/home/coffee/Documents/Studium/TU/bachelorarbeit/tuw_hardware_interface/src/tuw_hardware_trinamic_driver/include/tuw_hardware_trinamic_driver/tuw_hardware_trinamic_connection.hpp:31:26:[m[K [01;36m[Knote: [m[K  candidate expects 1 argument, 0 provided
[0.967s] [01m[K/home/coffee/Documents/Studium/TU/bachelorarbeit/tuw_hardware_interface/src/tuw_hardware_trinamic_driver/src/tuw_hardware_trinamic_connection.cpp:[m[K In member function ‘[01m[Kbool tmcm1640::TMCM1640Connection::[01;32m[Ksend_and_receive[m[K()[m[K’:
[0.967s] [01m[K/home/coffee/Documents/Studium/TU/bachelorarbeit/tuw_hardware_interface/src/tuw_hardware_trinamic_driver/src/tuw_hardware_trinamic_connection.cpp:139:28:[m[K [01;31m[Kerror: [m[Kcannot convert ‘[01m[Kstd::array<unsigned char, 9>[m[K’ to ‘[01m[Kconst void*[m[K’
[0.967s]   139 |         write(serial_port, [01;31m[Kcommand_message[m[K, 9);
[0.967s]       |                            [01;31m[K^~~~~~~~~~~~~~~[m[K
[0.967s]       |                            [01;31m[K|[m[K
[0.967s]       |                            [01;31m[Kstd::array<unsigned char, 9>[m[K
[0.967s] In file included from [01m[K/home/coffee/Documents/Studium/TU/bachelorarbeit/tuw_hardware_interface/src/tuw_hardware_trinamic_driver/include/tuw_hardware_trinamic_driver/tuw_hardware_trinamic_connection.hpp:10[m[K:
[0.967s] [01m[K/usr/include/unistd.h:378:45:[m[K [01;36m[Knote: [m[K  initializing argument 2 of ‘[01m[Kssize_t[01;32m[K write[m[K(int, const void*, size_t)[m[K’
[0.967s]   378 | extern ssize_t write (int __fd, [01;36m[Kconst void *__buf[m[K, size_t __n) __wur
[0.968s]       |                                 [01;36m[K~~~~~~~~~~~~^~~~~[m[K
[0.968s] [01m[K/home/coffee/Documents/Studium/TU/bachelorarbeit/tuw_hardware_interface/src/tuw_hardware_trinamic_driver/src/tuw_hardware_trinamic_connection.cpp:142:43:[m[K [01;31m[Kerror: [m[Kcannot convert ‘[01m[Kstd::array<unsigned char, 9>[m[K’ to ‘[01m[Kvoid*[m[K’
[0.968s]   142 |         int num_bytes = read(serial_port, [01;31m[Kreply_message[m[K, 9);
[0.968s]       |                                           [01;31m[K^~~~~~~~~~~~~[m[K
[0.968s]       |                                           [01;31m[K|[m[K
[0.968s]       |                                           [01;31m[Kstd::array<unsigned char, 9>[m[K
[0.968s] [01m[K/usr/include/unistd.h:371:38:[m[K [01;36m[Knote: [m[K  initializing argument 2 of ‘[01m[Kssize_t[01;32m[K read[m[K(int, void*, size_t)[m[K’
[0.968s]   371 | extern ssize_t read (int __fd, [01;36m[Kvoid *__buf[m[K, size_t __nbytes) __wur
[0.968s]       |                                [01;36m[K~~~~~~^~~~~[m[K
[0.968s] [01m[K/home/coffee/Documents/Studium/TU/bachelorarbeit/tuw_hardware_interface/src/tuw_hardware_trinamic_driver/src/tuw_hardware_trinamic_connection.cpp:148:18:[m[K [01;35m[Kwarning: [m[Kstatement has no effect [[01;35m[K]8;;https://gcc.gnu.org/onlinedocs/gcc/Warning-Options.html#index-Wunused-value-Wunused-value]8;;[m[K]
[0.968s]   148 |         else true[01;35m[K;[m[K
[0.969s]       |                  [01;35m[K^[m[K
[0.969s] [01m[K/home/coffee/Documents/Studium/TU/bachelorarbeit/tuw_hardware_interface/src/tuw_hardware_trinamic_driver/src/tuw_hardware_trinamic_connection.cpp:[m[K In member function ‘[01m[Ktmcm1640::tmcm1640_status_codes tmcm1640::TMCM1640Connection::[01;32m[Kcheck_reply[m[K()[m[K’:
[0.969s] [01m[K/home/coffee/Documents/Studium/TU/bachelorarbeit/tuw_hardware_interface/src/tuw_hardware_trinamic_driver/src/tuw_hardware_trinamic_connection.cpp:164:44:[m[K [01;31m[Kerror: [m[Kno match for ‘[01m[Koperator[][m[K’ (operand types are ‘[01m[Kstd::array<unsigned char, 9>[m[K’ and ‘[01m[Ktmcm1640::tmcm1640_reply_format[m[K’)
[0.969s]   164 |         if(!(calc_checksum == reply_message[01;31m[K[[m[Ktmcm1640_reply_format::CHECKSUM])) {
[0.969s]       |                                            [01;31m[K^[m[K
[0.969s] [01m[K/usr/include/c++/13/array:200:7:[m[K [01;36m[Knote: [m[Kcandidate: ‘[01m[Kconstexpr std::array<_Tp, _Nm>::value_type& std::array<_Tp, _Nm>::[01;32m[Koperator[][m[K(size_type) [35m[K[with _Tp = unsigned char; long unsigned int _Nm = 9; reference = unsigned char&; size_type = long unsigned int][m[K[m[K’
[0.969s]   200 |       [01;36m[Koperator[m[K[](size_type __n) noexcept
[0.969s]       |       [01;36m[K^~~~~~~~[m[K
[0.969s] [01m[K/usr/include/c++/13/array:200:28:[m[K [01;36m[Knote: [m[K  no known conversion for argument 1 from ‘[01m[Ktmcm1640::tmcm1640_reply_format[m[K’ to ‘[01m[Kstd::array<unsigned char, 9>::size_type[m[K’ {aka ‘[01m[Klong unsigned int[m[K’}
[0.970s]   200 |       operator[]([01;36m[Ksize_type __n[m[K) noexcept
[0.970s]       |                  [01;36m[K~~~~~~~~~~^~~[m[K
[0.970s] [01m[K/usr/include/c++/13/array:208:7:[m[K [01;36m[Knote: [m[Kcandidate: ‘[01m[Kconstexpr const std::array<_Tp, _Nm>::value_type& std::array<_Tp, _Nm>::[01;32m[Koperator[][m[K(size_type) const [35m[K[with _Tp = unsigned char; long unsigned int _Nm = 9; const_reference = const unsigned char&; size_type = long unsigned int][m[K[m[K’
[0.970s]   208 |       [01;36m[Koperator[m[K[](size_type __n) const noexcept
[0.970s]       |       [01;36m[K^~~~~~~~[m[K
[0.970s] [01m[K/usr/include/c++/13/array:208:28:[m[K [01;36m[Knote: [m[K  no known conversion for argument 1 from ‘[01m[Ktmcm1640::tmcm1640_reply_format[m[K’ to ‘[01m[Kstd::array<unsigned char, 9>::size_type[m[K’ {aka ‘[01m[Klong unsigned int[m[K’}
[0.970s]   208 |       operator[]([01;36m[Ksize_type __n[m[K) const noexcept
[0.970s]       |                  [01;36m[K~~~~~~~~~~^~~[m[K
[0.970s] [01m[K/home/coffee/Documents/Studium/TU/bachelorarbeit/tuw_hardware_interface/src/tuw_hardware_trinamic_driver/src/tuw_hardware_trinamic_connection.cpp:171:29:[m[K [01;31m[Kerror: [m[Kno match for ‘[01m[Koperator[][m[K’ (operand types are ‘[01m[Kstd::array<unsigned char, 9>[m[K’ and ‘[01m[Ktmcm1640::tmcm1640_reply_format[m[K’)
[0.970s]   171 |         return reply_message[01;31m[K[[m[Ktmcm1640_reply_format::STATUS];
[0.971s]       |                             [01;31m[K^[m[K
[0.971s] [01m[K/usr/include/c++/13/array:200:7:[m[K [01;36m[Knote: [m[Kcandidate: ‘[01m[Kconstexpr std::array<_Tp, _Nm>::value_type& std::array<_Tp, _Nm>::[01;32m[Koperator[][m[K(size_type) [35m[K[with _Tp = unsigned char; long unsigned int _Nm = 9; reference = unsigned char&; size_type = long unsigned int][m[K[m[K’
[0.971s]   200 |       [01;36m[Koperator[m[K[](size_type __n) noexcept
[0.971s]       |       [01;36m[K^~~~~~~~[m[K
[0.971s] [01m[K/usr/include/c++/13/array:200:28:[m[K [01;36m[Knote: [m[K  no known conversion for argument 1 from ‘[01m[Ktmcm1640::tmcm1640_reply_format[m[K’ to ‘[01m[Kstd::array<unsigned char, 9>::size_type[m[K’ {aka ‘[01m[Klong unsigned int[m[K’}
[0.971s]   200 |       operator[]([01;36m[Ksize_type __n[m[K) noexcept
[0.971s]       |                  [01;36m[K~~~~~~~~~~^~~[m[K
[0.971s] [01m[K/usr/include/c++/13/array:208:7:[m[K [01;36m[Knote: [m[Kcandidate: ‘[01m[Kconstexpr const std::array<_Tp, _Nm>::value_type& std::array<_Tp, _Nm>::[01;32m[Koperator[][m[K(size_type) const [35m[K[with _Tp = unsigned char; long unsigned int _Nm = 9; const_reference = const unsigned char&; size_type = long unsigned int][m[K[m[K’
[0.971s]   208 |       [01;36m[Koperator[m[K[](size_type __n) const noexcept
[0.971s]       |       [01;36m[K^~~~~~~~[m[K
[0.971s] [01m[K/usr/include/c++/13/array:208:28:[m[K [01;36m[Knote: [m[K  no known conversion for argument 1 from ‘[01m[Ktmcm1640::tmcm1640_reply_format[m[K’ to ‘[01m[Kstd::array<unsigned char, 9>::size_type[m[K’ {aka ‘[01m[Klong unsigned int[m[K’}
[0.972s]   208 |       operator[]([01;36m[Ksize_type __n[m[K) const noexcept
[0.972s]       |                  [01;36m[K~~~~~~~~~~^~~[m[K
[0.972s] [01m[K/home/coffee/Documents/Studium/TU/bachelorarbeit/tuw_hardware_interface/src/tuw_hardware_trinamic_driver/src/tuw_hardware_trinamic_connection.cpp:[m[K In member function ‘[01m[Kvoid tmcm1640::TMCM1640Connection::[01;32m[Kset_value[m[K()[m[K’:
[0.972s] [01m[K/home/coffee/Documents/Studium/TU/bachelorarbeit/tuw_hardware_interface/src/tuw_hardware_trinamic_driver/src/tuw_hardware_trinamic_connection.cpp:175:31:[m[K [01;31m[Kerror: [m[Kno match for ‘[01m[Koperator[][m[K’ (operand types are ‘[01m[Kstd::array<unsigned char, 9>[m[K’ and ‘[01m[Ktmcm1640::tmcm1640_reply_format[m[K’)
[0.972s]   175 |         value = (reply_message[01;31m[K[[m[Ktmcm1640_reply_format::VALUE3] << 24 |
[0.972s]       |                               [01;31m[K^[m[K
[0.972s] [01m[K/usr/include/c++/13/array:200:7:[m[K [01;36m[Knote: [m[Kcandidate: ‘[01m[Kconstexpr std::array<_Tp, _Nm>::value_type& std::array<_Tp, _Nm>::[01;32m[Koperator[][m[K(size_type) [35m[K[with _Tp = unsigned char; long unsigned int _Nm = 9; reference = unsigned char&; size_type = long unsigned int][m[K[m[K’
[0.972s]   200 |       [01;36m[Koperator[m[K[](size_type __n) noexcept
[0.972s]       |       [01;36m[K^~~~~~~~[m[K
[0.972s] [01m[K/usr/include/c++/13/array:200:28:[m[K [01;36m[Knote: [m[K  no known conversion for argument 1 from ‘[01m[Ktmcm1640::tmcm1640_reply_format[m[K’ to ‘[01m[Kstd::array<unsigned char, 9>::size_type[m[K’ {aka ‘[01m[Klong unsigned int[m[K’}
[0.972s]   200 |       operator[]([01;36m[Ksize_type __n[m[K) noexcept
[0.973s]       |                  [01;36m[K~~~~~~~~~~^~~[m[K
[0.973s] [01m[K/usr/include/c++/13/array:208:7:[m[K [01;36m[Knote: [m[Kcandidate: ‘[01m[Kconstexpr const std::array<_Tp, _Nm>::value_type& std::array<_Tp, _Nm>::[01;32m[Koperator[][m[K(size_type) const [35m[K[with _Tp = unsigned char; long unsigned int _Nm = 9; const_reference = const unsigned char&; size_type = long unsigned int][m[K[m[K’
[0.973s]   208 |       [01;36m[Koperator[m[K[](size_type __n) const noexcept
[0.973s]       |       [01;36m[K^~~~~~~~[m[K
[0.973s] [01m[K/usr/include/c++/13/array:208:28:[m[K [01;36m[Knote: [m[K  no known conversion for argument 1 from ‘[01m[Ktmcm1640::tmcm1640_reply_format[m[K’ to ‘[01m[Kstd::array<unsigned char, 9>::size_type[m[K’ {aka ‘[01m[Klong unsigned int[m[K’}
[0.973s]   208 |       operator[]([01;36m[Ksize_type __n[m[K) const noexcept
[0.973s]       |                  [01;36m[K~~~~~~~~~~^~~[m[K
[0.973s] [01m[K/home/coffee/Documents/Studium/TU/bachelorarbeit/tuw_hardware_interface/src/tuw_hardware_trinamic_driver/src/tuw_hardware_trinamic_connection.cpp:176:31:[m[K [01;31m[Kerror: [m[Kno match for ‘[01m[Koperator[][m[K’ (operand types are ‘[01m[Kstd::array<unsigned char, 9>[m[K’ and ‘[01m[Ktmcm1640::tmcm1640_reply_format[m[K’)
[0.973s]   176 |                  reply_message[01;31m[K[[m[Ktmcm1640_reply_format::VALUE2] << 16 |
[0.973s]       |                               [01;31m[K^[m[K
[0.974s] [01m[K/usr/include/c++/13/array:200:7:[m[K [01;36m[Knote: [m[Kcandidate: ‘[01m[Kconstexpr std::array<_Tp, _Nm>::value_type& std::array<_Tp, _Nm>::[01;32m[Koperator[][m[K(size_type) [35m[K[with _Tp = unsigned char; long unsigned int _Nm = 9; reference = unsigned char&; size_type = long unsigned int][m[K[m[K’
[0.974s]   200 |       [01;36m[Koperator[m[K[](size_type __n) noexcept
[0.974s]       |       [01;36m[K^~~~~~~~[m[K
[0.974s] [01m[K/usr/include/c++/13/array:200:28:[m[K [01;36m[Knote: [m[K  no known conversion for argument 1 from ‘[01m[Ktmcm1640::tmcm1640_reply_format[m[K’ to ‘[01m[Kstd::array<unsigned char, 9>::size_type[m[K’ {aka ‘[01m[Klong unsigned int[m[K’}
[0.974s]   200 |       operator[]([01;36m[Ksize_type __n[m[K) noexcept
[0.974s]       |                  [01;36m[K~~~~~~~~~~^~~[m[K
[0.974s] [01m[K/usr/include/c++/13/array:208:7:[m[K [01;36m[Knote: [m[Kcandidate: ‘[01m[Kconstexpr const std::array<_Tp, _Nm>::value_type& std::array<_Tp, _Nm>::[01;32m[Koperator[][m[K(size_type) const [35m[K[with _Tp = unsigned char; long unsigned int _Nm = 9; const_reference = const unsigned char&; size_type = long unsigned int][m[K[m[K’
[0.974s]   208 |       [01;36m[Koperator[m[K[](size_type __n) const noexcept
[0.974s]       |       [01;36m[K^~~~~~~~[m[K
[0.974s] [01m[K/usr/include/c++/13/array:208:28:[m[K [01;36m[Knote: [m[K  no known conversion for argument 1 from ‘[01m[Ktmcm1640::tmcm1640_reply_format[m[K’ to ‘[01m[Kstd::array<unsigned char, 9>::size_type[m[K’ {aka ‘[01m[Klong unsigned int[m[K’}
[0.975s]   208 |       operator[]([01;36m[Ksize_type __n[m[K) const noexcept
[0.975s]       |                  [01;36m[K~~~~~~~~~~^~~[m[K
[0.975s] [01m[K/home/coffee/Documents/Studium/TU/bachelorarbeit/tuw_hardware_interface/src/tuw_hardware_trinamic_driver/src/tuw_hardware_trinamic_connection.cpp:177:31:[m[K [01;31m[Kerror: [m[Kno match for ‘[01m[Koperator[][m[K’ (operand types are ‘[01m[Kstd::array<unsigned char, 9>[m[K’ and ‘[01m[Ktmcm1640::tmcm1640_reply_format[m[K’)
[0.975s]   177 |                  reply_message[01;31m[K[[m[Ktmcm1640_reply_format::VALUE1] << 8  |
[0.975s]       |                               [01;31m[K^[m[K
[0.975s] [01m[K/usr/include/c++/13/array:200:7:[m[K [01;36m[Knote: [m[Kcandidate: ‘[01m[Kconstexpr std::array<_Tp, _Nm>::value_type& std::array<_Tp, _Nm>::[01;32m[Koperator[][m[K(size_type) [35m[K[with _Tp = unsigned char; long unsigned int _Nm = 9; reference = unsigned char&; size_type = long unsigned int][m[K[m[K’
[0.975s]   200 |       [01;36m[Koperator[m[K[](size_type __n) noexcept
[0.975s]       |       [01;36m[K^~~~~~~~[m[K
[0.975s] [01m[K/usr/include/c++/13/array:200:28:[m[K [01;36m[Knote: [m[K  no known conversion for argument 1 from ‘[01m[Ktmcm1640::tmcm1640_reply_format[m[K’ to ‘[01m[Kstd::array<unsigned char, 9>::size_type[m[K’ {aka ‘[01m[Klong unsigned int[m[K’}
[0.975s]   200 |       operator[]([01;36m[Ksize_type __n[m[K) noexcept
[0.976s]       |                  [01;36m[K~~~~~~~~~~^~~[m[K
[0.976s] [01m[K/usr/include/c++/13/array:208:7:[m[K [01;36m[Knote: [m[Kcandidate: ‘[01m[Kconstexpr const std::array<_Tp, _Nm>::value_type& std::array<_Tp, _Nm>::[01;32m[Koperator[][m[K(size_type) const [35m[K[with _Tp = unsigned char; long unsigned int _Nm = 9; const_reference = const unsigned char&; size_type = long unsigned int][m[K[m[K’
[0.976s]   208 |       [01;36m[Koperator[m[K[](size_type __n) const noexcept
[0.976s]       |       [01;36m[K^~~~~~~~[m[K
[0.976s] [01m[K/usr/include/c++/13/array:208:28:[m[K [01;36m[Knote: [m[K  no known conversion for argument 1 from ‘[01m[Ktmcm1640::tmcm1640_reply_format[m[K’ to ‘[01m[Kstd::array<unsigned char, 9>::size_type[m[K’ {aka ‘[01m[Klong unsigned int[m[K’}
[0.976s]   208 |       operator[]([01;36m[Ksize_type __n[m[K) const noexcept
[0.976s]       |                  [01;36m[K~~~~~~~~~~^~~[m[K
[0.976s] [01m[K/home/coffee/Documents/Studium/TU/bachelorarbeit/tuw_hardware_interface/src/tuw_hardware_trinamic_driver/src/tuw_hardware_trinamic_connection.cpp:178:31:[m[K [01;31m[Kerror: [m[Kno match for ‘[01m[Koperator[][m[K’ (operand types are ‘[01m[Kstd::array<unsigned char, 9>[m[K’ and ‘[01m[Ktmcm1640::tmcm1640_reply_format[m[K’)
[0.976s]   178 |                  reply_message[01;31m[K[[m[Ktmcm1640_reply_format::VALUE0]);
[0.976s]       |                               [01;31m[K^[m[K
[0.976s] [01m[K/usr/include/c++/13/array:200:7:[m[K [01;36m[Knote: [m[Kcandidate: ‘[01m[Kconstexpr std::array<_Tp, _Nm>::value_type& std::array<_Tp, _Nm>::[01;32m[Koperator[][m[K(size_type) [35m[K[with _Tp = unsigned char; long unsigned int _Nm = 9; reference = unsigned char&; size_type = long unsigned int][m[K[m[K’
[0.977s]   200 |       [01;36m[Koperator[m[K[](size_type __n) noexcept
[0.977s]       |       [01;36m[K^~~~~~~~[m[K
[0.977s] [01m[K/usr/include/c++/13/array:200:28:[m[K [01;36m[Knote: [m[K  no known conversion for argument 1 from ‘[01m[Ktmcm1640::tmcm1640_reply_format[m[K’ to ‘[01m[Kstd::array<unsigned char, 9>::size_type[m[K’ {aka ‘[01m[Klong unsigned int[m[K’}
[0.977s]   200 |       operator[]([01;36m[Ksize_type __n[m[K) noexcept
[0.977s]       |                  [01;36m[K~~~~~~~~~~^~~[m[K
[0.977s] [01m[K/usr/include/c++/13/array:208:7:[m[K [01;36m[Knote: [m[Kcandidate: ‘[01m[Kconstexpr const std::array<_Tp, _Nm>::value_type& std::array<_Tp, _Nm>::[01;32m[Koperator[][m[K(size_type) const [35m[K[with _Tp = unsigned char; long unsigned int _Nm = 9; const_reference = const unsigned char&; size_type = long unsigned int][m[K[m[K’
[0.977s]   208 |       [01;36m[Koperator[m[K[](size_type __n) const noexcept
[0.977s]       |       [01;36m[K^~~~~~~~[m[K
[0.977s] [01m[K/usr/include/c++/13/array:208:28:[m[K [01;36m[Knote: [m[K  no known conversion for argument 1 from ‘[01m[Ktmcm1640::tmcm1640_reply_format[m[K’ to ‘[01m[Kstd::array<unsigned char, 9>::size_type[m[K’ {aka ‘[01m[Klong unsigned int[m[K’}
[0.977s]   208 |       operator[]([01;36m[Ksize_type __n[m[K) const noexcept
[0.977s]       |                  [01;36m[K~~~~~~~~~~^~~[m[K
[1.020s] In file included from [01m[K/usr/include/boost/format.hpp:49[m[K,
[1.021s]                  from [01m[K/home/coffee/Documents/Studium/TU/bachelorarbeit/tuw_hardware_interface/src/tuw_hardware_trinamic_driver/src/tuw_hardware_trinamic_connection.cpp:3[m[K:
[1.021s] /usr/include/boost/format/feed_args.hpp: In instantiation of ‘[01m[Kvoid boost::io::detail::[01;32m[Kput_last[m[K(std::basic_ostream<_CharT, _Traits>&, const T&) [35m[K[with Ch = char; Tr = std::char_traits<char>; T = tmcm1640::tmcm1640_status_codes][m[K[m[K’:
[1.021s] [01m[K/usr/include/boost/format/feed_args.hpp:126:17:[m[K   required from ‘[01m[Kvoid boost::io::detail::[01;32m[Kcall_put_last[m[K(std::basic_ostream<_CharT, _Traits>&, const void*) [35m[K[with Ch = char; Tr = std::char_traits<char>; T = tmcm1640::tmcm1640_status_codes][m[K[m[K’
[1.022s] [01m[K/usr/include/boost/format/feed_args.hpp:135:22:[m[K   required from ‘[01m[Kboost::io::detail::put_holder<Ch, Tr>::[01;32m[Kput_holder[m[K(T&) [35m[K[with T = tmcm1640::tmcm1640_status_codes; Ch = char; Tr = std::char_traits<char>][m[K[m[K’
[1.022s] [01m[K/usr/include/boost/format/feed_args.hpp:313:74:[m[K   required from ‘[01m[Kboost::basic_format<Ch, Tr, Alloc>& boost::io::detail::[01;32m[Kfeed[m[K(boost::basic_format<Ch, Tr, Alloc>&, T) [35m[K[with Ch = char; Tr = std::char_traits<char>; Alloc = std::allocator<char>; T = tmcm1640::tmcm1640_status_codes&][m[K[m[K’
[1.022s] [01m[K/usr/include/boost/format/format_class.hpp:68:60:[m[K   required from ‘[01m[Kboost::basic_format<Ch, Tr, Alloc>& boost::basic_format<Ch, Tr, Alloc>::[01;32m[Koperator%[m[K(T&) [35m[K[with T = tmcm1640::tmcm1640_status_codes; Ch = char; Tr = std::char_traits<char>; Alloc = std::allocator<char>][m[K[m[K’
[1.022s] [01m[K/home/coffee/Documents/Studium/TU/bachelorarbeit/tuw_hardware_interface/src/tuw_hardware_trinamic_driver/src/tuw_hardware_trinamic_connection.cpp:121:77:[m[K   required from here
[1.022s] [01m[K/usr/include/boost/format/feed_args.hpp:99:12:[m[K [01;31m[Kerror: [m[Kno match for ‘[01m[Koperator<<[m[K’ (operand types are ‘[01m[Kstd::basic_ostream<char>[m[K’ and ‘[01m[Kconst tmcm1640::tmcm1640_status_codes[m[K’)
[1.022s]    99 |         [01;31m[Kos << x[m[K ;
[1.022s]       |         [01;31m[K~~~^~~~[m[K
[1.023s] In file included from [01m[K/usr/include/boost/format/detail/compat_workarounds.hpp:60[m[K,
[1.023s]                  from [01m[K/usr/include/boost/format.hpp:27[m[K:
[1.023s] [01m[K/usr/include/c++/13/ostream:110:7:[m[K [01;36m[Knote: [m[Kcandidate: ‘[01m[Kstd::basic_ostream<_CharT, _Traits>::__ostream_type& std::basic_ostream<_CharT, _Traits>::[01;32m[Koperator<<[m[K(__ostream_type& (*)(__ostream_type&)) [35m[K[with _CharT = char; _Traits = std::char_traits<char>; __ostream_type = std::basic_ostream<char>][m[K[m[K’
[1.023s]   110 |       [01;36m[Koperator[m[K<<(__ostream_type& (*__pf)(__ostream_type&))
[1.023s]       |       [01;36m[K^~~~~~~~[m[K
[1.023s] [01m[K/usr/include/c++/13/ostream:110:36:[m[K [01;36m[Knote: [m[K  no known conversion for argument 1 from ‘[01m[Kconst tmcm1640::tmcm1640_status_codes[m[K’ to ‘[01m[Kstd::basic_ostream<char>::__ostream_type& (*)(std::basic_ostream<char>::__ostream_type&)[m[K’ {aka ‘[01m[Kstd::basic_ostream<char>& (*)(std::basic_ostream<char>&)[m[K’}
[1.023s]   110 |       operator<<([01;36m[K__ostream_type& (*__pf)(__ostream_type&)[m[K)
[1.024s]       |                  [01;36m[K~~~~~~~~~~~~~~~~~~^~~~~~~~~~~~~~~~~~~~~~[m[K
[1.024s] [01m[K/usr/include/c++/13/ostream:119:7:[m[K [01;36m[Knote: [m[Kcandidate: ‘[01m[Kstd::basic_ostream<_CharT, _Traits>::__ostream_type& std::basic_ostream<_CharT, _Traits>::[01;32m[Koperator<<[m[K(__ios_type& (*)(__ios_type&)) [35m[K[with _CharT = char; _Traits = std::char_traits<char>; __ostream_type = std::basic_ostream<char>; __ios_type = std::basic_ios<char>][m[K[m[K’
[1.024s]   119 |       [01;36m[Koperator[m[K<<(__ios_type& (*__pf)(__ios_type&))
[1.024s]       |       [01;36m[K^~~~~~~~[m[K
[1.024s] [01m[K/usr/include/c++/13/ostream:119:32:[m[K [01;36m[Knote: [m[K  no known conversion for argument 1 from ‘[01m[Kconst tmcm1640::tmcm1640_status_codes[m[K’ to ‘[01m[Kstd::basic_ostream<char>::__ios_type& (*)(std::basic_ostream<char>::__ios_type&)[m[K’ {aka ‘[01m[Kstd::basic_ios<char>& (*)(std::basic_ios<char>&)[m[K’}
[1.024s]   119 |       operator<<([01;36m[K__ios_type& (*__pf)(__ios_type&)[m[K)
[1.024s]       |                  [01;36m[K~~~~~~~~~~~~~~^~~~~~~~~~~~~~~~~~[m[K
[1.024s] [01m[K/usr/include/c++/13/ostream:129:7:[m[K [01;36m[Knote: [m[Kcandidate: ‘[01m[Kstd::basic_ostream<_CharT, _Traits>::__ostream_type& std::basic_ostream<_CharT, _Traits>::[01;32m[Koperator<<[m[K(std::ios_base& (*)(std::ios_base&)) [35m[K[with _CharT = char; _Traits = std::char_traits<char>; __ostream_type = std::basic_ostream<char>][m[K[m[K’
[1.025s]   129 |       [01;36m[Koperator[m[K<<(ios_base& (*__pf) (ios_base&))
[1.025s]       |       [01;36m[K^~~~~~~~[m[K
[1.025s] [01m[K/usr/include/c++/13/ostream:129:30:[m[K [01;36m[Knote: [m[K  no known conversion for argument 1 from ‘[01m[Kconst tmcm1640::tmcm1640_status_codes[m[K’ to ‘[01m[Kstd::ios_base& (*)(std::ios_base&)[m[K’
[1.025s]   129 |       operator<<([01;36m[Kios_base& (*__pf) (ios_base&)[m[K)
[1.025s]       |                  [01;36m[K~~~~~~~~~~~~^~~~~~~~~~~~~~~~~[m[K
[1.025s] [01m[K/usr/include/c++/13/ostream:168:7:[m[K [01;36m[Knote: [m[Kcandidate: ‘[01m[Kstd::basic_ostream<_CharT, _Traits>::__ostream_type& std::basic_ostream<_CharT, _Traits>::[01;32m[Koperator<<[m[K(long int) [35m[K[with _CharT = char; _Traits = std::char_traits<char>; __ostream_type = std::basic_ostream<char>][m[K[m[K’
[1.025s]   168 |       [01;36m[Koperator[m[K<<(long __n)
[1.025s]       |       [01;36m[K^~~~~~~~[m[K
[1.026s] [01m[K/usr/include/c++/13/ostream:168:23:[m[K [01;36m[Knote: [m[K  no known conversion for argument 1 from ‘[01m[Kconst tmcm1640::tmcm1640_status_codes[m[K’ to ‘[01m[Klong int[m[K’
[1.026s]   168 |       operator<<([01;36m[Klong __n[m[K)
[1.026s]       |                  [01;36m[K~~~~~^~~[m[K
[1.026s] [01m[K/usr/include/c++/13/ostream:172:7:[m[K [01;36m[Knote: [m[Kcandidate: ‘[01m[Kstd::basic_ostream<_CharT, _Traits>::__ostream_type& std::basic_ostream<_CharT, _Traits>::[01;32m[Koperator<<[m[K(long unsigned int) [35m[K[with _CharT = char; _Traits = std::char_traits<char>; __ostream_type = std::basic_ostream<char>][m[K[m[K’
[1.026s]   172 |       [01;36m[Koperator[m[K<<(unsigned long __n)
[1.026s]       |       [01;36m[K^~~~~~~~[m[K
[1.026s] [01m[K/usr/include/c++/13/ostream:172:32:[m[K [01;36m[Knote: [m[K  no known conversion for argument 1 from ‘[01m[Kconst tmcm1640::tmcm1640_status_codes[m[K’ to ‘[01m[Klong unsigned int[m[K’
[1.026s]   172 |       operator<<([01;36m[Kunsigned long __n[m[K)
[1.027s]       |                  [01;36m[K~~~~~~~~~~~~~~^~~[m[K
[1.027s] [01m[K/usr/include/c++/13/ostream:176:7:[m[K [01;36m[Knote: [m[Kcandidate: ‘[01m[Kstd::basic_ostream<_CharT, _Traits>::__ostream_type& std::basic_ostream<_CharT, _Traits>::[01;32m[Koperator<<[m[K(bool) [35m[K[with _CharT = char; _Traits = std::char_traits<char>; __ostream_type = std::basic_ostream<char>][m[K[m[K’
[1.027s]   176 |       [01;36m[Koperator[m[K<<(bool __n)
[1.027s]       |       [01;36m[K^~~~~~~~[m[K
[1.027s] [01m[K/usr/include/c++/13/ostream:176:23:[m[K [01;36m[Knote: [m[K  no known conversion for argument 1 from ‘[01m[Kconst tmcm1640::tmcm1640_status_codes[m[K’ to ‘[01m[Kbool[m[K’
[1.027s]   176 |       operator<<([01;36m[Kbool __n[m[K)
[1.027s]       |                  [01;36m[K~~~~~^~~[m[K
[1.027s] In file included from [01m[K/usr/include/c++/13/ostream:880[m[K:
[1.028s] [01m[K/usr/include/c++/13/bits/ostream.tcc:96:5:[m[K [01;36m[Knote: [m[Kcandidate: ‘[01m[Kstd::basic_ostream<_CharT, _Traits>& std::basic_ostream<_CharT, _Traits>::[01;32m[Koperator<<[m[K(short int) [35m[K[with _CharT = char; _Traits = std::char_traits<char>][m[K[m[K’
[1.028s]    96 |     [01;36m[Kbasic_ostream<_CharT, _Traits>[m[K::
[1.028s]       |     [01;36m[K^~~~~~~~~~~~~~~~~~~~~~~~~~~~~~[m[K
[1.028s] [01m[K/usr/include/c++/13/bits/ostream.tcc:97:22:[m[K [01;36m[Knote: [m[K  no known conversion for argument 1 from ‘[01m[Kconst tmcm1640::tmcm1640_status_codes[m[K’ to ‘[01m[Kshort int[m[K’
[1.028s]    97 |     operator<<([01;36m[Kshort __n[m[K)
[1.028s]       |                [01;36m[K~~~~~~^~~[m[K
[1.028s] [01m[K/usr/include/c++/13/ostream:183:7:[m[K [01;36m[Knote: [m[Kcandidate: ‘[01m[Kstd::basic_ostream<_CharT, _Traits>::__ostream_type& std::basic_ostream<_CharT, _Traits>::[01;32m[Koperator<<[m[K(short unsigned int) [35m[K[with _CharT = char; _Traits = std::char_traits<char>; __ostream_type = std::basic_ostream<char>][m[K[m[K’
[1.028s]   183 |       [01;36m[Koperator[m[K<<(unsigned short __n)
[1.029s]       |       [01;36m[K^~~~~~~~[m[K
[1.029s] [01m[K/usr/include/c++/13/ostream:183:33:[m[K [01;36m[Knote: [m[K  no known conversion for argument 1 from ‘[01m[Kconst tmcm1640::tmcm1640_status_codes[m[K’ to ‘[01m[Kshort unsigned int[m[K’
[1.029s]   183 |       operator<<([01;36m[Kunsigned short __n[m[K)
[1.029s]       |                  [01;36m[K~~~~~~~~~~~~~~~^~~[m[K
[1.029s] [01m[K/usr/include/c++/13/bits/ostream.tcc:110:5:[m[K [01;36m[Knote: [m[Kcandidate: ‘[01m[Kstd::basic_ostream<_CharT, _Traits>& std::basic_ostream<_CharT, _Traits>::[01;32m[Koperator<<[m[K(int) [35m[K[with _CharT = char; _Traits = std::char_traits<char>][m[K[m[K’
[1.029s]   110 |     [01;36m[Kbasic_ostream<_CharT, _Traits>[m[K::
[1.029s]       |     [01;36m[K^~~~~~~~~~~~~~~~~~~~~~~~~~~~~~[m[K
[1.029s] [01m[K/usr/include/c++/13/bits/ostream.tcc:111:20:[m[K [01;36m[Knote: [m[K  no known conversion for argument 1 from ‘[01m[Kconst tmcm1640::tmcm1640_status_codes[m[K’ to ‘[01m[Kint[m[K’
[1.030s]   111 |     operator<<([01;36m[Kint __n[m[K)
[1.030s]       |                [01;36m[K~~~~^~~[m[K
[1.030s] [01m[K/usr/include/c++/13/ostream:194:7:[m[K [01;36m[Knote: [m[Kcandidate: ‘[01m[Kstd::basic_ostream<_CharT, _Traits>::__ostream_type& std::basic_ostream<_CharT, _Traits>::[01;32m[Koperator<<[m[K(unsigned int) [35m[K[with _CharT = char; _Traits = std::char_traits<char>; __ostream_type = std::basic_ostream<char>][m[K[m[K’
[1.030s]   194 |       [01;36m[Koperator[m[K<<(unsigned int __n)
[1.030s]       |       [01;36m[K^~~~~~~~[m[K
[1.030s] [01m[K/usr/include/c++/13/ostream:194:31:[m[K [01;36m[Knote: [m[K  no known conversion for argument 1 from ‘[01m[Kconst tmcm1640::tmcm1640_status_codes[m[K’ to ‘[01m[Kunsigned int[m[K’
[1.030s]   194 |       operator<<([01;36m[Kunsigned int __n[m[K)
[1.031s]       |                  [01;36m[K~~~~~~~~~~~~~^~~[m[K
[1.031s] [01m[K/usr/include/c++/13/ostream:203:7:[m[K [01;36m[Knote: [m[Kcandidate: ‘[01m[Kstd::basic_ostream<_CharT, _Traits>::__ostream_type& std::basic_ostream<_CharT, _Traits>::[01;32m[Koperator<<[m[K(long long int) [35m[K[with _CharT = char; _Traits = std::char_traits<char>; __ostream_type = std::basic_ostream<char>][m[K[m[K’
[1.031s]   203 |       [01;36m[Koperator[m[K<<(long long __n)
[1.031s]       |       [01;36m[K^~~~~~~~[m[K
[1.031s] [01m[K/usr/include/c++/13/ostream:203:28:[m[K [01;36m[Knote: [m[K  no known conversion for argument 1 from ‘[01m[Kconst tmcm1640::tmcm1640_status_codes[m[K’ to ‘[01m[Klong long int[m[K’
[1.031s]   203 |       operator<<([01;36m[Klong long __n[m[K)
[1.032s]       |                  [01;36m[K~~~~~~~~~~^~~[m[K
[1.032s] [01m[K/usr/include/c++/13/ostream:207:7:[m[K [01;36m[Knote: [m[Kcandidate: ‘[01m[Kstd::basic_ostream<_CharT, _Traits>::__ostream_type& std::basic_ostream<_CharT, _Traits>::[01;32m[Koperator<<[m[K(long long unsigned int) [35m[K[with _CharT = char; _Traits = std::char_traits<char>; __ostream_type = std::basic_ostream<char>][m[K[m[K’
[1.033s]   207 |       [01;36m[Koperator[m[K<<(unsigned long long __n)
[1.033s]       |       [01;36m[K^~~~~~~~[m[K
[1.033s] [01m[K/usr/include/c++/13/ostream:207:37:[m[K [01;36m[Knote: [m[K  no known conversion for argument 1 from ‘[01m[Kconst tmcm1640::tmcm1640_status_codes[m[K’ to ‘[01m[Klong long unsigned int[m[K’
[1.033s]   207 |       operator<<([01;36m[Kunsigned long long __n[m[K)
[1.034s]       |                  [01;36m[K~~~~~~~~~~~~~~~~~~~^~~[m[K
[1.034s] [01m[K/usr/include/c++/13/ostream:222:7:[m[K [01;36m[Knote: [m[Kcandidate: ‘[01m[Kstd::basic_ostream<_CharT, _Traits>::__ostream_type& std::basic_ostream<_CharT, _Traits>::[01;32m[Koperator<<[m[K(double) [35m[K[with _CharT = char; _Traits = std::char_traits<char>; __ostream_type = std::basic_ostream<char>][m[K[m[K’
[1.034s]   222 |       [01;36m[Koperator[m[K<<(double __f)
[1.034s]       |       [01;36m[K^~~~~~~~[m[K
[1.034s] [01m[K/usr/include/c++/13/ostream:222:25:[m[K [01;36m[Knote: [m[K  no known conversion for argument 1 from ‘[01m[Kconst tmcm1640::tmcm1640_status_codes[m[K’ to ‘[01m[Kdouble[m[K’
[1.034s]   222 |       operator<<([01;36m[Kdouble __f[m[K)
[1.035s]       |                  [01;36m[K~~~~~~~^~~[m[K
[1.035s] [01m[K/usr/include/c++/13/ostream:226:7:[m[K [01;36m[Knote: [m[Kcandidate: ‘[01m[Kstd::basic_ostream<_CharT, _Traits>::__ostream_type& std::basic_ostream<_CharT, _Traits>::[01;32m[Koperator<<[m[K(float) [35m[K[with _CharT = char; _Traits = std::char_traits<char>; __ostream_type = std::basic_ostream<char>][m[K[m[K’
[1.035s]   226 |       [01;36m[Koperator[m[K<<(float __f)
[1.035s]       |       [01;36m[K^~~~~~~~[m[K
[1.035s] [01m[K/usr/include/c++/13/ostream:226:24:[m[K [01;36m[Knote: [m[K  no known conversion for argument 1 from ‘[01m[Kconst tmcm1640::tmcm1640_status_codes[m[K’ to ‘[01m[Kfloat[m[K’
[1.035s]   226 |       operator<<([01;36m[Kfloat __f[m[K)
[1.035s]       |                  [01;36m[K~~~~~~^~~[m[K
[1.036s] [01m[K/usr/include/c++/13/ostream:234:7:[m[K [01;36m[Knote: [m[Kcandidate: ‘[01m[Kstd::basic_ostream<_CharT, _Traits>::__ostream_type& std::basic_ostream<_CharT, _Traits>::[01;32m[Koperator<<[m[K(long double) [35m[K[with _CharT = char; _Traits = std::char_traits<char>; __ostream_type = std::basic_ostream<char>][m[K[m[K’
[1.036s]   234 |       [01;36m[Koperator[m[K<<(long double __f)
[1.036s]       |       [01;36m[K^~~~~~~~[m[K
[1.036s] [01m[K/usr/include/c++/13/ostream:234:30:[m[K [01;36m[Knote: [m[K  no known conversion for argument 1 from ‘[01m[Kconst tmcm1640::tmcm1640_status_codes[m[K’ to ‘[01m[Klong double[m[K’
[1.036s]   234 |       operator<<([01;36m[Klong double __f[m[K)
[1.036s]       |                  [01;36m[K~~~~~~~~~~~~^~~[m[K
[1.036s] [01m[K/usr/include/c++/13/ostream:292:7:[m[K [01;36m[Knote: [m[Kcandidate: ‘[01m[Kstd::basic_ostream<_CharT, _Traits>::__ostream_type& std::basic_ostream<_CharT, _Traits>::[01;32m[Koperator<<[m[K(const void*) [35m[K[with _CharT = char; _Traits = std::char_traits<char>; __ostream_type = std::basic_ostream<char>][m[K[m[K’
[1.037s]   292 |       [01;36m[Koperator[m[K<<(const void* __p)
[1.037s]       |       [01;36m[K^~~~~~~~[m[K
[1.037s] [01m[K/usr/include/c++/13/ostream:292:30:[m[K [01;36m[Knote: [m[K  no known conversion for argument 1 from ‘[01m[Kconst tmcm1640::tmcm1640_status_codes[m[K’ to ‘[01m[Kconst void*[m[K’
[1.037s]   292 |       operator<<([01;36m[Kconst void* __p[m[K)
[1.037s]       |                  [01;36m[K~~~~~~~~~~~~^~~[m[K
[1.037s] [01m[K/usr/include/c++/13/ostream:297:7:[m[K [01;36m[Knote: [m[Kcandidate: ‘[01m[Kstd::basic_ostream<_CharT, _Traits>::__ostream_type& std::basic_ostream<_CharT, _Traits>::[01;32m[Koperator<<[m[K(std::nullptr_t) [35m[K[with _CharT = char; _Traits = std::char_traits<char>; __ostream_type = std::basic_ostream<char>; std::nullptr_t = std::nullptr_t][m[K[m[K’
[1.037s]   297 |       [01;36m[Koperator[m[K<<(nullptr_t)
[1.038s]       |       [01;36m[K^~~~~~~~[m[K
[1.038s] [01m[K/usr/include/c++/13/ostream:297:18:[m[K [01;36m[Knote: [m[K  no known conversion for argument 1 from ‘[01m[Kconst tmcm1640::tmcm1640_status_codes[m[K’ to ‘[01m[Kstd::nullptr_t[m[K’
[1.038s]   297 |       operator<<([01;36m[Knullptr_t[m[K)
[1.038s]       |                  [01;36m[K^~~~~~~~~[m[K
[1.038s] [01m[K/usr/include/c++/13/bits/ostream.tcc:124:5:[m[K [01;36m[Knote: [m[Kcandidate: ‘[01m[Kstd::basic_ostream<_CharT, _Traits>& std::basic_ostream<_CharT, _Traits>::[01;32m[Koperator<<[m[K(__streambuf_type*) [35m[K[with _CharT = char; _Traits = std::char_traits<char>; __streambuf_type = std::basic_streambuf<char>][m[K[m[K’
[1.038s]   124 |     [01;36m[Kbasic_ostream<_CharT, _Traits>[m[K::
[1.038s]       |     [01;36m[K^~~~~~~~~~~~~~~~~~~~~~~~~~~~~~[m[K
[1.038s] [01m[K/usr/include/c++/13/bits/ostream.tcc:125:34:[m[K [01;36m[Knote: [m[K  no known conversion for argument 1 from ‘[01m[Kconst tmcm1640::tmcm1640_status_codes[m[K’ to ‘[01m[Kstd::basic_ostream<char>::__streambuf_type*[m[K’ {aka ‘[01m[Kstd::basic_streambuf<char>*[m[K’}
[1.039s]   125 |     operator<<([01;36m[K__streambuf_type* __sbin[m[K)
[1.039s]       |                [01;36m[K~~~~~~~~~~~~~~~~~~^~~~~~[m[K
[1.039s] In file included from [01m[K/usr/include/boost/format.hpp:48[m[K:
[1.039s] [01m[K/usr/include/boost/format/group.hpp:45:1:[m[K [01;36m[Knote: [m[Kcandidate: ‘[01m[Ktemplate<class Ch, class Tr> std::basic_ostream<_CharT, _Traits>& boost::io::detail::[01;32m[Koperator<<[m[K(std::basic_ostream<_CharT, _Traits>&, const group0&)[m[K’
[1.039s]    45 | [01;36m[Koperator[m[K << ( BOOST_IO_STD basic_ostream<Ch, Tr>& os,
[1.039s]       | [01;36m[K^~~~~~~~[m[K
[1.039s] [01m[K/usr/include/boost/format/group.hpp:45:1:[m[K [01;36m[Knote: [m[K  template argument deduction/substitution failed:
[1.040s] [01m[K/usr/include/boost/format/feed_args.hpp:99:12:[m[K [01;36m[Knote: [m[K  cannot convert ‘[01m[Kx[m[K’ (type ‘[01m[Kconst tmcm1640::tmcm1640_status_codes[m[K’) to type ‘[01m[Kconst boost::io::detail::group0&[m[K’
[1.040s]    99 |         [01;36m[Kos << x[m[K ;
[1.040s]       |         [01;36m[K~~~^~~~[m[K
[1.040s] [01m[K/usr/include/boost/format/group.hpp:65:1:[m[K [01;36m[Knote: [m[Kcandidate: ‘[01m[Ktemplate<class Ch, class Tr, class T1> std::basic_ostream<_CharT, _Traits>& boost::io::detail::[01;32m[Koperator<<[m[K(std::basic_ostream<_CharT, _Traits>&, const group1<T1>&)[m[K’
[1.040s]    65 | [01;36m[Koperator[m[K << (BOOST_IO_STD basic_ostream<Ch, Tr>& os,
[1.040s]       | [01;36m[K^~~~~~~~[m[K
[1.040s] [01m[K/usr/include/boost/format/group.hpp:65:1:[m[K [01;36m[Knote: [m[K  template argument deduction/substitution failed:
[1.040s] [01m[K/usr/include/boost/format/feed_args.hpp:99:12:[m[K [01;36m[Knote: [m[K  mismatched types ‘[01m[Kconst boost::io::detail::group1<T1>[m[K’ and ‘[01m[Kconst tmcm1640::tmcm1640_status_codes[m[K’
[1.041s]    99 |         [01;36m[Kos << x[m[K ;
[1.041s]       |         [01;36m[K~~~^~~~[m[K
[1.041s] [01m[K/usr/include/boost/format/group.hpp:90:1:[m[K [01;36m[Knote: [m[Kcandidate: ‘[01m[Ktemplate<class Ch, class Tr, class T1, class T2> std::basic_ostream<_CharT, _Traits>& boost::io::detail::[01;32m[Koperator<<[m[K(std::basic_ostream<_CharT, _Traits>&, const group2<T1, T2>&)[m[K’
[1.041s]    90 | [01;36m[Koperator[m[K << (BOOST_IO_STD basic_ostream<Ch, Tr>& os,
[1.041s]       | [01;36m[K^~~~~~~~[m[K
[1.041s] [01m[K/usr/include/boost/format/group.hpp:90:1:[m[K [01;36m[Knote: [m[K  template argument deduction/substitution failed:
[1.041s] [01m[K/usr/include/boost/format/feed_args.hpp:99:12:[m[K [01;36m[Knote: [m[K  mismatched types ‘[01m[Kconst boost::io::detail::group2<T1, T2>[m[K’ and ‘[01m[Kconst tmcm1640::tmcm1640_status_codes[m[K’
[1.041s]    99 |         [01;36m[Kos << x[m[K ;
[1.042s]       |         [01;36m[K~~~^~~~[m[K
[1.042s] [01m[K/usr/include/boost/format/group.hpp:113:1:[m[K [01;36m[Knote: [m[Kcandidate: ‘[01m[Ktemplate<class Ch, class Tr, class T1, class T2, class T3> std::basic_ostream<_CharT, _Traits>& boost::io::detail::[01;32m[Koperator<<[m[K(std::basic_ostream<_CharT, _Traits>&, const group3<T1, T2, T3>&)[m[K’
[1.042s]   113 | [01;36m[Koperator[m[K << (BOOST_IO_STD basic_ostream<Ch, Tr>& os,
[1.042s]       | [01;36m[K^~~~~~~~[m[K
[1.042s] [01m[K/usr/include/boost/format/group.hpp:113:1:[m[K [01;36m[Knote: [m[K  template argument deduction/substitution failed:
[1.042s] [01m[K/usr/include/boost/format/feed_args.hpp:99:12:[m[K [01;36m[Knote: [m[K  mismatched types ‘[01m[Kconst boost::io::detail::group3<T1, T2, T3>[m[K’ and ‘[01m[Kconst tmcm1640::tmcm1640_status_codes[m[K’
[1.042s]    99 |         [01;36m[Kos << x[m[K ;
[1.042s]       |         [01;36m[K~~~^~~~[m[K
[1.043s] [01m[K/usr/include/boost/format/group.hpp:137:1:[m[K [01;36m[Knote: [m[Kcandidate: ‘[01m[Ktemplate<class Ch, class Tr, class T1, class T2, class T3, class T4> std::basic_ostream<_CharT, _Traits>& boost::io::detail::[01;32m[Koperator<<[m[K(std::basic_ostream<_CharT, _Traits>&, const group4<T1, T2, T3, T4>&)[m[K’
[1.043s]   137 | [01;36m[Koperator[m[K << (BOOST_IO_STD basic_ostream<Ch, Tr>& os,
[1.043s]       | [01;36m[K^~~~~~~~[m[K
[1.043s] [01m[K/usr/include/boost/format/group.hpp:137:1:[m[K [01;36m[Knote: [m[K  template argument deduction/substitution failed:
[1.043s] [01m[K/usr/include/boost/format/feed_args.hpp:99:12:[m[K [01;36m[Knote: [m[K  mismatched types ‘[01m[Kconst boost::io::detail::group4<T1, T2, T3, T4>[m[K’ and ‘[01m[Kconst tmcm1640::tmcm1640_status_codes[m[K’
[1.043s]    99 |         [01;36m[Kos << x[m[K ;
[1.043s]       |         [01;36m[K~~~^~~~[m[K
[1.043s] [01m[K/usr/include/boost/format/group.hpp:160:1:[m[K [01;36m[Knote: [m[Kcandidate: ‘[01m[Ktemplate<class Ch, class Tr, class T1, class T2, class T3, class T4, class T5> std::basic_ostream<_CharT, _Traits>& boost::io::detail::[01;32m[Koperator<<[m[K(std::basic_ostream<_CharT, _Traits>&, const group5<T1, T2, T3, T4, T5>&)[m[K’
[1.044s]   160 | [01;36m[Koperator[m[K << (BOOST_IO_STD basic_ostream<Ch, Tr>& os,
[1.044s]       | [01;36m[K^~~~~~~~[m[K
[1.044s] [01m[K/usr/include/boost/format/group.hpp:160:1:[m[K [01;36m[Knote: [m[K  template argument deduction/substitution failed:
[1.044s] [01m[K/usr/include/boost/format/feed_args.hpp:99:12:[m[K [01;36m[Knote: [m[K  mismatched types ‘[01m[Kconst boost::io::detail::group5<T1, T2, T3, T4, T5>[m[K’ and ‘[01m[Kconst tmcm1640::tmcm1640_status_codes[m[K’
[1.044s]    99 |         [01;36m[Kos << x[m[K ;
[1.044s]       |         [01;36m[K~~~^~~~[m[K
[1.044s] [01m[K/usr/include/boost/format/group.hpp:184:1:[m[K [01;36m[Knote: [m[Kcandidate: ‘[01m[Ktemplate<class Ch, class Tr, class T1, class T2, class T3, class T4, class T5, class T6> std::basic_ostream<_CharT, _Traits>& boost::io::detail::[01;32m[Koperator<<[m[K(std::basic_ostream<_CharT, _Traits>&, const group6<T1, T2, T3, T4, T5, T6>&)[m[K’
[1.045s]   184 | [01;36m[Koperator[m[K << (BOOST_IO_STD basic_ostream<Ch, Tr>& os,
[1.045s]       | [01;36m[K^~~~~~~~[m[K
[1.045s] [01m[K/usr/include/boost/format/group.hpp:184:1:[m[K [01;36m[Knote: [m[K  template argument deduction/substitution failed:
[1.045s] [01m[K/usr/include/boost/format/feed_args.hpp:99:12:[m[K [01;36m[Knote: [m[K  mismatched types ‘[01m[Kconst boost::io::detail::group6<T1, T2, T3, T4, T5, T6>[m[K’ and ‘[01m[Kconst tmcm1640::tmcm1640_status_codes[m[K’
[1.045s]    99 |         [01;36m[Kos << x[m[K ;
[1.045s]       |         [01;36m[K~~~^~~~[m[K
[1.045s] [01m[K/usr/include/boost/format/group.hpp:209:1:[m[K [01;36m[Knote: [m[Kcandidate: ‘[01m[Ktemplate<class Ch, class Tr, class T1, class T2, class T3, class T4, class T5, class T6, class T7> std::basic_ostream<_CharT, _Traits>& boost::io::detail::[01;32m[Koperator<<[m[K(std::basic_ostream<_CharT, _Traits>&, const group7<T1, T2, T3, T4, T5, T6, T7>&)[m[K’
[1.045s]   209 | [01;36m[Koperator[m[K << (BOOST_IO_STD basic_ostream<Ch, Tr>& os,
[1.046s]       | [01;36m[K^~~~~~~~[m[K
[1.046s] [01m[K/usr/include/boost/format/group.hpp:209:1:[m[K [01;36m[Knote: [m[K  template argument deduction/substitution failed:
[1.046s] [01m[K/usr/include/boost/format/feed_args.hpp:99:12:[m[K [01;36m[Knote: [m[K  mismatched types ‘[01m[Kconst boost::io::detail::group7<T1, T2, T3, T4, T5, T6, T7>[m[K’ and ‘[01m[Kconst tmcm1640::tmcm1640_status_codes[m[K’
[1.046s]    99 |         [01;36m[Kos << x[m[K ;
[1.046s]       |         [01;36m[K~~~^~~~[m[K
[1.046s] [01m[K/usr/include/boost/format/group.hpp:235:1:[m[K [01;36m[Knote: [m[Kcandidate: ‘[01m[Ktemplate<class Ch, class Tr, class T1, class T2, class T3, class T4, class T5, class T6, class T7, class T8> std::basic_ostream<_CharT, _Traits>& boost::io::detail::[01;32m[Koperator<<[m[K(std::basic_ostream<_CharT, _Traits>&, const group8<T1, T2, T3, T4, T5, T6, T7, T8>&)[m[K’
[1.046s]   235 | [01;36m[Koperator[m[K << (BOOST_IO_STD basic_ostream<Ch, Tr>& os,
[1.046s]       | [01;36m[K^~~~~~~~[m[K
[1.047s] [01m[K/usr/include/boost/format/group.hpp:235:1:[m[K [01;36m[Knote: [m[K  template argument deduction/substitution failed:
[1.047s] [01m[K/usr/include/boost/format/feed_args.hpp:99:12:[m[K [01;36m[Knote: [m[K  mismatched types ‘[01m[Kconst boost::io::detail::group8<T1, T2, T3, T4, T5, T6, T7, T8>[m[K’ and ‘[01m[Kconst tmcm1640::tmcm1640_status_codes[m[K’
[1.047s]    99 |         [01;36m[Kos << x[m[K ;
[1.047s]       |         [01;36m[K~~~^~~~[m[K
[1.047s] [01m[K/usr/include/boost/format/group.hpp:262:1:[m[K [01;36m[Knote: [m[Kcandidate: ‘[01m[Ktemplate<class Ch, class Tr, class T1, class T2, class T3, class T4, class T5, class T6, class T7, class T8, class T9> std::basic_ostream<_CharT, _Traits>& boost::io::detail::[01;32m[Koperator<<[m[K(std::basic_ostream<_CharT, _Traits>&, const group9<T1, T2, T3, T4, T5, T6, T7, T8, T9>&)[m[K’
[1.047s]   262 | [01;36m[Koperator[m[K << (BOOST_IO_STD basic_ostream<Ch, Tr>& os,
[1.047s]       | [01;36m[K^~~~~~~~[m[K
[1.048s] [01m[K/usr/include/boost/format/group.hpp:262:1:[m[K [01;36m[Knote: [m[K  template argument deduction/substitution failed:
[1.048s] [01m[K/usr/include/boost/format/feed_args.hpp:99:12:[m[K [01;36m[Knote: [m[K  mismatched types ‘[01m[Kconst boost::io::detail::group9<T1, T2, T3, T4, T5, T6, T7, T8, T9>[m[K’ and ‘[01m[Kconst tmcm1640::tmcm1640_status_codes[m[K’
[1.048s]    99 |         [01;36m[Kos << x[m[K ;
[1.048s]       |         [01;36m[K~~~^~~~[m[K
[1.048s] [01m[K/usr/include/boost/format/group.hpp:290:1:[m[K [01;36m[Knote: [m[Kcandidate: ‘[01m[Ktemplate<class Ch, class Tr, class T1, class T2, class T3, class T4, class T5, class T6, class T7, class T8, class T9, class T10> std::basic_ostream<_CharT, _Traits>& boost::io::detail::[01;32m[Koperator<<[m[K(std::basic_ostream<_CharT, _Traits>&, const group10<T1, T2, T3, T4, T5, T6, T7, T8, T9, T10>&)[m[K’
[1.048s]   290 | [01;36m[Koperator[m[K << (BOOST_IO_STD basic_ostream<Ch, Tr>& os,
[1.048s]       | [01;36m[K^~~~~~~~[m[K
[1.048s] [01m[K/usr/include/boost/format/group.hpp:290:1:[m[K [01;36m[Knote: [m[K  template argument deduction/substitution failed:
[1.049s] [01m[K/usr/include/boost/format/feed_args.hpp:99:12:[m[K [01;36m[Knote: [m[K  mismatched types ‘[01m[Kconst boost::io::detail::group10<T1, T2, T3, T4, T5, T6, T7, T8, T9, T10>[m[K’ and ‘[01m[Kconst tmcm1640::tmcm1640_status_codes[m[K’
[1.049s]    99 |         [01;36m[Kos << x[m[K ;
[1.049s]       |         [01;36m[K~~~^~~~[m[K
[1.049s] In file included from [01m[K/usr/include/c++/13/bits/basic_string.h:47[m[K,
[1.049s]                  from [01m[K/usr/include/c++/13/string:54[m[K,
[1.050s]                  from [01m[K/home/coffee/Documents/Studium/TU/bachelorarbeit/tuw_hardware_interface/src/tuw_hardware_trinamic_driver/include/tuw_hardware_trinamic_driver/tuw_hardware_trinamic_connection.hpp:14[m[K:
[1.050s] [01m[K/usr/include/c++/13/string_view:761:5:[m[K [01;36m[Knote: [m[Kcandidate: ‘[01m[Ktemplate<class _CharT, class _Traits> std::basic_ostream<_CharT, _Traits>& std::[01;32m[Koperator<<[m[K(basic_ostream<_CharT, _Traits>&, basic_string_view<_CharT, _Traits>)[m[K’
[1.050s]   761 |     [01;36m[Koperator[m[K<<(basic_ostream<_CharT, _Traits>& __os,
[1.050s]       |     [01;36m[K^~~~~~~~[m[K
[1.050s] [01m[K/usr/include/c++/13/string_view:761:5:[m[K [01;36m[Knote: [m[K  template argument deduction/substitution failed:
[1.050s] [01m[K/usr/include/boost/format/feed_args.hpp:99:12:[m[K [01;36m[Knote: [m[K  mismatched types ‘[01m[Kstd::basic_string_view<_CharT, _Traits>[m[K’ and ‘[01m[Ktmcm1640::tmcm1640_status_codes[m[K’
[1.050s]    99 |         [01;36m[Kos << x[m[K ;
[1.050s]       |         [01;36m[K~~~^~~~[m[K
[1.050s] [01m[K/usr/include/c++/13/bits/basic_string.h:4032:5:[m[K [01;36m[Knote: [m[Kcandidate: ‘[01m[Ktemplate<class _CharT, class _Traits, class _Alloc> std::basic_ostream<_CharT, _Traits>& std::[01;32m[Koperator<<[m[K(basic_ostream<_CharT, _Traits>&, const __cxx11::basic_string<_CharT, _Traits, _Allocator>&)[m[K’
[1.050s]  4032 |     [01;36m[Koperator[m[K<<(basic_ostream<_CharT, _Traits>& __os,
[1.050s]       |     [01;36m[K^~~~~~~~[m[K
[1.050s] [01m[K/usr/include/c++/13/bits/basic_string.h:4032:5:[m[K [01;36m[Knote: [m[K  template argument deduction/substitution failed:
[1.051s] [01m[K/usr/include/boost/format/feed_args.hpp:99:12:[m[K [01;36m[Knote: [m[K  mismatched types ‘[01m[Kconst std::__cxx11::basic_string<_CharT, _Traits, _Allocator>[m[K’ and ‘[01m[Kconst tmcm1640::tmcm1640_status_codes[m[K’
[1.051s]    99 |         [01;36m[Kos << x[m[K ;
[1.051s]       |         [01;36m[K~~~^~~~[m[K
[1.051s] In file included from [01m[K/usr/include/c++/13/bits/memory_resource.h:38[m[K,
[1.051s]                  from [01m[K/usr/include/c++/13/string:58[m[K:
[1.051s] [01m[K/usr/include/c++/13/cstddef:124:5:[m[K [01;36m[Knote: [m[Kcandidate: ‘[01m[Ktemplate<class _IntegerType> constexpr std::__byte_op_t<_IntegerType> std::[01;32m[Koperator<<[m[K(byte, _IntegerType)[m[K’
[1.051s]   124 |     [01;36m[Koperator[m[K<<(byte __b, _IntegerType __shift) noexcept
[1.051s]       |     [01;36m[K^~~~~~~~[m[K
[1.051s] [01m[K/usr/include/c++/13/cstddef:124:5:[m[K [01;36m[Knote: [m[K  template argument deduction/substitution failed:
[1.051s] [01m[K/usr/include/boost/format/feed_args.hpp:99:12:[m[K [01;36m[Knote: [m[K  cannot convert ‘[01m[Kos[m[K’ (type ‘[01m[Kstd::basic_ostream<char>[m[K’) to type ‘[01m[Kstd::byte[m[K’
[1.051s]    99 |         [01;36m[Kos << x[m[K ;
[1.051s]       |         [01;36m[K~~~^~~~[m[K
[1.051s] In file included from [01m[K/usr/include/c++/13/bits/ios_base.h:46[m[K,
[1.051s]                  from [01m[K/usr/include/c++/13/bits/locale_facets.h:43[m[K,
[1.052s]                  from [01m[K/usr/include/c++/13/locale:42[m[K,
[1.052s]                  from [01m[K/usr/include/boost/format.hpp:23[m[K:
[1.052s] [01m[K/usr/include/c++/13/system_error:339:5:[m[K [01;36m[Knote: [m[Kcandidate: ‘[01m[Ktemplate<class _CharT, class _Traits> std::basic_ostream<_CharT, _Traits>& std::[01;32m[Koperator<<[m[K(basic_ostream<_CharT, _Traits>&, const error_code&)[m[K’
[1.052s]   339 |     [01;36m[Koperator[m[K<<(basic_ostream<_CharT, _Traits>& __os, const error_code& __e)
[1.052s]       |     [01;36m[K^~~~~~~~[m[K
[1.052s] [01m[K/usr/include/c++/13/system_error:339:5:[m[K [01;36m[Knote: [m[K  template argument deduction/substitution failed:
[1.052s] [01m[K/usr/include/boost/format/feed_args.hpp:99:12:[m[K [01;36m[Knote: [m[K  cannot convert ‘[01m[Kx[m[K’ (type ‘[01m[Kconst tmcm1640::tmcm1640_status_codes[m[K’) to type ‘[01m[Kconst std::error_code&[m[K’
[1.052s]    99 |         [01;36m[Kos << x[m[K ;
[1.052s]       |         [01;36m[K~~~^~~~[m[K
[1.052s] [01m[K/usr/include/c++/13/ostream:554:5:[m[K [01;36m[Knote: [m[Kcandidate: ‘[01m[Ktemplate<class _CharT, class _Traits> std::basic_ostream<_CharT, _Traits>& std::[01;32m[Koperator<<[m[K(basic_ostream<_CharT, _Traits>&, _CharT)[m[K’
[1.052s]   554 |     [01;36m[Koperator[m[K<<(basic_ostream<_CharT, _Traits>& __out, _CharT __c)
[1.052s]       |     [01;36m[K^~~~~~~~[m[K
[1.052s] [01m[K/usr/include/c++/13/ostream:554:5:[m[K [01;36m[Knote: [m[K  template argument deduction/substitution failed:
[1.052s] [01m[K/usr/include/boost/format/feed_args.hpp:99:12:[m[K [01;36m[Knote: [m[K  deduced conflicting types for parameter ‘[01m[K_CharT[m[K’ (‘[01m[Kchar[m[K’ and ‘[01m[Ktmcm1640::tmcm1640_status_codes[m[K’)
[1.053s]    99 |         [01;36m[Kos << x[m[K ;
[1.053s]       |         [01;36m[K~~~^~~~[m[K
[1.053s] [01m[K/usr/include/c++/13/ostream:564:5:[m[K [01;36m[Knote: [m[Kcandidate: ‘[01m[Ktemplate<class _CharT, class _Traits> std::basic_ostream<_CharT, _Traits>& std::[01;32m[Koperator<<[m[K(basic_ostream<_CharT, _Traits>&, char)[m[K’
[1.053s]   564 |     [01;36m[Koperator[m[K<<(basic_ostream<_CharT, _Traits>& __out, char __c)
[1.053s]       |     [01;36m[K^~~~~~~~[m[K
[1.053s] [01m[K/usr/include/c++/13/ostream:564:5:[m[K [01;36m[Knote: [m[K  template argument deduction/substitution failed:
[1.053s] [01m[K/usr/include/boost/format/feed_args.hpp:99:12:[m[K [01;36m[Knote: [m[K  cannot convert ‘[01m[Kx[m[K’ (type ‘[01m[Kconst tmcm1640::tmcm1640_status_codes[m[K’) to type ‘[01m[Kchar[m[K’
[1.053s]    99 |         [01;36m[Kos << x[m[K ;
[1.053s]       |         [01;36m[K~~~^~~~[m[K
[1.053s] [01m[K/usr/include/c++/13/ostream:570:5:[m[K [01;36m[Knote: [m[Kcandidate: ‘[01m[Ktemplate<class _Traits> std::basic_ostream<char, _Traits>& std::[01;32m[Koperator<<[m[K(basic_ostream<char, _Traits>&, char)[m[K’
[1.053s]   570 |     [01;36m[Koperator[m[K<<(basic_ostream<char, _Traits>& __out, char __c)
[1.053s]       |     [01;36m[K^~~~~~~~[m[K
[1.053s] [01m[K/usr/include/c++/13/ostream:570:5:[m[K [01;36m[Knote: [m[K  template argument deduction/substitution failed:
[1.054s] [01m[K/usr/include/boost/format/feed_args.hpp:99:12:[m[K [01;36m[Knote: [m[K  cannot convert ‘[01m[Kx[m[K’ (type ‘[01m[Kconst tmcm1640::tmcm1640_status_codes[m[K’) to type ‘[01m[Kchar[m[K’
[1.054s]    99 |         [01;36m[Kos << x[m[K ;
[1.054s]       |         [01;36m[K~~~^~~~[m[K
[1.054s] [01m[K/usr/include/c++/13/ostream:581:5:[m[K [01;36m[Knote: [m[Kcandidate: ‘[01m[Ktemplate<class _Traits> std::basic_ostream<char, _Traits>& std::[01;32m[Koperator<<[m[K(basic_ostream<char, _Traits>&, signed char)[m[K’
[1.054s]   581 |     [01;36m[Koperator[m[K<<(basic_ostream<char, _Traits>& __out, signed char __c)
[1.054s]       |     [01;36m[K^~~~~~~~[m[K
[1.054s] [01m[K/usr/include/c++/13/ostream:581:5:[m[K [01;36m[Knote: [m[K  template argument deduction/substitution failed:
[1.054s] [01m[K/usr/include/boost/format/feed_args.hpp:99:12:[m[K [01;36m[Knote: [m[K  cannot convert ‘[01m[Kx[m[K’ (type ‘[01m[Kconst tmcm1640::tmcm1640_status_codes[m[K’) to type ‘[01m[Ksigned char[m[K’
[1.054s]    99 |         [01;36m[Kos << x[m[K ;
[1.054s]       |         [01;36m[K~~~^~~~[m[K
[1.054s] [01m[K/usr/include/c++/13/ostream:586:5:[m[K [01;36m[Knote: [m[Kcandidate: ‘[01m[Ktemplate<class _Traits> std::basic_ostream<char, _Traits>& std::[01;32m[Koperator<<[m[K(basic_ostream<char, _Traits>&, unsigned char)[m[K’
[1.054s]   586 |     [01;36m[Koperator[m[K<<(basic_ostream<char, _Traits>& __out, unsigned char __c)
[1.054s]       |     [01;36m[K^~~~~~~~[m[K
[1.055s] [01m[K/usr/include/c++/13/ostream:586:5:[m[K [01;36m[Knote: [m[K  template argument deduction/substitution failed:
[1.055s] [01m[K/usr/include/boost/format/feed_args.hpp:99:12:[m[K [01;36m[Knote: [m[K  cannot convert ‘[01m[Kx[m[K’ (type ‘[01m[Kconst tmcm1640::tmcm1640_status_codes[m[K’) to type ‘[01m[Kunsigned char[m[K’
[1.055s]    99 |         [01;36m[Kos << x[m[K ;
[1.055s]       |         [01;36m[K~~~^~~~[m[K
[1.055s] [01m[K/usr/include/c++/13/ostream:645:5:[m[K [01;36m[Knote: [m[Kcandidate: ‘[01m[Ktemplate<class _CharT, class _Traits> std::basic_ostream<_CharT, _Traits>& std::[01;32m[Koperator<<[m[K(basic_ostream<_CharT, _Traits>&, const _CharT*)[m[K’
[1.055s]   645 |     [01;36m[Koperator[m[K<<(basic_ostream<_CharT, _Traits>& __out, const _CharT* __s)
[1.055s]       |     [01;36m[K^~~~~~~~[m[K
[1.055s] [01m[K/usr/include/c++/13/ostream:645:5:[m[K [01;36m[Knote: [m[K  template argument deduction/substitution failed:
[1.055s] [01m[K/usr/include/boost/format/feed_args.hpp:99:12:[m[K [01;36m[Knote: [m[K  mismatched types ‘[01m[Kconst _CharT*[m[K’ and ‘[01m[Ktmcm1640::tmcm1640_status_codes[m[K’
[1.055s]    99 |         [01;36m[Kos << x[m[K ;
[1.055s]       |         [01;36m[K~~~^~~~[m[K
[1.055s] [01m[K/usr/include/c++/13/bits/ostream.tcc:307:5:[m[K [01;36m[Knote: [m[Kcandidate: ‘[01m[Ktemplate<class _CharT, class _Traits> std::basic_ostream<_CharT, _Traits>& std::[01;32m[Koperator<<[m[K(basic_ostream<_CharT, _Traits>&, const char*)[m[K’
[1.055s]   307 |     [01;36m[Koperator[m[K<<(basic_ostream<_CharT, _Traits>& __out, const char* __s)
[1.055s]       |     [01;36m[K^~~~~~~~[m[K
[1.056s] [01m[K/usr/include/c++/13/bits/ostream.tcc:307:5:[m[K [01;36m[Knote: [m[K  template argument deduction/substitution failed:
[1.056s] [01m[K/usr/include/boost/format/feed_args.hpp:99:12:[m[K [01;36m[Knote: [m[K  cannot convert ‘[01m[Kx[m[K’ (type ‘[01m[Kconst tmcm1640::tmcm1640_status_codes[m[K’) to type ‘[01m[Kconst char*[m[K’
[1.056s]    99 |         [01;36m[Kos << x[m[K ;
[1.056s]       |         [01;36m[K~~~^~~~[m[K
[1.056s] [01m[K/usr/include/c++/13/ostream:662:5:[m[K [01;36m[Knote: [m[Kcandidate: ‘[01m[Ktemplate<class _Traits> std::basic_ostream<char, _Traits>& std::[01;32m[Koperator<<[m[K(basic_ostream<char, _Traits>&, const char*)[m[K’
[1.056s]   662 |     [01;36m[Koperator[m[K<<(basic_ostream<char, _Traits>& __out, const char* __s)
[1.056s]       |     [01;36m[K^~~~~~~~[m[K
[1.056s] [01m[K/usr/include/c++/13/ostream:662:5:[m[K [01;36m[Knote: [m[K  template argument deduction/substitution failed:
[1.056s] [01m[K/usr/include/boost/format/feed_args.hpp:99:12:[m[K [01;36m[Knote: [m[K  cannot convert ‘[01m[Kx[m[K’ (type ‘[01m[Kconst tmcm1640::tmcm1640_status_codes[m[K’) to type ‘[01m[Kconst char*[m[K’
[1.056s]    99 |         [01;36m[Kos << x[m[K ;
[1.056s]       |         [01;36m[K~~~^~~~[m[K
[1.056s] [01m[K/usr/include/c++/13/ostream:675:5:[m[K [01;36m[Knote: [m[Kcandidate: ‘[01m[Ktemplate<class _Traits> std::basic_ostream<char, _Traits>& std::[01;32m[Koperator<<[m[K(basic_ostream<char, _Traits>&, const signed char*)[m[K’
[1.056s]   675 |     [01;36m[Koperator[m[K<<(basic_ostream<char, _Traits>& __out, const signed char* __s)
[1.057s]       |     [01;36m[K^~~~~~~~[m[K
[1.057s] [01m[K/usr/include/c++/13/ostream:675:5:[m[K [01;36m[Knote: [m[K  template argument deduction/substitution failed:
[1.057s] [01m[K/usr/include/boost/format/feed_args.hpp:99:12:[m[K [01;36m[Knote: [m[K  cannot convert ‘[01m[Kx[m[K’ (type ‘[01m[Kconst tmcm1640::tmcm1640_status_codes[m[K’) to type ‘[01m[Kconst signed char*[m[K’
[1.057s]    99 |         [01;36m[Kos << x[m[K ;
[1.057s]       |         [01;36m[K~~~^~~~[m[K
[1.057s] [01m[K/usr/include/c++/13/ostream:680:5:[m[K [01;36m[Knote: [m[Kcandidate: ‘[01m[Ktemplate<class _Traits> std::basic_ostream<char, _Traits>& std::[01;32m[Koperator<<[m[K(basic_ostream<char, _Traits>&, const unsigned char*)[m[K’
[1.057s]   680 |     [01;36m[Koperator[m[K<<(basic_ostream<char, _Traits>& __out, const unsigned char* __s)
[1.057s]       |     [01;36m[K^~~~~~~~[m[K
[1.057s] [01m[K/usr/include/c++/13/ostream:680:5:[m[K [01;36m[Knote: [m[K  template argument deduction/substitution failed:
[1.057s] [01m[K/usr/include/boost/format/feed_args.hpp:99:12:[m[K [01;36m[Knote: [m[K  cannot convert ‘[01m[Kx[m[K’ (type ‘[01m[Kconst tmcm1640::tmcm1640_status_codes[m[K’) to type ‘[01m[Kconst unsigned char*[m[K’
[1.057s]    99 |         [01;36m[Kos << x[m[K ;
[1.057s]       |         [01;36m[K~~~^~~~[m[K
[1.057s] [01m[K/usr/include/c++/13/ostream:801:5:[m[K [01;36m[Knote: [m[Kcandidate: ‘[01m[Ktemplate<class _Ostream, class _Tp> _Ostream&& std::[01;32m[Koperator<<[m[K(_Ostream&&, const _Tp&)[m[K’
[1.057s]   801 |     [01;36m[Koperator[m[K<<(_Ostream&& __os, const _Tp& __x)
[1.058s]       |     [01;36m[K^~~~~~~~[m[K
[1.058s] [01m[K/usr/include/c++/13/ostream:801:5:[m[K [01;36m[Knote: [m[K  template argument deduction/substitution failed:
[1.058s] /usr/include/c++/13/ostream: In substitution of ‘[01m[Ktemplate<class _Ostream, class _Tp> _Ostream&& std::[01;32m[Koperator<<[m[K(_Ostream&&, const _Tp&) [35m[K[with _Ostream = std::basic_ostream<char>&; _Tp = tmcm1640::tmcm1640_status_codes][m[K[m[K’:
[1.058s] [01m[K/usr/include/boost/format/feed_args.hpp:99:12:[m[K   required from ‘[01m[Kvoid boost::io::detail::[01;32m[Kput_last[m[K(std::basic_ostream<_CharT, _Traits>&, const T&) [35m[K[with Ch = char; Tr = std::char_traits<char>; T = tmcm1640::tmcm1640_status_codes][m[K[m[K’
[1.058s] [01m[K/usr/include/boost/format/feed_args.hpp:126:17:[m[K   required from ‘[01m[Kvoid boost::io::detail::[01;32m[Kcall_put_last[m[K(std::basic_ostream<_CharT, _Traits>&, const void*) [35m[K[with Ch = char; Tr = std::char_traits<char>; T = tmcm1640::tmcm1640_status_codes][m[K[m[K’
[1.058s] [01m[K/usr/include/boost/format/feed_args.hpp:135:22:[m[K   required from ‘[01m[Kboost::io::detail::put_holder<Ch, Tr>::[01;32m[Kput_holder[m[K(T&) [35m[K[with T = tmcm1640::tmcm1640_status_codes; Ch = char; Tr = std::char_traits<char>][m[K[m[K’
[1.058s] [01m[K/usr/include/boost/format/feed_args.hpp:313:74:[m[K   required from ‘[01m[Kboost::basic_format<Ch, Tr, Alloc>& boost::io::detail::[01;32m[Kfeed[m[K(boost::basic_format<Ch, Tr, Alloc>&, T) [35m[K[with Ch = char; Tr = std::char_traits<char>; Alloc = std::allocator<char>; T = tmcm1640::tmcm1640_status_codes&][m[K[m[K’
[1.058s] [01m[K/usr/include/boost/format/format_class.hpp:68:60:[m[K   required from ‘[01m[Kboost::basic_format<Ch, Tr, Alloc>& boost::basic_format<Ch, Tr, Alloc>::[01;32m[Koperator%[m[K(T&) [35m[K[with T = tmcm1640::tmcm1640_status_codes; Ch = char; Tr = std::char_traits<char>; Alloc = std::allocator<char>][m[K[m[K’
[1.058s] [01m[K/home/coffee/Documents/Studium/TU/bachelorarbeit/tuw_hardware_interface/src/tuw_hardware_trinamic_driver/src/tuw_hardware_trinamic_connection.cpp:121:77:[m[K   required from here
[1.058s] [01m[K/usr/include/c++/13/ostream:801:5:[m[K [01;31m[Kerror: [m[Kno type named ‘[01m[Ktype[m[K’ in ‘[01m[Kstruct std::enable_if<false, void>[m[K’
[1.058s] In file included from [01m[K/usr/include/c++/13/memory:80[m[K,
[1.058s]                  from [01m[K/usr/include/boost/smart_ptr/detail/sp_counted_impl.hpp:35[m[K,
[1.058s]                  from [01m[K/usr/include/boost/smart_ptr/detail/shared_count.hpp:27[m[K,
[1.059s]                  from [01m[K/usr/include/boost/smart_ptr/shared_ptr.hpp:18[m[K,
[1.059s]                  from [01m[K/usr/include/boost/shared_ptr.hpp:17[m[K,
[1.059s]                  from [01m[K/usr/include/boost/format/alt_sstream.hpp:22[m[K,
[1.059s]                  from [01m[K/usr/include/boost/format/internals.hpp:24[m[K,
[1.059s]                  from [01m[K/usr/include/boost/format.hpp:38[m[K:
[1.059s] /usr/include/boost/format/feed_args.hpp: In instantiation of ‘[01m[Kvoid boost::io::detail::[01;32m[Kput_last[m[K(std::basic_ostream<_CharT, _Traits>&, const T&) [35m[K[with Ch = char; Tr = std::char_traits<char>; T = tmcm1640::tmcm1640_status_codes][m[K[m[K’:
[1.059s] [01m[K/usr/include/boost/format/feed_args.hpp:126:17:[m[K   required from ‘[01m[Kvoid boost::io::detail::[01;32m[Kcall_put_last[m[K(std::basic_ostream<_CharT, _Traits>&, const void*) [35m[K[with Ch = char; Tr = std::char_traits<char>; T = tmcm1640::tmcm1640_status_codes][m[K[m[K’
[1.059s] [01m[K/usr/include/boost/format/feed_args.hpp:135:22:[m[K   required from ‘[01m[Kboost::io::detail::put_holder<Ch, Tr>::[01;32m[Kput_holder[m[K(T&) [35m[K[with T = tmcm1640::tmcm1640_status_codes; Ch = char; Tr = std::char_traits<char>][m[K[m[K’
[1.059s] [01m[K/usr/include/boost/format/feed_args.hpp:313:74:[m[K   required from ‘[01m[Kboost::basic_format<Ch, Tr, Alloc>& boost::io::detail::[01;32m[Kfeed[m[K(boost::basic_format<Ch, Tr, Alloc>&, T) [35m[K[with Ch = char; Tr = std::char_traits<char>; Alloc = std::allocator<char>; T = tmcm1640::tmcm1640_status_codes&][m[K[m[K’
[1.059s] [01m[K/usr/include/boost/format/format_class.hpp:68:60:[m[K   required from ‘[01m[Kboost::basic_format<Ch, Tr, Alloc>& boost::basic_format<Ch, Tr, Alloc>::[01;32m[Koperator%[m[K(T&) [35m[K[with T = tmcm1640::tmcm1640_status_codes; Ch = char; Tr = std::char_traits<char>; Alloc = std::allocator<char>][m[K[m[K’
[1.059s] [01m[K/home/coffee/Documents/Studium/TU/bachelorarbeit/tuw_hardware_interface/src/tuw_hardware_trinamic_driver/src/tuw_hardware_trinamic_connection.cpp:121:77:[m[K   required from here
[1.059s] [01m[K/usr/include/c++/13/bits/shared_ptr.h:70:5:[m[K [01;36m[Knote: [m[Kcandidate: ‘[01m[Ktemplate<class _Ch, class _Tr, class _Tp, __gnu_cxx::_Lock_policy _Lp> std::basic_ostream<_CharT, _Traits>& std::[01;32m[Koperator<<[m[K(basic_ostream<_CharT, _Traits>&, const __shared_ptr<_Tp, _Lp>&)[m[K’
[1.059s]    70 |     [01;36m[Koperator[m[K<<(std::basic_ostream<_Ch, _Tr>& __os,
[1.060s]       |     [01;36m[K^~~~~~~~[m[K
[1.060s] [01m[K/usr/include/c++/13/bits/shared_ptr.h:70:5:[m[K [01;36m[Knote: [m[K  template argument deduction/substitution failed:
[1.060s] [01m[K/usr/include/boost/format/feed_args.hpp:99:12:[m[K [01;36m[Knote: [m[K  mismatched types ‘[01m[Kconst std::__shared_ptr<_Tp, _Lp>[m[K’ and ‘[01m[Kconst tmcm1640::tmcm1640_status_codes[m[K’
[1.060s]    99 |         [01;36m[Kos << x[m[K ;
[1.060s]       |         [01;36m[K~~~^~~~[m[K
[1.120s] [01m[K/home/coffee/Documents/Studium/TU/bachelorarbeit/tuw_hardware_interface/src/tuw_hardware_trinamic_driver/src/tuw_hardware_trinamic_connection.cpp:[m[K In member function ‘[01m[Kbool tmcm1640::TMCM1640Connection::[01;32m[Ksend_and_receive[m[K()[m[K’:
[1.120s] [01m[K/home/coffee/Documents/Studium/TU/bachelorarbeit/tuw_hardware_interface/src/tuw_hardware_trinamic_driver/src/tuw_hardware_trinamic_connection.cpp:149:5:[m[K [01;35m[Kwarning: [m[Kcontrol reaches end of non-void function [[01;35m[K]8;;https://gcc.gnu.org/onlinedocs/gcc/Warning-Options.html#index-Wreturn-type-Wreturn-type]8;;[m[K]
[1.120s]   149 |     [01;35m[K}[m[K
[1.120s]       |     [01;35m[K^[m[K
[1.136s] gmake[2]: *** [CMakeFiles/trinamic_test_node.dir/build.make:90: CMakeFiles/trinamic_test_node.dir/src/tuw_hardware_trinamic_connection.cpp.o] Error 1
[1.136s] gmake[1]: *** [CMakeFiles/Makefile2:137: CMakeFiles/trinamic_test_node.dir/all] Error 2
[1.137s] gmake: *** [Makefile:146: all] Error 2
[1.142s] Invoked command in '/home/coffee/Documents/Studium/TU/bachelorarbeit/tuw_hardware_interface/build/tuw_hardware_trinamic_driver' returned '2': CMAKE_PREFIX_PATH=${CMAKE_PREFIX_PATH}:/opt/ros/jazzy DEBUGINFOD_URLS=https://debuginfod.ubuntu.com /usr/bin/cmake --build /home/coffee/Documents/Studium/TU/bachelorarbeit/tuw_hardware_interface/build/tuw_hardware_trinamic_driver -- -j14 -l14
