[0.000000] (-) TimerEvent: {}
[0.000224] (-) JobUnselected: {'identifier': 'tuw_hardware_interface'}
[0.000267] (-) JobUnselected: {'identifier': 'tuw_hardware_interface_dynamixel'}
[0.000293] (-) JobUnselected: {'identifier': 'tuw_hardware_interface_template'}
[0.000311] (-) JobUnselected: {'identifier': 'tuw_hardware_interface_trinamic'}
[0.000331] (tuw_hardware_trinamic_driver) JobQueued: {'identifier': 'tuw_hardware_trinamic_driver', 'dependencies': OrderedDict()}
[0.001355] (tuw_hardware_trinamic_driver) JobStarted: {'identifier': 'tuw_hardware_trinamic_driver'}
[0.019490] (tuw_hardware_trinamic_driver) JobProgress: {'identifier': 'tuw_hardware_trinamic_driver', 'progress': 'cmake'}
[0.023866] (tuw_hardware_trinamic_driver) JobProgress: {'identifier': 'tuw_hardware_trinamic_driver', 'progress': 'build'}
[0.024245] (tuw_hardware_trinamic_driver) Command: {'cmd': ['/usr/bin/cmake', '--build', '/home/coffee/Documents/Studium/TU/bachelorarbeit/tuw_hardware_interface/build/tuw_hardware_trinamic_driver', '--', '-j14', '-l14'], 'cwd': '/home/coffee/Documents/Studium/TU/bachelorarbeit/tuw_hardware_interface/build/tuw_hardware_trinamic_driver', 'env': OrderedDict({'LESSOPEN': '| /usr/bin/lesspipe %s', 'GZ_SIM_RESOURCE_PATH': '/opt/ros/jazzy/share', 'USER': 'coffee', 'LC_TIME': 'en_GB.UTF-8', 'GZ_CONFIG_PATH': '/opt/ros/jazzy/opt/gz_sim_vendor/share/gz:/opt/ros/jazzy/opt/sdformat_vendor/share/gz:/opt/ros/jazzy/opt/gz_gui_vendor/share/gz:/opt/ros/jazzy/opt/gz_transport_vendor/share/gz:/opt/ros/jazzy/opt/gz_rendering_vendor/share/gz:/opt/ros/jazzy/opt/gz_plugin_vendor/share/gz:/opt/ros/jazzy/opt/gz_fuel_tools_vendor/share/gz:/opt/ros/jazzy/opt/gz_msgs_vendor/share/gz:/opt/ros/jazzy/opt/gz_common_vendor/share/gz', 'XDG_SESSION_TYPE': 'wayland', 'SHLVL': '1', 'LD_LIBRARY_PATH': '/opt/ros/jazzy/opt/gz_sim_vendor/lib:/opt/ros/jazzy/opt/gz_sensors_vendor/lib:/opt/ros/jazzy/opt/gz_physics_vendor/lib:/opt/ros/jazzy/opt/sdformat_vendor/lib:/opt/ros/jazzy/opt/rviz_ogre_vendor/lib:/opt/ros/jazzy/lib/x86_64-linux-gnu:/opt/ros/jazzy/opt/gz_gui_vendor/lib:/opt/ros/jazzy/opt/gz_transport_vendor/lib:/opt/ros/jazzy/opt/gz_rendering_vendor/lib:/opt/ros/jazzy/opt/gz_plugin_vendor/lib:/opt/ros/jazzy/opt/gz_fuel_tools_vendor/lib:/opt/ros/jazzy/opt/gz_msgs_vendor/lib:/opt/ros/jazzy/opt/gz_common_vendor/lib:/opt/ros/jazzy/opt/gz_math_vendor/lib:/opt/ros/jazzy/opt/gz_utils_vendor/lib:/opt/ros/jazzy/opt/gz_tools_vendor/lib:/opt/ros/jazzy/opt/gz_ogre_next_vendor/lib:/opt/ros/jazzy/opt/gz_dartsim_vendor/lib:/opt/ros/jazzy/opt/gz_cmake_vendor/lib:/opt/ros/jazzy/lib', 'HOME': '/home/coffee', 'OLDPWD': '/home/coffee/Documents/Studium/TU/bachelorarbeit/tuw_hardware_interface/src', 'CAML_LD_LIBRARY_PATH': '/home/coffee/.opam/default/lib/stublibs:/usr/local/lib/ocaml/4.14.1/stublibs:/usr/lib/ocaml/stublibs', 'DESKTOP_SESSION': 'ubuntu', 'OCAML_TOPLEVEL_PATH': '/home/coffee/.opam/default/lib/toplevel', 'ROS_PYTHON_VERSION': '3', 'GNOME_SHELL_SESSION_MODE': 'ubuntu', 'GTK_MODULES': 'gail:atk-bridge', 'LC_MONETARY': 'en_GB.UTF-8', 'SYSTEMD_EXEC_PID': '3643', 'GSM_SKIP_SSH_AGENT_WORKAROUND': 'true', 'DBUS_SESSION_BUS_ADDRESS': 'unix:path=/run/user/1000/bus', 'COLORTERM': 'truecolor', '_colcon_cd_root': '/opt/ros/jazzy/', 'DEBUGINFOD_URLS': 'https://debuginfod.ubuntu.com', 'IM_CONFIG_PHASE': '1', 'WAYLAND_DISPLAY': 'wayland-0', 'ROS_DISTRO': 'jazzy', 'LOGNAME': 'coffee', 'DESKTOP_AUTOSTART_ID': '10bedafe2b6673f756178177737514225200000036430017', '_': '/usr/bin/colcon', 'ROS_VERSION': '2', 'MEMORY_PRESSURE_WATCH': '/sys/fs/cgroup/user.slice/user-1000.slice/user@1000.service/app.slice/app-gnome\\x2dsession\\x2dmanager.slice/gnome-session-manager@ubuntu.service/memory.pressure', 'XDG_SESSION_CLASS': 'user', 'USERNAME': 'coffee', 'TERM': 'xterm-256color', 'GNOME_DESKTOP_SESSION_ID': 'this-is-deprecated', 'PATH': '/opt/ros/jazzy/opt/gz_msgs_vendor/bin:/opt/ros/jazzy/opt/gz_tools_vendor/bin:/opt/ros/jazzy/opt/gz_ogre_next_vendor/bin:/opt/ros/jazzy/bin:/home/coffee/.config/emacs/bin:/home/coffee/.opam/default/bin:/home/coffee/.elan/bin:/home/coffee/.cargo/bin:/home/coffee/.local/bin:/home/coffee/.config/emacs/bin:/usr/local/sbin:/usr/local/bin:/usr/sbin:/usr/bin:/sbin:/bin:/usr/games:/usr/local/games:/snap/bin:/snap/bin:/home/coffee/.local/bin:/home/coffee/.local/bin:/usr/local/texlive/2026/bin/x86_64-linux', 'SESSION_MANAGER': 'local/coffee-machine:@/tmp/.ICE-unix/3643,unix/coffee-machine:/tmp/.ICE-unix/3643', 'PAPERSIZE': 'a4', 'XDG_MENU_PREFIX': 'gnome-', 'LC_ADDRESS': 'en_GB.UTF-8', 'GNOME_TERMINAL_SCREEN': '/org/gnome/Terminal/screen/a3b845f1_dd1e_469a_8bb7_438ec915aa79', 'GNOME_SETUP_DISPLAY': ':1', 'XDG_RUNTIME_DIR': '/run/user/1000', 'DISPLAY': ':0', 'LANG': 'en_US.UTF-8', 'XDG_CURRENT_DESKTOP': 'ubuntu:GNOME', 'LC_TELEPHONE': 'en_GB.UTF-8', 'XMODIFIERS': '@im=ibus', 'XDG_SESSION_DESKTOP': 'ubuntu', 'XAUTHORITY': '/run/user/1000/.mutter-Xwaylandauth.4Y1BR3', 'LS_COLORS': 'rs=0:di=01;34:ln=01;36:mh=00:pi=40;33:so=01;35:do=01;35:bd=40;33;01:cd=40;33;01:or=40;31;01:mi=00:su=37;41:sg=30;43:ca=00:tw=30;42:ow=34;42:st=37;44:ex=01;32:*.tar=01;31:*.tgz=01;31:*.arc=01;31:*.arj=01;31:*.taz=01;31:*.lha=01;31:*.lz4=01;31:*.lzh=01;31:*.lzma=01;31:*.tlz=01;31:*.txz=01;31:*.tzo=01;31:*.t7z=01;31:*.zip=01;31:*.z=01;31:*.dz=01;31:*.gz=01;31:*.lrz=01;31:*.lz=01;31:*.lzo=01;31:*.xz=01;31:*.zst=01;31:*.tzst=01;31:*.bz2=01;31:*.bz=01;31:*.tbz=01;31:*.tbz2=01;31:*.tz=01;31:*.deb=01;31:*.rpm=01;31:*.jar=01;31:*.war=01;31:*.ear=01;31:*.sar=01;31:*.rar=01;31:*.alz=01;31:*.ace=01;31:*.zoo=01;31:*.cpio=01;31:*.7z=01;31:*.rz=01;31:*.cab=01;31:*.wim=01;31:*.swm=01;31:*.dwm=01;31:*.esd=01;31:*.avif=01;35:*.jpg=01;35:*.jpeg=01;35:*.mjpg=01;35:*.mjpeg=01;35:*.gif=01;35:*.bmp=01;35:*.pbm=01;35:*.pgm=01;35:*.ppm=01;35:*.tga=01;35:*.xbm=01;35:*.xpm=01;35:*.tif=01;35:*.tiff=01;35:*.png=01;35:*.svg=01;35:*.svgz=01;35:*.mng=01;35:*.pcx=01;35:*.mov=01;35:*.mpg=01;35:*.mpeg=01;35:*.m2v=01;35:*.mkv=01;35:*.webm=01;35:*.webp=01;35:*.ogm=01;35:*.mp4=01;35:*.m4v=01;35:*.mp4v=01;35:*.vob=01;35:*.qt=01;35:*.nuv=01;35:*.wmv=01;35:*.asf=01;35:*.rm=01;35:*.rmvb=01;35:*.flc=01;35:*.avi=01;35:*.fli=01;35:*.flv=01;35:*.gl=01;35:*.dl=01;35:*.xcf=01;35:*.xwd=01;35:*.yuv=01;35:*.cgm=01;35:*.emf=01;35:*.ogv=01;35:*.ogx=01;35:*.aac=00;36:*.au=00;36:*.flac=00;36:*.m4a=00;36:*.mid=00;36:*.midi=00;36:*.mka=00;36:*.mp3=00;36:*.mpc=00;36:*.ogg=00;36:*.ra=00;36:*.wav=00;36:*.oga=00;36:*.opus=00;36:*.spx=00;36:*.xspf=00;36:*~=00;90:*#=00;90:*.bak=00;90:*.crdownload=00;90:*.dpkg-dist=00;90:*.dpkg-new=00;90:*.dpkg-old=00;90:*.dpkg-tmp=00;90:*.old=00;90:*.orig=00;90:*.part=00;90:*.rej=00;90:*.rpmnew=00;90:*.rpmorig=00;90:*.rpmsave=00;90:*.swp=00;90:*.tmp=00;90:*.ucf-dist=00;90:*.ucf-new=00;90:*.ucf-old=00;90:', 'GNOME_TERMINAL_SERVICE': ':1.90', 'SSH_AUTH_SOCK': '/run/user/1000/keyring/ssh', 'AMENT_PREFIX_PATH': '/opt/ros/jazzy', 'SHELL': '/bin/bash', 'LC_NAME': 'en_GB.UTF-8', 'QT_ACCESSIBILITY': '1', 'GDMSESSION': 'ubuntu', 'LESSCLOSE': '/usr/bin/lesspipe %s %s', 'LC_MEASUREMENT': 'en_GB.UTF-8', 'OCAMLTOP_INCLUDE_PATH': '/home/coffee/.opam/default/lib/toplevel:', 'OPAM_SWITCH_PREFIX': '/home/coffee/.opam/default', 'LC_IDENTIFICATION': 'en_GB.UTF-8', 'ROS_AUTOMATIC_DISCOVERY_RANGE': 'SUBNET', 'QT_IM_MODULE': 'ibus', 'PWD': '/home/coffee/Documents/Studium/TU/bachelorarbeit/tuw_hardware_interface/build/tuw_hardware_trinamic_driver', 'XDG_CONFIG_DIRS': '/etc/xdg/xdg-ubuntu:/etc/xdg', 'XDG_DATA_DIRS': '/usr/share/ubuntu:/usr/share/gnome:/usr/local/share/:/usr/share/:/var/lib/snapd/desktop', 'QTWEBENGINE_DICTIONARIES_PATH': '/usr/share/hunspell-bdic/', 'PYTHONPATH': '/opt/ros/jazzy/lib/python3.12/site-packages', 'LC_NUMERIC': 'en_GB.UTF-8', 'LC_PAPER': 'en_GB.UTF-8', 'COLCON': '1', 'MEMORY_PRESSURE_WRITE': 'c29tZSAyMDAwMDAgMjAwMDAwMAA=', 'MANPATH': ':/home/coffee/.opam/default/man', 'VTE_VERSION': '7600', 'CMAKE_PREFIX_PATH': '/opt/ros/jazzy/opt/gz_sim_vendor:/opt/ros/jazzy/opt/gz_sensors_vendor:/opt/ros/jazzy/opt/gz_physics_vendor:/opt/ros/jazzy/opt/sdformat_vendor:/opt/ros/jazzy/opt/gz_gui_vendor:/opt/ros/jazzy/opt/gz_transport_vendor:/opt/ros/jazzy/opt/gz_rendering_vendor:/opt/ros/jazzy/opt/gz_plugin_vendor:/opt/ros/jazzy/opt/gz_fuel_tools_vendor:/opt/ros/jazzy/opt/gz_msgs_vendor:/opt/ros/jazzy/opt/gz_common_vendor:/opt/ros/jazzy/opt/gz_math_vendor:/opt/ros/jazzy/opt/gz_utils_vendor:/opt/ros/jazzy/opt/gz_tools_vendor:/opt/ros/jazzy/opt/gz_ogre_next_vendor:/opt/ros/jazzy/opt/gz_dartsim_vendor:/opt/ros/jazzy/opt/gz_cmake_vendor:/opt/ros/jazzy'}), 'shell': False}
[0.099518] (-) TimerEvent: {}
[0.155721] (tuw_hardware_trinamic_driver) StdoutLine: {'line': b'[ 66%] \x1b[32mBuilding CXX object CMakeFiles/trinamic_test_node.dir/src/test_node.cpp.o\x1b[0m\n'}
[0.156332] (tuw_hardware_trinamic_driver) StdoutLine: {'line': b'[ 66%] \x1b[32mBuilding CXX object CMakeFiles/trinamic_test_node.dir/src/tuw_hardware_trinamic_connection.cpp.o\x1b[0m\n'}
[0.199688] (-) TimerEvent: {}
[0.300269] (-) TimerEvent: {}
[0.400856] (-) TimerEvent: {}
[0.426861] (tuw_hardware_trinamic_driver) StderrLine: {'line': b'\x1b[01m\x1b[K/home/coffee/Documents/Studium/TU/bachelorarbeit/tuw_hardware_interface/src/tuw_hardware_trinamic_driver/src/tuw_hardware_trinamic_connection.cpp:\x1b[m\x1b[K In constructor \xe2\x80\x98\x1b[01m\x1b[Ktmcm1640::TMCM1640Connection::\x1b[01;32m\x1b[KTMCM1640Connection\x1b[m\x1b[K(std::string)\x1b[m\x1b[K\xe2\x80\x99:\n'}
[0.428219] (tuw_hardware_trinamic_driver) StderrLine: {'line': b'\x1b[01m\x1b[K/home/coffee/Documents/Studium/TU/bachelorarbeit/tuw_hardware_interface/src/tuw_hardware_trinamic_driver/src/tuw_hardware_trinamic_connection.cpp:8:28:\x1b[m\x1b[K \x1b[01;31m\x1b[Kerror: \x1b[m\x1b[Kcannot convert \xe2\x80\x98\x1b[01m\x1b[Kstd::string\x1b[m\x1b[K\xe2\x80\x99 {aka \xe2\x80\x98\x1b[01m\x1b[Kstd::__cxx11::basic_string<char>\x1b[m\x1b[K\xe2\x80\x99} to \xe2\x80\x98\x1b[01m\x1b[Kconst char*\x1b[m\x1b[K\xe2\x80\x99\n'}
[0.428484] (tuw_hardware_trinamic_driver) StderrLine: {'line': b'    8 |         serial_port = open(\x1b[01;31m\x1b[Kport\x1b[m\x1b[K, O_RDWR);\n'}
[0.428633] (tuw_hardware_trinamic_driver) StderrLine: {'line': b'      |                            \x1b[01;31m\x1b[K^~~~\x1b[m\x1b[K\n'}
[0.428767] (tuw_hardware_trinamic_driver) StderrLine: {'line': b'      |                            \x1b[01;31m\x1b[K|\x1b[m\x1b[K\n'}
[0.428895] (tuw_hardware_trinamic_driver) StderrLine: {'line': b'      |                            \x1b[01;31m\x1b[Kstd::string {aka std::__cxx11::basic_string<char>}\x1b[m\x1b[K\n'}
[0.429024] (tuw_hardware_trinamic_driver) StderrLine: {'line': b'In file included from \x1b[01m\x1b[K/home/coffee/Documents/Studium/TU/bachelorarbeit/tuw_hardware_interface/src/tuw_hardware_trinamic_driver/include/tuw_hardware_trinamic_driver/tuw_hardware_trinamic_connection.hpp:7\x1b[m\x1b[K,\n'}
[0.429168] (tuw_hardware_trinamic_driver) StderrLine: {'line': b'                 from \x1b[01m\x1b[K/home/coffee/Documents/Studium/TU/bachelorarbeit/tuw_hardware_interface/src/tuw_hardware_trinamic_driver/src/tuw_hardware_trinamic_connection.cpp:1\x1b[m\x1b[K:\n'}
[0.429303] (tuw_hardware_trinamic_driver) StderrLine: {'line': b'\x1b[01m\x1b[K/usr/include/fcntl.h:209:30:\x1b[m\x1b[K \x1b[01;36m\x1b[Knote: \x1b[m\x1b[K  initializing argument 1 of \xe2\x80\x98\x1b[01m\x1b[Kint\x1b[01;32m\x1b[K open\x1b[m\x1b[K(const char*, int, ...)\x1b[m\x1b[K\xe2\x80\x99\n'}
[0.429434] (tuw_hardware_trinamic_driver) StderrLine: {'line': b'  209 | extern int open (\x1b[01;36m\x1b[Kconst char *__file\x1b[m\x1b[K, int __oflag, ...) __nonnull ((1));\n'}
[0.429562] (tuw_hardware_trinamic_driver) StderrLine: {'line': b'      |                  \x1b[01;36m\x1b[K~~~~~~~~~~~~^~~~~~\x1b[m\x1b[K\n'}
[0.429686] (tuw_hardware_trinamic_driver) StderrLine: {'line': b'\x1b[01m\x1b[K/home/coffee/Documents/Studium/TU/bachelorarbeit/tuw_hardware_interface/src/tuw_hardware_trinamic_driver/src/tuw_hardware_trinamic_connection.cpp:13:42:\x1b[m\x1b[K \x1b[01;31m\x1b[Kerror: \x1b[m\x1b[K\xe2\x80\x98\x1b[01m\x1b[Kboost\x1b[m\x1b[K\xe2\x80\x99 has not been declared\n'}
[0.429813] (tuw_hardware_trinamic_driver) StderrLine: {'line': b'   13 |             std::string error_message = (\x1b[01;31m\x1b[Kboost\x1b[m\x1b[K::format("Error %i from open: %s\\n", errno, strerror(errno)).str();\n'}
[0.429938] (tuw_hardware_trinamic_driver) StderrLine: {'line': b'      |                                          \x1b[01;31m\x1b[K^~~~~\x1b[m\x1b[K\n'}
[0.431030] (tuw_hardware_trinamic_driver) StderrLine: {'line': b'\x1b[01m\x1b[K/home/coffee/Documents/Studium/TU/bachelorarbeit/tuw_hardware_interface/src/tuw_hardware_trinamic_driver/src/tuw_hardware_trinamic_connection.cpp:13:91:\x1b[m\x1b[K \x1b[01;31m\x1b[Kerror: \x1b[m\x1b[K\xe2\x80\x98\x1b[01m\x1b[Kstrerror\x1b[m\x1b[K\xe2\x80\x99 was not declared in this scope; did you mean \xe2\x80\x98\x1b[01m\x1b[Kstderr\x1b[m\x1b[K\xe2\x80\x99?\n'}
[0.431304] (tuw_hardware_trinamic_driver) StderrLine: {'line': b'   13 |             std::string error_message = (boost::format("Error %i from open: %s\\n", errno, \x1b[01;31m\x1b[Kstrerror\x1b[m\x1b[K(errno)).str();\n'}
[0.431465] (tuw_hardware_trinamic_driver) StderrLine: {'line': b'      |                                                                                           \x1b[01;31m\x1b[K^~~~~~~~\x1b[m\x1b[K\n'}
[0.431605] (tuw_hardware_trinamic_driver) StderrLine: {'line': b'      |                                                                                           \x1b[32m\x1b[Kstderr\x1b[m\x1b[K\n'}
[0.431744] (tuw_hardware_trinamic_driver) StderrLine: {'line': b'\x1b[01m\x1b[K/home/coffee/Documents/Studium/TU/bachelorarbeit/tuw_hardware_interface/src/tuw_hardware_trinamic_driver/src/tuw_hardware_trinamic_connection.cpp:13:113:\x1b[m\x1b[K \x1b[01;31m\x1b[Kerror: \x1b[m\x1b[Kexpected \xe2\x80\x98\x1b[01m\x1b[K)\x1b[m\x1b[K\xe2\x80\x99 before \xe2\x80\x98\x1b[01m\x1b[K;\x1b[m\x1b[K\xe2\x80\x99 token\n'}
[0.431882] (tuw_hardware_trinamic_driver) StderrLine: {'line': b'   13 |             std::string error_message = \x1b[34m\x1b[K(\x1b[m\x1b[Kboost::format("Error %i from open: %s\\n", errno, strerror(errno)).str()\x1b[01;31m\x1b[K;\x1b[m\x1b[K\n'}
[0.432013] (tuw_hardware_trinamic_driver) StderrLine: {'line': b'      |                                         \x1b[34m\x1b[K~\x1b[m\x1b[K                                                                       \x1b[01;31m\x1b[K^\x1b[m\x1b[K\n'}
[0.432314] (tuw_hardware_trinamic_driver) StderrLine: {'line': b'      |                                                                                                                 \x1b[32m\x1b[K)\x1b[m\x1b[K\n'}
[0.432560] (tuw_hardware_trinamic_driver) StderrLine: {'line': b'\x1b[01m\x1b[K/home/coffee/Documents/Studium/TU/bachelorarbeit/tuw_hardware_interface/src/tuw_hardware_trinamic_driver/src/tuw_hardware_trinamic_connection.cpp:22:42:\x1b[m\x1b[K \x1b[01;31m\x1b[Kerror: \x1b[m\x1b[K\xe2\x80\x98\x1b[01m\x1b[Kboost\x1b[m\x1b[K\xe2\x80\x99 has not been declared\n'}
[0.432715] (tuw_hardware_trinamic_driver) StderrLine: {'line': b'   22 |             std::string error_message = (\x1b[01;31m\x1b[Kboost\x1b[m\x1b[K::format("Error %i from tcgetattr: %s\\n", errno, strerror(errno)).str();\n'}
[0.432852] (tuw_hardware_trinamic_driver) StderrLine: {'line': b'      |                                          \x1b[01;31m\x1b[K^~~~~\x1b[m\x1b[K\n'}
[0.435368] (tuw_hardware_trinamic_driver) StderrLine: {'line': b'\x1b[01m\x1b[K/home/coffee/Documents/Studium/TU/bachelorarbeit/tuw_hardware_interface/src/tuw_hardware_trinamic_driver/src/tuw_hardware_trinamic_connection.cpp:22:96:\x1b[m\x1b[K \x1b[01;31m\x1b[Kerror: \x1b[m\x1b[K\xe2\x80\x98\x1b[01m\x1b[Kstrerror\x1b[m\x1b[K\xe2\x80\x99 was not declared in this scope; did you mean \xe2\x80\x98\x1b[01m\x1b[Kstderr\x1b[m\x1b[K\xe2\x80\x99?\n'}
[0.435935] (tuw_hardware_trinamic_driver) StderrLine: {'line': b'   22 |             std::string error_message = (boost::format("Error %i from tcgetattr: %s\\n", errno, \x1b[01;31m\x1b[Kstrerror\x1b[m\x1b[K(errno)).str();\n'}
[0.436338] (tuw_hardware_trinamic_driver) StderrLine: {'line': b'      |                                                                                                \x1b[01;31m\x1b[K^~~~~~~~\x1b[m\x1b[K\n'}
[0.436494] (tuw_hardware_trinamic_driver) StderrLine: {'line': b'      |                                                                                                \x1b[32m\x1b[Kstderr\x1b[m\x1b[K\n'}
[0.436645] (tuw_hardware_trinamic_driver) StderrLine: {'line': b'\x1b[01m\x1b[K/home/coffee/Documents/Studium/TU/bachelorarbeit/tuw_hardware_interface/src/tuw_hardware_trinamic_driver/src/tuw_hardware_trinamic_connection.cpp:22:118:\x1b[m\x1b[K \x1b[01;31m\x1b[Kerror: \x1b[m\x1b[Kexpected \xe2\x80\x98\x1b[01m\x1b[K)\x1b[m\x1b[K\xe2\x80\x99 before \xe2\x80\x98\x1b[01m\x1b[K;\x1b[m\x1b[K\xe2\x80\x99 token\n'}
[0.436786] (tuw_hardware_trinamic_driver) StderrLine: {'line': b'   22 |             std::string error_message = \x1b[34m\x1b[K(\x1b[m\x1b[Kboost::format("Error %i from tcgetattr: %s\\n", errno, strerror(errno)).str()\x1b[01;31m\x1b[K;\x1b[m\x1b[K\n'}
[0.436918] (tuw_hardware_trinamic_driver) StderrLine: {'line': b'      |                                         \x1b[34m\x1b[K~\x1b[m\x1b[K                                                                            \x1b[01;31m\x1b[K^\x1b[m\x1b[K\n'}
[0.437043] (tuw_hardware_trinamic_driver) StderrLine: {'line': b'      |                                                                                                                      \x1b[32m\x1b[K)\x1b[m\x1b[K\n'}
[0.437184] (tuw_hardware_trinamic_driver) StderrLine: {'line': b'\x1b[01m\x1b[K/home/coffee/Documents/Studium/TU/bachelorarbeit/tuw_hardware_interface/src/tuw_hardware_trinamic_driver/src/tuw_hardware_trinamic_connection.cpp:66:21:\x1b[m\x1b[K \x1b[01;31m\x1b[Kerror: \x1b[m\x1b[Ktoo many arguments to function \xe2\x80\x98\x1b[01m\x1b[Kint\x1b[01;32m\x1b[K tcgetattr\x1b[m\x1b[K(int, termios*)\x1b[m\x1b[K\xe2\x80\x99\n'}
[0.437318] (tuw_hardware_trinamic_driver) StderrLine: {'line': b'   66 |         if(\x1b[01;31m\x1b[Ktcgetattr(serial_port, TCSANOW, &tty)\x1b[m\x1b[K != 0) {\n'}
[0.437443] (tuw_hardware_trinamic_driver) StderrLine: {'line': b'      |            \x1b[01;31m\x1b[K~~~~~~~~~^~~~~~~~~~~~~~~~~~~~~~~~~~~~\x1b[m\x1b[K\n'}
[0.437563] (tuw_hardware_trinamic_driver) StderrLine: {'line': b'In file included from \x1b[01m\x1b[K/home/coffee/Documents/Studium/TU/bachelorarbeit/tuw_hardware_interface/src/tuw_hardware_trinamic_driver/include/tuw_hardware_trinamic_driver/tuw_hardware_trinamic_connection.hpp:9\x1b[m\x1b[K:\n'}
[0.437686] (tuw_hardware_trinamic_driver) StderrLine: {'line': b'\x1b[01m\x1b[K/usr/include/termios.h:66:12:\x1b[m\x1b[K \x1b[01;36m\x1b[Knote: \x1b[m\x1b[Kdeclared here\n'}
[0.437807] (tuw_hardware_trinamic_driver) StderrLine: {'line': b'   66 | extern int \x1b[01;36m\x1b[Ktcgetattr\x1b[m\x1b[K (int __fd, struct termios *__termios_p) __THROW;\n'}
[0.437928] (tuw_hardware_trinamic_driver) StderrLine: {'line': b'      |            \x1b[01;36m\x1b[K^~~~~~~~~\x1b[m\x1b[K\n'}
[0.438050] (tuw_hardware_trinamic_driver) StderrLine: {'line': b'\x1b[01m\x1b[K/home/coffee/Documents/Studium/TU/bachelorarbeit/tuw_hardware_interface/src/tuw_hardware_trinamic_driver/src/tuw_hardware_trinamic_connection.cpp:69:42:\x1b[m\x1b[K \x1b[01;31m\x1b[Kerror: \x1b[m\x1b[K\xe2\x80\x98\x1b[01m\x1b[Kboost\x1b[m\x1b[K\xe2\x80\x99 has not been declared\n'}
[0.438191] (tuw_hardware_trinamic_driver) StderrLine: {'line': b'   69 |             std::string error_message = (\x1b[01;31m\x1b[Kboost\x1b[m\x1b[K::format("Error %i from tcsetattr: %s\\n", errno, strerror(errno)).str();\n'}
[0.438321] (tuw_hardware_trinamic_driver) StderrLine: {'line': b'      |                                          \x1b[01;31m\x1b[K^~~~~\x1b[m\x1b[K\n'}
[0.439664] (tuw_hardware_trinamic_driver) StderrLine: {'line': b'\x1b[01m\x1b[K/home/coffee/Documents/Studium/TU/bachelorarbeit/tuw_hardware_interface/src/tuw_hardware_trinamic_driver/src/tuw_hardware_trinamic_connection.cpp:69:96:\x1b[m\x1b[K \x1b[01;31m\x1b[Kerror: \x1b[m\x1b[K\xe2\x80\x98\x1b[01m\x1b[Kstrerror\x1b[m\x1b[K\xe2\x80\x99 was not declared in this scope; did you mean \xe2\x80\x98\x1b[01m\x1b[Kstderr\x1b[m\x1b[K\xe2\x80\x99?\n'}
[0.440019] (tuw_hardware_trinamic_driver) StderrLine: {'line': b'   69 |             std::string error_message = (boost::format("Error %i from tcsetattr: %s\\n", errno, \x1b[01;31m\x1b[Kstrerror\x1b[m\x1b[K(errno)).str();\n'}
[0.440915] (tuw_hardware_trinamic_driver) StderrLine: {'line': b'      |                                                                                                \x1b[01;31m\x1b[K^~~~~~~~\x1b[m\x1b[K\n'}
[0.441086] (tuw_hardware_trinamic_driver) StderrLine: {'line': b'      |                                                                                                \x1b[32m\x1b[Kstderr\x1b[m\x1b[K\n'}
[0.441245] (tuw_hardware_trinamic_driver) StderrLine: {'line': b'\x1b[01m\x1b[K/home/coffee/Documents/Studium/TU/bachelorarbeit/tuw_hardware_interface/src/tuw_hardware_trinamic_driver/src/tuw_hardware_trinamic_connection.cpp:69:118:\x1b[m\x1b[K \x1b[01;31m\x1b[Kerror: \x1b[m\x1b[Kexpected \xe2\x80\x98\x1b[01m\x1b[K)\x1b[m\x1b[K\xe2\x80\x99 before \xe2\x80\x98\x1b[01m\x1b[K;\x1b[m\x1b[K\xe2\x80\x99 token\n'}
[0.441391] (tuw_hardware_trinamic_driver) StderrLine: {'line': b'   69 |             std::string error_message = \x1b[34m\x1b[K(\x1b[m\x1b[Kboost::format("Error %i from tcsetattr: %s\\n", errno, strerror(errno)).str()\x1b[01;31m\x1b[K;\x1b[m\x1b[K\n'}
[0.441530] (tuw_hardware_trinamic_driver) StderrLine: {'line': b'      |                                         \x1b[34m\x1b[K~\x1b[m\x1b[K                                                                            \x1b[01;31m\x1b[K^\x1b[m\x1b[K\n'}
[0.441662] (tuw_hardware_trinamic_driver) StderrLine: {'line': b'      |                                                                                                                      \x1b[32m\x1b[K)\x1b[m\x1b[K\n'}
[0.441901] (tuw_hardware_trinamic_driver) StderrLine: {'line': b'In file included from \x1b[01m\x1b[K/home/coffee/Documents/Studium/TU/bachelorarbeit/tuw_hardware_interface/src/tuw_hardware_trinamic_driver/include/tuw_hardware_trinamic_driver/tuw_hardware_trinamic_connection.hpp:4\x1b[m\x1b[K:\n'}
[0.442625] (tuw_hardware_trinamic_driver) StderrLine: {'line': b'\x1b[01m\x1b[K/home/coffee/Documents/Studium/TU/bachelorarbeit/tuw_hardware_interface/src/tuw_hardware_trinamic_driver/include/tuw_hardware_trinamic_driver/tuw_hardware_trinamic_definitions.hpp:146:20:\x1b[m\x1b[K \x1b[01;31m\x1b[Kerror: \x1b[m\x1b[Kexpected unqualified-id before numeric constant\n'}
[0.442886] (tuw_hardware_trinamic_driver) StderrLine: {'line': b'  146 |     #define TARGET \x1b[01;31m\x1b[K1\x1b[m\x1b[K\n'}
[0.443021] (tuw_hardware_trinamic_driver) StderrLine: {'line': b'      |                    \x1b[01;31m\x1b[K^\x1b[m\x1b[K\n'}
[0.443203] (tuw_hardware_trinamic_driver) StderrLine: {'line': b'\x1b[01m\x1b[K/home/coffee/Documents/Studium/TU/bachelorarbeit/tuw_hardware_interface/src/tuw_hardware_trinamic_driver/src/tuw_hardware_trinamic_connection.cpp:75:46:\x1b[m\x1b[K \x1b[01;36m\x1b[Knote: \x1b[m\x1b[Kin expansion of macro \xe2\x80\x98\x1b[01m\x1b[KTARGET\x1b[m\x1b[K\xe2\x80\x99\n'}
[0.443337] (tuw_hardware_trinamic_driver) StderrLine: {'line': b'   75 |         command_message[tmcm1640_cmd_format::\x1b[01;36m\x1b[KTARGET\x1b[m\x1b[K] = TARGET;\n'}
[0.443457] (tuw_hardware_trinamic_driver) StderrLine: {'line': b'      |                                              \x1b[01;36m\x1b[K^~~~~~\x1b[m\x1b[K\n'}
[0.443575] (tuw_hardware_trinamic_driver) StderrLine: {'line': b'\x1b[01m\x1b[K/home/coffee/Documents/Studium/TU/bachelorarbeit/tuw_hardware_interface/src/tuw_hardware_trinamic_driver/src/tuw_hardware_trinamic_connection.cpp:75:44:\x1b[m\x1b[K \x1b[01;31m\x1b[Kerror: \x1b[m\x1b[Kexpected \xe2\x80\x98\x1b[01m\x1b[K]\x1b[m\x1b[K\xe2\x80\x99 before numeric constant\n'}
[0.443693] (tuw_hardware_trinamic_driver) StderrLine: {'line': b'   75 |         command_message[tmcm1640_cmd_format\x1b[01;31m\x1b[K:\x1b[m\x1b[K:TARGET] = TARGET;\n'}
[0.443812] (tuw_hardware_trinamic_driver) StderrLine: {'line': b'      |                                            \x1b[01;31m\x1b[K^\x1b[m\x1b[K\n'}
[0.443932] (tuw_hardware_trinamic_driver) StderrLine: {'line': b'      |                                            \x1b[32m\x1b[K]\x1b[m\x1b[K\n'}
[0.444052] (tuw_hardware_trinamic_driver) StderrLine: {'line': b'\x1b[01m\x1b[K/home/coffee/Documents/Studium/TU/bachelorarbeit/tuw_hardware_interface/src/tuw_hardware_trinamic_driver/src/tuw_hardware_trinamic_connection.cpp:76:24:\x1b[m\x1b[K \x1b[01;31m\x1b[Kerror: \x1b[m\x1b[Kno match for \xe2\x80\x98\x1b[01m\x1b[Koperator[]\x1b[m\x1b[K\xe2\x80\x99 (operand types are \xe2\x80\x98\x1b[01m\x1b[Kstd::array<unsigned char, 9>\x1b[m\x1b[K\xe2\x80\x99 and \xe2\x80\x98\x1b[01m\x1b[Ktmcm1640::tmcm1640_cmd_format\x1b[m\x1b[K\xe2\x80\x99)\n'}
[0.444890] (tuw_hardware_trinamic_driver) StderrLine: {'line': b'   76 |         command_message\x1b[01;31m\x1b[K[\x1b[m\x1b[Ktmcm1640_cmd_format::TYPE] = TYPE_DEFAULT;\n'}
[0.445036] (tuw_hardware_trinamic_driver) StderrLine: {'line': b'      |                        \x1b[01;31m\x1b[K^\x1b[m\x1b[K\n'}
[0.445173] (tuw_hardware_trinamic_driver) StderrLine: {'line': b'In file included from \x1b[01m\x1b[K/home/coffee/Documents/Studium/TU/bachelorarbeit/tuw_hardware_interface/src/tuw_hardware_trinamic_driver/include/tuw_hardware_trinamic_driver/tuw_hardware_trinamic_connection.hpp:13\x1b[m\x1b[K:\n'}
[0.445297] (tuw_hardware_trinamic_driver) StderrLine: {'line': b'\x1b[01m\x1b[K/usr/include/c++/13/array:200:7:\x1b[m\x1b[K \x1b[01;36m\x1b[Knote: \x1b[m\x1b[Kcandidate: \xe2\x80\x98\x1b[01m\x1b[Kconstexpr std::array<_Tp, _Nm>::value_type& std::array<_Tp, _Nm>::\x1b[01;32m\x1b[Koperator[]\x1b[m\x1b[K(size_type) \x1b[35m\x1b[K[with _Tp = unsigned char; long unsigned int _Nm = 9; reference = unsigned char&; size_type = long unsigned int]\x1b[m\x1b[K\x1b[m\x1b[K\xe2\x80\x99\n'}
[0.445418] (tuw_hardware_trinamic_driver) StderrLine: {'line': b'  200 |       \x1b[01;36m\x1b[Koperator\x1b[m\x1b[K[](size_type __n) noexcept\n'}
[0.445528] (tuw_hardware_trinamic_driver) StderrLine: {'line': b'      |       \x1b[01;36m\x1b[K^~~~~~~~\x1b[m\x1b[K\n'}
[0.445635] (tuw_hardware_trinamic_driver) StderrLine: {'line': b'\x1b[01m\x1b[K/usr/include/c++/13/array:200:28:\x1b[m\x1b[K \x1b[01;36m\x1b[Knote: \x1b[m\x1b[K  no known conversion for argument 1 from \xe2\x80\x98\x1b[01m\x1b[Ktmcm1640::tmcm1640_cmd_format\x1b[m\x1b[K\xe2\x80\x99 to \xe2\x80\x98\x1b[01m\x1b[Kstd::array<unsigned char, 9>::size_type\x1b[m\x1b[K\xe2\x80\x99 {aka \xe2\x80\x98\x1b[01m\x1b[Klong unsigned int\x1b[m\x1b[K\xe2\x80\x99}\n'}
[0.445748] (tuw_hardware_trinamic_driver) StderrLine: {'line': b'  200 |       operator[](\x1b[01;36m\x1b[Ksize_type __n\x1b[m\x1b[K) noexcept\n'}
[0.445855] (tuw_hardware_trinamic_driver) StderrLine: {'line': b'      |                  \x1b[01;36m\x1b[K~~~~~~~~~~^~~\x1b[m\x1b[K\n'}
[0.445973] (tuw_hardware_trinamic_driver) StderrLine: {'line': b'\x1b[01m\x1b[K/usr/include/c++/13/array:208:7:\x1b[m\x1b[K \x1b[01;36m\x1b[Knote: \x1b[m\x1b[Kcandidate: \xe2\x80\x98\x1b[01m\x1b[Kconstexpr const std::array<_Tp, _Nm>::value_type& std::array<_Tp, _Nm>::\x1b[01;32m\x1b[Koperator[]\x1b[m\x1b[K(size_type) const \x1b[35m\x1b[K[with _Tp = unsigned char; long unsigned int _Nm = 9; const_reference = const unsigned char&; size_type = long unsigned int]\x1b[m\x1b[K\x1b[m\x1b[K\xe2\x80\x99\n'}
[0.446099] (tuw_hardware_trinamic_driver) StderrLine: {'line': b'  208 |       \x1b[01;36m\x1b[Koperator\x1b[m\x1b[K[](size_type __n) const noexcept\n'}
[0.446229] (tuw_hardware_trinamic_driver) StderrLine: {'line': b'      |       \x1b[01;36m\x1b[K^~~~~~~~\x1b[m\x1b[K\n'}
[0.446338] (tuw_hardware_trinamic_driver) StderrLine: {'line': b'\x1b[01m\x1b[K/usr/include/c++/13/array:208:28:\x1b[m\x1b[K \x1b[01;36m\x1b[Knote: \x1b[m\x1b[K  no known conversion for argument 1 from \xe2\x80\x98\x1b[01m\x1b[Ktmcm1640::tmcm1640_cmd_format\x1b[m\x1b[K\xe2\x80\x99 to \xe2\x80\x98\x1b[01m\x1b[Kstd::array<unsigned char, 9>::size_type\x1b[m\x1b[K\xe2\x80\x99 {aka \xe2\x80\x98\x1b[01m\x1b[Klong unsigned int\x1b[m\x1b[K\xe2\x80\x99}\n'}
[0.446448] (tuw_hardware_trinamic_driver) StderrLine: {'line': b'  208 |       operator[](\x1b[01;36m\x1b[Ksize_type __n\x1b[m\x1b[K) const noexcept\n'}
[0.446556] (tuw_hardware_trinamic_driver) StderrLine: {'line': b'      |                  \x1b[01;36m\x1b[K~~~~~~~~~~^~~\x1b[m\x1b[K\n'}
[0.446662] (tuw_hardware_trinamic_driver) StderrLine: {'line': b'\x1b[01m\x1b[K/home/coffee/Documents/Studium/TU/bachelorarbeit/tuw_hardware_interface/src/tuw_hardware_trinamic_driver/src/tuw_hardware_trinamic_connection.cpp:77:24:\x1b[m\x1b[K \x1b[01;31m\x1b[Kerror: \x1b[m\x1b[Kno match for \xe2\x80\x98\x1b[01m\x1b[Koperator[]\x1b[m\x1b[K\xe2\x80\x99 (operand types are \xe2\x80\x98\x1b[01m\x1b[Kstd::array<unsigned char, 9>\x1b[m\x1b[K\xe2\x80\x99 and \xe2\x80\x98\x1b[01m\x1b[Ktmcm1640::tmcm1640_cmd_format\x1b[m\x1b[K\xe2\x80\x99)\n'}
[0.446798] (tuw_hardware_trinamic_driver) StderrLine: {'line': b'   77 |         command_message\x1b[01;31m\x1b[K[\x1b[m\x1b[Ktmcm1640_cmd_format::MOT_BANK] = MOTOR_NUMBER;\n'}
[0.446912] (tuw_hardware_trinamic_driver) StderrLine: {'line': b'      |                        \x1b[01;31m\x1b[K^\x1b[m\x1b[K\n'}
[0.447018] (tuw_hardware_trinamic_driver) StderrLine: {'line': b'\x1b[01m\x1b[K/usr/include/c++/13/array:200:7:\x1b[m\x1b[K \x1b[01;36m\x1b[Knote: \x1b[m\x1b[Kcandidate: \xe2\x80\x98\x1b[01m\x1b[Kconstexpr std::array<_Tp, _Nm>::value_type& std::array<_Tp, _Nm>::\x1b[01;32m\x1b[Koperator[]\x1b[m\x1b[K(size_type) \x1b[35m\x1b[K[with _Tp = unsigned char; long unsigned int _Nm = 9; reference = unsigned char&; size_type = long unsigned int]\x1b[m\x1b[K\x1b[m\x1b[K\xe2\x80\x99\n'}
[0.447140] (tuw_hardware_trinamic_driver) StderrLine: {'line': b'  200 |       \x1b[01;36m\x1b[Koperator\x1b[m\x1b[K[](size_type __n) noexcept\n'}
[0.447252] (tuw_hardware_trinamic_driver) StderrLine: {'line': b'      |       \x1b[01;36m\x1b[K^~~~~~~~\x1b[m\x1b[K\n'}
[0.447358] (tuw_hardware_trinamic_driver) StderrLine: {'line': b'\x1b[01m\x1b[K/usr/include/c++/13/array:200:28:\x1b[m\x1b[K \x1b[01;36m\x1b[Knote: \x1b[m\x1b[K  no known conversion for argument 1 from \xe2\x80\x98\x1b[01m\x1b[Ktmcm1640::tmcm1640_cmd_format\x1b[m\x1b[K\xe2\x80\x99 to \xe2\x80\x98\x1b[01m\x1b[Kstd::array<unsigned char, 9>::size_type\x1b[m\x1b[K\xe2\x80\x99 {aka \xe2\x80\x98\x1b[01m\x1b[Klong unsigned int\x1b[m\x1b[K\xe2\x80\x99}\n'}
[0.447464] (tuw_hardware_trinamic_driver) StderrLine: {'line': b'  200 |       operator[](\x1b[01;36m\x1b[Ksize_type __n\x1b[m\x1b[K) noexcept\n'}
[0.447568] (tuw_hardware_trinamic_driver) StderrLine: {'line': b'      |                  \x1b[01;36m\x1b[K~~~~~~~~~~^~~\x1b[m\x1b[K\n'}
[0.447672] (tuw_hardware_trinamic_driver) StderrLine: {'line': b'\x1b[01m\x1b[K/usr/include/c++/13/array:208:7:\x1b[m\x1b[K \x1b[01;36m\x1b[Knote: \x1b[m\x1b[Kcandidate: \xe2\x80\x98\x1b[01m\x1b[Kconstexpr const std::array<_Tp, _Nm>::value_type& std::array<_Tp, _Nm>::\x1b[01;32m\x1b[Koperator[]\x1b[m\x1b[K(size_type) const \x1b[35m\x1b[K[with _Tp = unsigned char; long unsigned int _Nm = 9; const_reference = const unsigned char&; size_type = long unsigned int]\x1b[m\x1b[K\x1b[m\x1b[K\xe2\x80\x99\n'}
[0.447788] (tuw_hardware_trinamic_driver) StderrLine: {'line': b'  208 |       \x1b[01;36m\x1b[Koperator\x1b[m\x1b[K[](size_type __n) const noexcept\n'}
[0.447889] (tuw_hardware_trinamic_driver) StderrLine: {'line': b'      |       \x1b[01;36m\x1b[K^~~~~~~~\x1b[m\x1b[K\n'}
[0.447986] (tuw_hardware_trinamic_driver) StderrLine: {'line': b'\x1b[01m\x1b[K/usr/include/c++/13/array:208:28:\x1b[m\x1b[K \x1b[01;36m\x1b[Knote: \x1b[m\x1b[K  no known conversion for argument 1 from \xe2\x80\x98\x1b[01m\x1b[Ktmcm1640::tmcm1640_cmd_format\x1b[m\x1b[K\xe2\x80\x99 to \xe2\x80\x98\x1b[01m\x1b[Kstd::array<unsigned char, 9>::size_type\x1b[m\x1b[K\xe2\x80\x99 {aka \xe2\x80\x98\x1b[01m\x1b[Klong unsigned int\x1b[m\x1b[K\xe2\x80\x99}\n'}
[0.448087] (tuw_hardware_trinamic_driver) StderrLine: {'line': b'  208 |       operator[](\x1b[01;36m\x1b[Ksize_type __n\x1b[m\x1b[K) const noexcept\n'}
[0.448202] (tuw_hardware_trinamic_driver) StderrLine: {'line': b'      |                  \x1b[01;36m\x1b[K~~~~~~~~~~^~~\x1b[m\x1b[K\n'}
[0.448304] (tuw_hardware_trinamic_driver) StderrLine: {'line': b'\x1b[01m\x1b[K/home/coffee/Documents/Studium/TU/bachelorarbeit/tuw_hardware_interface/src/tuw_hardware_trinamic_driver/src/tuw_hardware_trinamic_connection.cpp:78:24:\x1b[m\x1b[K \x1b[01;31m\x1b[Kerror: \x1b[m\x1b[Kno match for \xe2\x80\x98\x1b[01m\x1b[Koperator[]\x1b[m\x1b[K\xe2\x80\x99 (operand types are \xe2\x80\x98\x1b[01m\x1b[Kstd::array<unsigned char, 9>\x1b[m\x1b[K\xe2\x80\x99 and \xe2\x80\x98\x1b[01m\x1b[Ktmcm1640::tmcm1640_cmd_format\x1b[m\x1b[K\xe2\x80\x99)\n'}
[0.448419] (tuw_hardware_trinamic_driver) StderrLine: {'line': b'   78 |         command_message\x1b[01;31m\x1b[K[\x1b[m\x1b[Ktmcm1640_cmd_format::VALUE3] = VALUE_DEFAULT;\n'}
[0.448517] (tuw_hardware_trinamic_driver) StderrLine: {'line': b'      |                        \x1b[01;31m\x1b[K^\x1b[m\x1b[K\n'}
[0.448616] (tuw_hardware_trinamic_driver) StderrLine: {'line': b'\x1b[01m\x1b[K/usr/include/c++/13/array:200:7:\x1b[m\x1b[K \x1b[01;36m\x1b[Knote: \x1b[m\x1b[Kcandidate: \xe2\x80\x98\x1b[01m\x1b[Kconstexpr std::array<_Tp, _Nm>::value_type& std::array<_Tp, _Nm>::\x1b[01;32m\x1b[Koperator[]\x1b[m\x1b[K(size_type) \x1b[35m\x1b[K[with _Tp = unsigned char; long unsigned int _Nm = 9; reference = unsigned char&; size_type = long unsigned int]\x1b[m\x1b[K\x1b[m\x1b[K\xe2\x80\x99\n'}
[0.448722] (tuw_hardware_trinamic_driver) StderrLine: {'line': b'  200 |       \x1b[01;36m\x1b[Koperator\x1b[m\x1b[K[](size_type __n) noexcept\n'}
[0.448820] (tuw_hardware_trinamic_driver) StderrLine: {'line': b'      |       \x1b[01;36m\x1b[K^~~~~~~~\x1b[m\x1b[K\n'}
[0.448917] (tuw_hardware_trinamic_driver) StderrLine: {'line': b'\x1b[01m\x1b[K/usr/include/c++/13/array:200:28:\x1b[m\x1b[K \x1b[01;36m\x1b[Knote: \x1b[m\x1b[K  no known conversion for argument 1 from \xe2\x80\x98\x1b[01m\x1b[Ktmcm1640::tmcm1640_cmd_format\x1b[m\x1b[K\xe2\x80\x99 to \xe2\x80\x98\x1b[01m\x1b[Kstd::array<unsigned char, 9>::size_type\x1b[m\x1b[K\xe2\x80\x99 {aka \xe2\x80\x98\x1b[01m\x1b[Klong unsigned int\x1b[m\x1b[K\xe2\x80\x99}\n'}
[0.449017] (tuw_hardware_trinamic_driver) StderrLine: {'line': b'  200 |       operator[](\x1b[01;36m\x1b[Ksize_type __n\x1b[m\x1b[K) noexcept\n'}
[0.449121] (tuw_hardware_trinamic_driver) StderrLine: {'line': b'      |                  \x1b[01;36m\x1b[K~~~~~~~~~~^~~\x1b[m\x1b[K\n'}
[0.449229] (tuw_hardware_trinamic_driver) StderrLine: {'line': b'\x1b[01m\x1b[K/usr/include/c++/13/array:208:7:\x1b[m\x1b[K \x1b[01;36m\x1b[Knote: \x1b[m\x1b[Kcandidate: \xe2\x80\x98\x1b[01m\x1b[Kconstexpr const std::array<_Tp, _Nm>::value_type& std::array<_Tp, _Nm>::\x1b[01;32m\x1b[Koperator[]\x1b[m\x1b[K(size_type) const \x1b[35m\x1b[K[with _Tp = unsigned char; long unsigned int _Nm = 9; const_reference = const unsigned char&; size_type = long unsigned int]\x1b[m\x1b[K\x1b[m\x1b[K\xe2\x80\x99\n'}
[0.449331] (tuw_hardware_trinamic_driver) StderrLine: {'line': b'  208 |       \x1b[01;36m\x1b[Koperator\x1b[m\x1b[K[](size_type __n) const noexcept\n'}
[0.449429] (tuw_hardware_trinamic_driver) StderrLine: {'line': b'      |       \x1b[01;36m\x1b[K^~~~~~~~\x1b[m\x1b[K\n'}
[0.449529] (tuw_hardware_trinamic_driver) StderrLine: {'line': b'\x1b[01m\x1b[K/usr/include/c++/13/array:208:28:\x1b[m\x1b[K \x1b[01;36m\x1b[Knote: \x1b[m\x1b[K  no known conversion for argument 1 from \xe2\x80\x98\x1b[01m\x1b[Ktmcm1640::tmcm1640_cmd_format\x1b[m\x1b[K\xe2\x80\x99 to \xe2\x80\x98\x1b[01m\x1b[Kstd::array<unsigned char, 9>::size_type\x1b[m\x1b[K\xe2\x80\x99 {aka \xe2\x80\x98\x1b[01m\x1b[Klong unsigned int\x1b[m\x1b[K\xe2\x80\x99}\n'}
[0.449636] (tuw_hardware_trinamic_driver) StderrLine: {'line': b'  208 |       operator[](\x1b[01;36m\x1b[Ksize_type __n\x1b[m\x1b[K) const noexcept\n'}
[0.449734] (tuw_hardware_trinamic_driver) StderrLine: {'line': b'      |                  \x1b[01;36m\x1b[K~~~~~~~~~~^~~\x1b[m\x1b[K\n'}
[0.449832] (tuw_hardware_trinamic_driver) StderrLine: {'line': b'\x1b[01m\x1b[K/home/coffee/Documents/Studium/TU/bachelorarbeit/tuw_hardware_interface/src/tuw_hardware_trinamic_driver/src/tuw_hardware_trinamic_connection.cpp:79:24:\x1b[m\x1b[K \x1b[01;31m\x1b[Kerror: \x1b[m\x1b[Kno match for \xe2\x80\x98\x1b[01m\x1b[Koperator[]\x1b[m\x1b[K\xe2\x80\x99 (operand types are \xe2\x80\x98\x1b[01m\x1b[Kstd::array<unsigned char, 9>\x1b[m\x1b[K\xe2\x80\x99 and \xe2\x80\x98\x1b[01m\x1b[Ktmcm1640::tmcm1640_cmd_format\x1b[m\x1b[K\xe2\x80\x99)\n'}
[0.449952] (tuw_hardware_trinamic_driver) StderrLine: {'line': b'   79 |         command_message\x1b[01;31m\x1b[K[\x1b[m\x1b[Ktmcm1640_cmd_format::VALUE2] = VALUE_DEFAULT;\n'}
[0.450049] (tuw_hardware_trinamic_driver) StderrLine: {'line': b'      |                        \x1b[01;31m\x1b[K^\x1b[m\x1b[K\n'}
[0.450150] (tuw_hardware_trinamic_driver) StderrLine: {'line': b'\x1b[01m\x1b[K/usr/include/c++/13/array:200:7:\x1b[m\x1b[K \x1b[01;36m\x1b[Knote: \x1b[m\x1b[Kcandidate: \xe2\x80\x98\x1b[01m\x1b[Kconstexpr std::array<_Tp, _Nm>::value_type& std::array<_Tp, _Nm>::\x1b[01;32m\x1b[Koperator[]\x1b[m\x1b[K(size_type) \x1b[35m\x1b[K[with _Tp = unsigned char; long unsigned int _Nm = 9; reference = unsigned char&; size_type = long unsigned int]\x1b[m\x1b[K\x1b[m\x1b[K\xe2\x80\x99\n'}
[0.450253] (tuw_hardware_trinamic_driver) StderrLine: {'line': b'  200 |       \x1b[01;36m\x1b[Koperator\x1b[m\x1b[K[](size_type __n) noexcept\n'}
[0.450345] (tuw_hardware_trinamic_driver) StderrLine: {'line': b'      |       \x1b[01;36m\x1b[K^~~~~~~~\x1b[m\x1b[K\n'}
[0.450437] (tuw_hardware_trinamic_driver) StderrLine: {'line': b'\x1b[01m\x1b[K/usr/include/c++/13/array:200:28:\x1b[m\x1b[K \x1b[01;36m\x1b[Knote: \x1b[m\x1b[K  no known conversion for argument 1 from \xe2\x80\x98\x1b[01m\x1b[Ktmcm1640::tmcm1640_cmd_format\x1b[m\x1b[K\xe2\x80\x99 to \xe2\x80\x98\x1b[01m\x1b[Kstd::array<unsigned char, 9>::size_type\x1b[m\x1b[K\xe2\x80\x99 {aka \xe2\x80\x98\x1b[01m\x1b[Klong unsigned int\x1b[m\x1b[K\xe2\x80\x99}\n'}
[0.450532] (tuw_hardware_trinamic_driver) StderrLine: {'line': b'  200 |       operator[](\x1b[01;36m\x1b[Ksize_type __n\x1b[m\x1b[K) noexcept\n'}
[0.450625] (tuw_hardware_trinamic_driver) StderrLine: {'line': b'      |                  \x1b[01;36m\x1b[K~~~~~~~~~~^~~\x1b[m\x1b[K\n'}
[0.450718] (tuw_hardware_trinamic_driver) StderrLine: {'line': b'\x1b[01m\x1b[K/usr/include/c++/13/array:208:7:\x1b[m\x1b[K \x1b[01;36m\x1b[Knote: \x1b[m\x1b[Kcandidate: \xe2\x80\x98\x1b[01m\x1b[Kconstexpr const std::array<_Tp, _Nm>::value_type& std::array<_Tp, _Nm>::\x1b[01;32m\x1b[Koperator[]\x1b[m\x1b[K(size_type) const \x1b[35m\x1b[K[with _Tp = unsigned char; long unsigned int _Nm = 9; const_reference = const unsigned char&; size_type = long unsigned int]\x1b[m\x1b[K\x1b[m\x1b[K\xe2\x80\x99\n'}
[0.450815] (tuw_hardware_trinamic_driver) StderrLine: {'line': b'  208 |       \x1b[01;36m\x1b[Koperator\x1b[m\x1b[K[](size_type __n) const noexcept\n'}
[0.450907] (tuw_hardware_trinamic_driver) StderrLine: {'line': b'      |       \x1b[01;36m\x1b[K^~~~~~~~\x1b[m\x1b[K\n'}
[0.451000] (tuw_hardware_trinamic_driver) StderrLine: {'line': b'\x1b[01m\x1b[K/usr/include/c++/13/array:208:28:\x1b[m\x1b[K \x1b[01;36m\x1b[Knote: \x1b[m\x1b[K  no known conversion for argument 1 from \xe2\x80\x98\x1b[01m\x1b[Ktmcm1640::tmcm1640_cmd_format\x1b[m\x1b[K\xe2\x80\x99 to \xe2\x80\x98\x1b[01m\x1b[Kstd::array<unsigned char, 9>::size_type\x1b[m\x1b[K\xe2\x80\x99 {aka \xe2\x80\x98\x1b[01m\x1b[Klong unsigned int\x1b[m\x1b[K\xe2\x80\x99}\n'}
[0.451095] (tuw_hardware_trinamic_driver) StderrLine: {'line': b'  208 |       operator[](\x1b[01;36m\x1b[Ksize_type __n\x1b[m\x1b[K) const noexcept\n'}
[0.451203] (tuw_hardware_trinamic_driver) StderrLine: {'line': b'      |                  \x1b[01;36m\x1b[K~~~~~~~~~~^~~\x1b[m\x1b[K\n'}
[0.451297] (tuw_hardware_trinamic_driver) StderrLine: {'line': b'\x1b[01m\x1b[K/home/coffee/Documents/Studium/TU/bachelorarbeit/tuw_hardware_interface/src/tuw_hardware_trinamic_driver/src/tuw_hardware_trinamic_connection.cpp:80:24:\x1b[m\x1b[K \x1b[01;31m\x1b[Kerror: \x1b[m\x1b[Kno match for \xe2\x80\x98\x1b[01m\x1b[Koperator[]\x1b[m\x1b[K\xe2\x80\x99 (operand types are \xe2\x80\x98\x1b[01m\x1b[Kstd::array<unsigned char, 9>\x1b[m\x1b[K\xe2\x80\x99 and \xe2\x80\x98\x1b[01m\x1b[Ktmcm1640::tmcm1640_cmd_format\x1b[m\x1b[K\xe2\x80\x99)\n'}
[0.451399] (tuw_hardware_trinamic_driver) StderrLine: {'line': b'   80 |         command_message\x1b[01;31m\x1b[K[\x1b[m\x1b[Ktmcm1640_cmd_format::VALUE1] = VALUE_DEFAULT;\n'}
[0.451492] (tuw_hardware_trinamic_driver) StderrLine: {'line': b'      |                        \x1b[01;31m\x1b[K^\x1b[m\x1b[K\n'}
[0.451589] (tuw_hardware_trinamic_driver) StderrLine: {'line': b'\x1b[01m\x1b[K/usr/include/c++/13/array:200:7:\x1b[m\x1b[K \x1b[01;36m\x1b[Knote: \x1b[m\x1b[Kcandidate: \xe2\x80\x98\x1b[01m\x1b[Kconstexpr std::array<_Tp, _Nm>::value_type& std::array<_Tp, _Nm>::\x1b[01;32m\x1b[Koperator[]\x1b[m\x1b[K(size_type) \x1b[35m\x1b[K[with _Tp = unsigned char; long unsigned int _Nm = 9; reference = unsigned char&; size_type = long unsigned int]\x1b[m\x1b[K\x1b[m\x1b[K\xe2\x80\x99\n'}
[0.451691] (tuw_hardware_trinamic_driver) StderrLine: {'line': b'  200 |       \x1b[01;36m\x1b[Koperator\x1b[m\x1b[K[](size_type __n) noexcept\n'}
[0.451784] (tuw_hardware_trinamic_driver) StderrLine: {'line': b'      |       \x1b[01;36m\x1b[K^~~~~~~~\x1b[m\x1b[K\n'}
[0.451877] (tuw_hardware_trinamic_driver) StderrLine: {'line': b'\x1b[01m\x1b[K/usr/include/c++/13/array:200:28:\x1b[m\x1b[K \x1b[01;36m\x1b[Knote: \x1b[m\x1b[K  no known conversion for argument 1 from \xe2\x80\x98\x1b[01m\x1b[Ktmcm1640::tmcm1640_cmd_format\x1b[m\x1b[K\xe2\x80\x99 to \xe2\x80\x98\x1b[01m\x1b[Kstd::array<unsigned char, 9>::size_type\x1b[m\x1b[K\xe2\x80\x99 {aka \xe2\x80\x98\x1b[01m\x1b[Klong unsigned int\x1b[m\x1b[K\xe2\x80\x99}\n'}
[0.451973] (tuw_hardware_trinamic_driver) StderrLine: {'line': b'  200 |       operator[](\x1b[01;36m\x1b[Ksize_type __n\x1b[m\x1b[K) noexcept\n'}
[0.452065] (tuw_hardware_trinamic_driver) StderrLine: {'line': b'      |                  \x1b[01;36m\x1b[K~~~~~~~~~~^~~\x1b[m\x1b[K\n'}
[0.452170] (tuw_hardware_trinamic_driver) StderrLine: {'line': b'\x1b[01m\x1b[K/usr/include/c++/13/array:208:7:\x1b[m\x1b[K \x1b[01;36m\x1b[Knote: \x1b[m\x1b[Kcandidate: \xe2\x80\x98\x1b[01m\x1b[Kconstexpr const std::array<_Tp, _Nm>::value_type& std::array<_Tp, _Nm>::\x1b[01;32m\x1b[Koperator[]\x1b[m\x1b[K(size_type) const \x1b[35m\x1b[K[with _Tp = unsigned char; long unsigned int _Nm = 9; const_reference = const unsigned char&; size_type = long unsigned int]\x1b[m\x1b[K\x1b[m\x1b[K\xe2\x80\x99\n'}
[0.452270] (tuw_hardware_trinamic_driver) StderrLine: {'line': b'  208 |       \x1b[01;36m\x1b[Koperator\x1b[m\x1b[K[](size_type __n) const noexcept\n'}
[0.452368] (tuw_hardware_trinamic_driver) StderrLine: {'line': b'      |       \x1b[01;36m\x1b[K^~~~~~~~\x1b[m\x1b[K\n'}
[0.452461] (tuw_hardware_trinamic_driver) StderrLine: {'line': b'\x1b[01m\x1b[K/usr/include/c++/13/array:208:28:\x1b[m\x1b[K \x1b[01;36m\x1b[Knote: \x1b[m\x1b[K  no known conversion for argument 1 from \xe2\x80\x98\x1b[01m\x1b[Ktmcm1640::tmcm1640_cmd_format\x1b[m\x1b[K\xe2\x80\x99 to \xe2\x80\x98\x1b[01m\x1b[Kstd::array<unsigned char, 9>::size_type\x1b[m\x1b[K\xe2\x80\x99 {aka \xe2\x80\x98\x1b[01m\x1b[Klong unsigned int\x1b[m\x1b[K\xe2\x80\x99}\n'}
[0.452560] (tuw_hardware_trinamic_driver) StderrLine: {'line': b'  208 |       operator[](\x1b[01;36m\x1b[Ksize_type __n\x1b[m\x1b[K) const noexcept\n'}
[0.452653] (tuw_hardware_trinamic_driver) StderrLine: {'line': b'      |                  \x1b[01;36m\x1b[K~~~~~~~~~~^~~\x1b[m\x1b[K\n'}
[0.452744] (tuw_hardware_trinamic_driver) StderrLine: {'line': b'\x1b[01m\x1b[K/home/coffee/Documents/Studium/TU/bachelorarbeit/tuw_hardware_interface/src/tuw_hardware_trinamic_driver/src/tuw_hardware_trinamic_connection.cpp:81:24:\x1b[m\x1b[K \x1b[01;31m\x1b[Kerror: \x1b[m\x1b[Kno match for \xe2\x80\x98\x1b[01m\x1b[Koperator[]\x1b[m\x1b[K\xe2\x80\x99 (operand types are \xe2\x80\x98\x1b[01m\x1b[Kstd::array<unsigned char, 9>\x1b[m\x1b[K\xe2\x80\x99 and \xe2\x80\x98\x1b[01m\x1b[Ktmcm1640::tmcm1640_cmd_format\x1b[m\x1b[K\xe2\x80\x99)\n'}
[0.452840] (tuw_hardware_trinamic_driver) StderrLine: {'line': b'   81 |         command_message\x1b[01;31m\x1b[K[\x1b[m\x1b[Ktmcm1640_cmd_format::VALUE0] = VALUE_DEFAULT;\n'}
[0.452931] (tuw_hardware_trinamic_driver) StderrLine: {'line': b'      |                        \x1b[01;31m\x1b[K^\x1b[m\x1b[K\n'}
[0.453022] (tuw_hardware_trinamic_driver) StderrLine: {'line': b'\x1b[01m\x1b[K/usr/include/c++/13/array:200:7:\x1b[m\x1b[K \x1b[01;36m\x1b[Knote: \x1b[m\x1b[Kcandidate: \xe2\x80\x98\x1b[01m\x1b[Kconstexpr std::array<_Tp, _Nm>::value_type& std::array<_Tp, _Nm>::\x1b[01;32m\x1b[Koperator[]\x1b[m\x1b[K(size_type) \x1b[35m\x1b[K[with _Tp = unsigned char; long unsigned int _Nm = 9; reference = unsigned char&; size_type = long unsigned int]\x1b[m\x1b[K\x1b[m\x1b[K\xe2\x80\x99\n'}
[0.453135] (tuw_hardware_trinamic_driver) StderrLine: {'line': b'  200 |       \x1b[01;36m\x1b[Koperator\x1b[m\x1b[K[](size_type __n) noexcept\n'}
[0.453233] (tuw_hardware_trinamic_driver) StderrLine: {'line': b'      |       \x1b[01;36m\x1b[K^~~~~~~~\x1b[m\x1b[K\n'}
[0.453324] (tuw_hardware_trinamic_driver) StderrLine: {'line': b'\x1b[01m\x1b[K/usr/include/c++/13/array:200:28:\x1b[m\x1b[K \x1b[01;36m\x1b[Knote: \x1b[m\x1b[K  no known conversion for argument 1 from \xe2\x80\x98\x1b[01m\x1b[Ktmcm1640::tmcm1640_cmd_format\x1b[m\x1b[K\xe2\x80\x99 to \xe2\x80\x98\x1b[01m\x1b[Kstd::array<unsigned char, 9>::size_type\x1b[m\x1b[K\xe2\x80\x99 {aka \xe2\x80\x98\x1b[01m\x1b[Klong unsigned int\x1b[m\x1b[K\xe2\x80\x99}\n'}
[0.453418] (tuw_hardware_trinamic_driver) StderrLine: {'line': b'  200 |       operator[](\x1b[01;36m\x1b[Ksize_type __n\x1b[m\x1b[K) noexcept\n'}
[0.453510] (tuw_hardware_trinamic_driver) StderrLine: {'line': b'      |                  \x1b[01;36m\x1b[K~~~~~~~~~~^~~\x1b[m\x1b[K\n'}
[0.453601] (tuw_hardware_trinamic_driver) StderrLine: {'line': b'\x1b[01m\x1b[K/usr/include/c++/13/array:208:7:\x1b[m\x1b[K \x1b[01;36m\x1b[Knote: \x1b[m\x1b[Kcandidate: \xe2\x80\x98\x1b[01m\x1b[Kconstexpr const std::array<_Tp, _Nm>::value_type& std::array<_Tp, _Nm>::\x1b[01;32m\x1b[Koperator[]\x1b[m\x1b[K(size_type) const \x1b[35m\x1b[K[with _Tp = unsigned char; long unsigned int _Nm = 9; const_reference = const unsigned char&; size_type = long unsigned int]\x1b[m\x1b[K\x1b[m\x1b[K\xe2\x80\x99\n'}
[0.453701] (tuw_hardware_trinamic_driver) StderrLine: {'line': b'  208 |       \x1b[01;36m\x1b[Koperator\x1b[m\x1b[K[](size_type __n) const noexcept\n'}
[0.453794] (tuw_hardware_trinamic_driver) StderrLine: {'line': b'      |       \x1b[01;36m\x1b[K^~~~~~~~\x1b[m\x1b[K\n'}
[0.453885] (tuw_hardware_trinamic_driver) StderrLine: {'line': b'\x1b[01m\x1b[K/usr/include/c++/13/array:208:28:\x1b[m\x1b[K \x1b[01;36m\x1b[Knote: \x1b[m\x1b[K  no known conversion for argument 1 from \xe2\x80\x98\x1b[01m\x1b[Ktmcm1640::tmcm1640_cmd_format\x1b[m\x1b[K\xe2\x80\x99 to \xe2\x80\x98\x1b[01m\x1b[Kstd::array<unsigned char, 9>::size_type\x1b[m\x1b[K\xe2\x80\x99 {aka \xe2\x80\x98\x1b[01m\x1b[Klong unsigned int\x1b[m\x1b[K\xe2\x80\x99}\n'}
[0.453986] (tuw_hardware_trinamic_driver) StderrLine: {'line': b'  208 |       operator[](\x1b[01;36m\x1b[Ksize_type __n\x1b[m\x1b[K) const noexcept\n'}
[0.454078] (tuw_hardware_trinamic_driver) StderrLine: {'line': b'      |                  \x1b[01;36m\x1b[K~~~~~~~~~~^~~\x1b[m\x1b[K\n'}
[0.454184] (tuw_hardware_trinamic_driver) StderrLine: {'line': b'\x1b[01m\x1b[K/home/coffee/Documents/Studium/TU/bachelorarbeit/tuw_hardware_interface/src/tuw_hardware_trinamic_driver/src/tuw_hardware_trinamic_connection.cpp:\x1b[m\x1b[K In member function \xe2\x80\x98\x1b[01m\x1b[Kint32_t tmcm1640::TMCM1640Connection::\x1b[01;32m\x1b[Kcommunicate\x1b[m\x1b[K(tmcm1640::tmcm1640_cmd, int, int)\x1b[m\x1b[K\xe2\x80\x99:\n'}
[0.454283] (tuw_hardware_trinamic_driver) StderrLine: {'line': b'\x1b[01m\x1b[K/home/coffee/Documents/Studium/TU/bachelorarbeit/tuw_hardware_interface/src/tuw_hardware_trinamic_driver/src/tuw_hardware_trinamic_connection.cpp:99:24:\x1b[m\x1b[K \x1b[01;31m\x1b[Kerror: \x1b[m\x1b[Kno match for \xe2\x80\x98\x1b[01m\x1b[Koperator[]\x1b[m\x1b[K\xe2\x80\x99 (operand types are \xe2\x80\x98\x1b[01m\x1b[Kstd::array<unsigned char, 9>\x1b[m\x1b[K\xe2\x80\x99 and \xe2\x80\x98\x1b[01m\x1b[Ktmcm1640::tmcm1640_cmd_format\x1b[m\x1b[K\xe2\x80\x99)\n'}
[0.454379] (tuw_hardware_trinamic_driver) StderrLine: {'line': b'   99 |         command_message\x1b[01;31m\x1b[K[\x1b[m\x1b[Ktmcm1640_cmd_format::CMD] = cmd;\n'}
[0.454473] (tuw_hardware_trinamic_driver) StderrLine: {'line': b'      |                        \x1b[01;31m\x1b[K^\x1b[m\x1b[K\n'}
[0.454573] (tuw_hardware_trinamic_driver) StderrLine: {'line': b'\x1b[01m\x1b[K/usr/include/c++/13/array:200:7:\x1b[m\x1b[K \x1b[01;36m\x1b[Knote: \x1b[m\x1b[Kcandidate: \xe2\x80\x98\x1b[01m\x1b[Kconstexpr std::array<_Tp, _Nm>::value_type& std::array<_Tp, _Nm>::\x1b[01;32m\x1b[Koperator[]\x1b[m\x1b[K(size_type) \x1b[35m\x1b[K[with _Tp = unsigned char; long unsigned int _Nm = 9; reference = unsigned char&; size_type = long unsigned int]\x1b[m\x1b[K\x1b[m\x1b[K\xe2\x80\x99\n'}
[0.454675] (tuw_hardware_trinamic_driver) StderrLine: {'line': b'  200 |       \x1b[01;36m\x1b[Koperator\x1b[m\x1b[K[](size_type __n) noexcept\n'}
[0.454767] (tuw_hardware_trinamic_driver) StderrLine: {'line': b'      |       \x1b[01;36m\x1b[K^~~~~~~~\x1b[m\x1b[K\n'}
[0.454857] (tuw_hardware_trinamic_driver) StderrLine: {'line': b'\x1b[01m\x1b[K/usr/include/c++/13/array:200:28:\x1b[m\x1b[K \x1b[01;36m\x1b[Knote: \x1b[m\x1b[K  no known conversion for argument 1 from \xe2\x80\x98\x1b[01m\x1b[Ktmcm1640::tmcm1640_cmd_format\x1b[m\x1b[K\xe2\x80\x99 to \xe2\x80\x98\x1b[01m\x1b[Kstd::array<unsigned char, 9>::size_type\x1b[m\x1b[K\xe2\x80\x99 {aka \xe2\x80\x98\x1b[01m\x1b[Klong unsigned int\x1b[m\x1b[K\xe2\x80\x99}\n'}
[0.454956] (tuw_hardware_trinamic_driver) StderrLine: {'line': b'  200 |       operator[](\x1b[01;36m\x1b[Ksize_type __n\x1b[m\x1b[K) noexcept\n'}
[0.455049] (tuw_hardware_trinamic_driver) StderrLine: {'line': b'      |                  \x1b[01;36m\x1b[K~~~~~~~~~~^~~\x1b[m\x1b[K\n'}
[0.455148] (tuw_hardware_trinamic_driver) StderrLine: {'line': b'\x1b[01m\x1b[K/usr/include/c++/13/array:208:7:\x1b[m\x1b[K \x1b[01;36m\x1b[Knote: \x1b[m\x1b[Kcandidate: \xe2\x80\x98\x1b[01m\x1b[Kconstexpr const std::array<_Tp, _Nm>::value_type& std::array<_Tp, _Nm>::\x1b[01;32m\x1b[Koperator[]\x1b[m\x1b[K(size_type) const \x1b[35m\x1b[K[with _Tp = unsigned char; long unsigned int _Nm = 9; const_reference = const unsigned char&; size_type = long unsigned int]\x1b[m\x1b[K\x1b[m\x1b[K\xe2\x80\x99\n'}
[0.455253] (tuw_hardware_trinamic_driver) StderrLine: {'line': b'  208 |       \x1b[01;36m\x1b[Koperator\x1b[m\x1b[K[](size_type __n) const noexcept\n'}
[0.455346] (tuw_hardware_trinamic_driver) StderrLine: {'line': b'      |       \x1b[01;36m\x1b[K^~~~~~~~\x1b[m\x1b[K\n'}
[0.455437] (tuw_hardware_trinamic_driver) StderrLine: {'line': b'\x1b[01m\x1b[K/usr/include/c++/13/array:208:28:\x1b[m\x1b[K \x1b[01;36m\x1b[Knote: \x1b[m\x1b[K  no known conversion for argument 1 from \xe2\x80\x98\x1b[01m\x1b[Ktmcm1640::tmcm1640_cmd_format\x1b[m\x1b[K\xe2\x80\x99 to \xe2\x80\x98\x1b[01m\x1b[Kstd::array<unsigned char, 9>::size_type\x1b[m\x1b[K\xe2\x80\x99 {aka \xe2\x80\x98\x1b[01m\x1b[Klong unsigned int\x1b[m\x1b[K\xe2\x80\x99}\n'}
[0.455531] (tuw_hardware_trinamic_driver) StderrLine: {'line': b'  208 |       operator[](\x1b[01;36m\x1b[Ksize_type __n\x1b[m\x1b[K) const noexcept\n'}
[0.455622] (tuw_hardware_trinamic_driver) StderrLine: {'line': b'      |                  \x1b[01;36m\x1b[K~~~~~~~~~~^~~\x1b[m\x1b[K\n'}
[0.455714] (tuw_hardware_trinamic_driver) StderrLine: {'line': b'\x1b[01m\x1b[K/home/coffee/Documents/Studium/TU/bachelorarbeit/tuw_hardware_interface/src/tuw_hardware_trinamic_driver/src/tuw_hardware_trinamic_connection.cpp:100:24:\x1b[m\x1b[K \x1b[01;31m\x1b[Kerror: \x1b[m\x1b[Kno match for \xe2\x80\x98\x1b[01m\x1b[Koperator[]\x1b[m\x1b[K\xe2\x80\x99 (operand types are \xe2\x80\x98\x1b[01m\x1b[Kstd::array<unsigned char, 9>\x1b[m\x1b[K\xe2\x80\x99 and \xe2\x80\x98\x1b[01m\x1b[Ktmcm1640::tmcm1640_cmd_format\x1b[m\x1b[K\xe2\x80\x99)\n'}
[0.455814] (tuw_hardware_trinamic_driver) StderrLine: {'line': b'  100 |         command_message\x1b[01;31m\x1b[K[\x1b[m\x1b[Ktmcm1640_cmd_format::TYPE] = type;\n'}
[0.455905] (tuw_hardware_trinamic_driver) StderrLine: {'line': b'      |                        \x1b[01;31m\x1b[K^\x1b[m\x1b[K\n'}
[0.455996] (tuw_hardware_trinamic_driver) StderrLine: {'line': b'\x1b[01m\x1b[K/usr/include/c++/13/array:200:7:\x1b[m\x1b[K \x1b[01;36m\x1b[Knote: \x1b[m\x1b[Kcandidate: \xe2\x80\x98\x1b[01m\x1b[Kconstexpr std::array<_Tp, _Nm>::value_type& std::array<_Tp, _Nm>::\x1b[01;32m\x1b[Koperator[]\x1b[m\x1b[K(size_type) \x1b[35m\x1b[K[with _Tp = unsigned char; long unsigned int _Nm = 9; reference = unsigned char&; size_type = long unsigned int]\x1b[m\x1b[K\x1b[m\x1b[K\xe2\x80\x99\n'}
[0.456101] (tuw_hardware_trinamic_driver) StderrLine: {'line': b'  200 |       \x1b[01;36m\x1b[Koperator\x1b[m\x1b[K[](size_type __n) noexcept\n'}
[0.456206] (tuw_hardware_trinamic_driver) StderrLine: {'line': b'      |       \x1b[01;36m\x1b[K^~~~~~~~\x1b[m\x1b[K\n'}
[0.456299] (tuw_hardware_trinamic_driver) StderrLine: {'line': b'\x1b[01m\x1b[K/usr/include/c++/13/array:200:28:\x1b[m\x1b[K \x1b[01;36m\x1b[Knote: \x1b[m\x1b[K  no known conversion for argument 1 from \xe2\x80\x98\x1b[01m\x1b[Ktmcm1640::tmcm1640_cmd_format\x1b[m\x1b[K\xe2\x80\x99 to \xe2\x80\x98\x1b[01m\x1b[Kstd::array<unsigned char, 9>::size_type\x1b[m\x1b[K\xe2\x80\x99 {aka \xe2\x80\x98\x1b[01m\x1b[Klong unsigned int\x1b[m\x1b[K\xe2\x80\x99}\n'}
[0.456398] (tuw_hardware_trinamic_driver) StderrLine: {'line': b'  200 |       operator[](\x1b[01;36m\x1b[Ksize_type __n\x1b[m\x1b[K) noexcept\n'}
[0.456490] (tuw_hardware_trinamic_driver) StderrLine: {'line': b'      |                  \x1b[01;36m\x1b[K~~~~~~~~~~^~~\x1b[m\x1b[K\n'}
[0.456581] (tuw_hardware_trinamic_driver) StderrLine: {'line': b'\x1b[01m\x1b[K/usr/include/c++/13/array:208:7:\x1b[m\x1b[K \x1b[01;36m\x1b[Knote: \x1b[m\x1b[Kcandidate: \xe2\x80\x98\x1b[01m\x1b[Kconstexpr const std::array<_Tp, _Nm>::value_type& std::array<_Tp, _Nm>::\x1b[01;32m\x1b[Koperator[]\x1b[m\x1b[K(size_type) const \x1b[35m\x1b[K[with _Tp = unsigned char; long unsigned int _Nm = 9; const_reference = const unsigned char&; size_type = long unsigned int]\x1b[m\x1b[K\x1b[m\x1b[K\xe2\x80\x99\n'}
[0.456677] (tuw_hardware_trinamic_driver) StderrLine: {'line': b'  208 |       \x1b[01;36m\x1b[Koperator\x1b[m\x1b[K[](size_type __n) const noexcept\n'}
[0.456768] (tuw_hardware_trinamic_driver) StderrLine: {'line': b'      |       \x1b[01;36m\x1b[K^~~~~~~~\x1b[m\x1b[K\n'}
[0.456859] (tuw_hardware_trinamic_driver) StderrLine: {'line': b'\x1b[01m\x1b[K/usr/include/c++/13/array:208:28:\x1b[m\x1b[K \x1b[01;36m\x1b[Knote: \x1b[m\x1b[K  no known conversion for argument 1 from \xe2\x80\x98\x1b[01m\x1b[Ktmcm1640::tmcm1640_cmd_format\x1b[m\x1b[K\xe2\x80\x99 to \xe2\x80\x98\x1b[01m\x1b[Kstd::array<unsigned char, 9>::size_type\x1b[m\x1b[K\xe2\x80\x99 {aka \xe2\x80\x98\x1b[01m\x1b[Klong unsigned int\x1b[m\x1b[K\xe2\x80\x99}\n'}
[0.456953] (tuw_hardware_trinamic_driver) StderrLine: {'line': b'  208 |       operator[](\x1b[01;36m\x1b[Ksize_type __n\x1b[m\x1b[K) const noexcept\n'}
[0.457044] (tuw_hardware_trinamic_driver) StderrLine: {'line': b'      |                  \x1b[01;36m\x1b[K~~~~~~~~~~^~~\x1b[m\x1b[K\n'}
[0.457144] (tuw_hardware_trinamic_driver) StderrLine: {'line': b'\x1b[01m\x1b[K/home/coffee/Documents/Studium/TU/bachelorarbeit/tuw_hardware_interface/src/tuw_hardware_trinamic_driver/src/tuw_hardware_trinamic_connection.cpp:101:24:\x1b[m\x1b[K \x1b[01;31m\x1b[Kerror: \x1b[m\x1b[Kno match for \xe2\x80\x98\x1b[01m\x1b[Koperator[]\x1b[m\x1b[K\xe2\x80\x99 (operand types are \xe2\x80\x98\x1b[01m\x1b[Kstd::array<unsigned char, 9>\x1b[m\x1b[K\xe2\x80\x99 and \xe2\x80\x98\x1b[01m\x1b[Ktmcm1640::tmcm1640_cmd_format\x1b[m\x1b[K\xe2\x80\x99)\n'}
[0.457245] (tuw_hardware_trinamic_driver) StderrLine: {'line': b'  101 |         command_message\x1b[01;31m\x1b[K[\x1b[m\x1b[Ktmcm1640_cmd_format::VALUE3] = value >> 24;\n'}
[0.457336] (tuw_hardware_trinamic_driver) StderrLine: {'line': b'      |                        \x1b[01;31m\x1b[K^\x1b[m\x1b[K\n'}
[0.457428] (tuw_hardware_trinamic_driver) StderrLine: {'line': b'\x1b[01m\x1b[K/usr/include/c++/13/array:200:7:\x1b[m\x1b[K \x1b[01;36m\x1b[Knote: \x1b[m\x1b[Kcandidate: \xe2\x80\x98\x1b[01m\x1b[Kconstexpr std::array<_Tp, _Nm>::value_type& std::array<_Tp, _Nm>::\x1b[01;32m\x1b[Koperator[]\x1b[m\x1b[K(size_type) \x1b[35m\x1b[K[with _Tp = unsigned char; long unsigned int _Nm = 9; reference = unsigned char&; size_type = long unsigned int]\x1b[m\x1b[K\x1b[m\x1b[K\xe2\x80\x99\n'}
[0.457528] (tuw_hardware_trinamic_driver) StderrLine: {'line': b'  200 |       \x1b[01;36m\x1b[Koperator\x1b[m\x1b[K[](size_type __n) noexcept\n'}
[0.457625] (tuw_hardware_trinamic_driver) StderrLine: {'line': b'      |       \x1b[01;36m\x1b[K^~~~~~~~\x1b[m\x1b[K\n'}
[0.457717] (tuw_hardware_trinamic_driver) StderrLine: {'line': b'\x1b[01m\x1b[K/usr/include/c++/13/array:200:28:\x1b[m\x1b[K \x1b[01;36m\x1b[Knote: \x1b[m\x1b[K  no known conversion for argument 1 from \xe2\x80\x98\x1b[01m\x1b[Ktmcm1640::tmcm1640_cmd_format\x1b[m\x1b[K\xe2\x80\x99 to \xe2\x80\x98\x1b[01m\x1b[Kstd::array<unsigned char, 9>::size_type\x1b[m\x1b[K\xe2\x80\x99 {aka \xe2\x80\x98\x1b[01m\x1b[Klong unsigned int\x1b[m\x1b[K\xe2\x80\x99}\n'}
[0.457816] (tuw_hardware_trinamic_driver) StderrLine: {'line': b'  200 |       operator[](\x1b[01;36m\x1b[Ksize_type __n\x1b[m\x1b[K) noexcept\n'}
[0.457908] (tuw_hardware_trinamic_driver) StderrLine: {'line': b'      |                  \x1b[01;36m\x1b[K~~~~~~~~~~^~~\x1b[m\x1b[K\n'}
[0.457999] (tuw_hardware_trinamic_driver) StderrLine: {'line': b'\x1b[01m\x1b[K/usr/include/c++/13/array:208:7:\x1b[m\x1b[K \x1b[01;36m\x1b[Knote: \x1b[m\x1b[Kcandidate: \xe2\x80\x98\x1b[01m\x1b[Kconstexpr const std::array<_Tp, _Nm>::value_type& std::array<_Tp, _Nm>::\x1b[01;32m\x1b[Koperator[]\x1b[m\x1b[K(size_type) const \x1b[35m\x1b[K[with _Tp = unsigned char; long unsigned int _Nm = 9; const_reference = const unsigned char&; size_type = long unsigned int]\x1b[m\x1b[K\x1b[m\x1b[K\xe2\x80\x99\n'}
[0.458093] (tuw_hardware_trinamic_driver) StderrLine: {'line': b'  208 |       \x1b[01;36m\x1b[Koperator\x1b[m\x1b[K[](size_type __n) const noexcept\n'}
[0.458205] (tuw_hardware_trinamic_driver) StderrLine: {'line': b'      |       \x1b[01;36m\x1b[K^~~~~~~~\x1b[m\x1b[K\n'}
[0.458299] (tuw_hardware_trinamic_driver) StderrLine: {'line': b'\x1b[01m\x1b[K/usr/include/c++/13/array:208:28:\x1b[m\x1b[K \x1b[01;36m\x1b[Knote: \x1b[m\x1b[K  no known conversion for argument 1 from \xe2\x80\x98\x1b[01m\x1b[Ktmcm1640::tmcm1640_cmd_format\x1b[m\x1b[K\xe2\x80\x99 to \xe2\x80\x98\x1b[01m\x1b[Kstd::array<unsigned char, 9>::size_type\x1b[m\x1b[K\xe2\x80\x99 {aka \xe2\x80\x98\x1b[01m\x1b[Klong unsigned int\x1b[m\x1b[K\xe2\x80\x99}\n'}
[0.458394] (tuw_hardware_trinamic_driver) StderrLine: {'line': b'  208 |       operator[](\x1b[01;36m\x1b[Ksize_type __n\x1b[m\x1b[K) const noexcept\n'}
[0.458484] (tuw_hardware_trinamic_driver) StderrLine: {'line': b'      |                  \x1b[01;36m\x1b[K~~~~~~~~~~^~~\x1b[m\x1b[K\n'}
[0.458574] (tuw_hardware_trinamic_driver) StderrLine: {'line': b'\x1b[01m\x1b[K/home/coffee/Documents/Studium/TU/bachelorarbeit/tuw_hardware_interface/src/tuw_hardware_trinamic_driver/src/tuw_hardware_trinamic_connection.cpp:102:24:\x1b[m\x1b[K \x1b[01;31m\x1b[Kerror: \x1b[m\x1b[Kno match for \xe2\x80\x98\x1b[01m\x1b[Koperator[]\x1b[m\x1b[K\xe2\x80\x99 (operand types are \xe2\x80\x98\x1b[01m\x1b[Kstd::array<unsigned char, 9>\x1b[m\x1b[K\xe2\x80\x99 and \xe2\x80\x98\x1b[01m\x1b[Ktmcm1640::tmcm1640_cmd_format\x1b[m\x1b[K\xe2\x80\x99)\n'}
[0.458669] (tuw_hardware_trinamic_driver) StderrLine: {'line': b'  102 |         command_message\x1b[01;31m\x1b[K[\x1b[m\x1b[Ktmcm1640_cmd_format::VALUE2] = value >> 16;\n'}
[0.458760] (tuw_hardware_trinamic_driver) StderrLine: {'line': b'      |                        \x1b[01;31m\x1b[K^\x1b[m\x1b[K\n'}
[0.458850] (tuw_hardware_trinamic_driver) StderrLine: {'line': b'\x1b[01m\x1b[K/usr/include/c++/13/array:200:7:\x1b[m\x1b[K \x1b[01;36m\x1b[Knote: \x1b[m\x1b[Kcandidate: \xe2\x80\x98\x1b[01m\x1b[Kconstexpr std::array<_Tp, _Nm>::value_type& std::array<_Tp, _Nm>::\x1b[01;32m\x1b[Koperator[]\x1b[m\x1b[K(size_type) \x1b[35m\x1b[K[with _Tp = unsigned char; long unsigned int _Nm = 9; reference = unsigned char&; size_type = long unsigned int]\x1b[m\x1b[K\x1b[m\x1b[K\xe2\x80\x99\n'}
[0.458950] (tuw_hardware_trinamic_driver) StderrLine: {'line': b'  200 |       \x1b[01;36m\x1b[Koperator\x1b[m\x1b[K[](size_type __n) noexcept\n'}
[0.459041] (tuw_hardware_trinamic_driver) StderrLine: {'line': b'      |       \x1b[01;36m\x1b[K^~~~~~~~\x1b[m\x1b[K\n'}
[0.459148] (tuw_hardware_trinamic_driver) StderrLine: {'line': b'\x1b[01m\x1b[K/usr/include/c++/13/array:200:28:\x1b[m\x1b[K \x1b[01;36m\x1b[Knote: \x1b[m\x1b[K  no known conversion for argument 1 from \xe2\x80\x98\x1b[01m\x1b[Ktmcm1640::tmcm1640_cmd_format\x1b[m\x1b[K\xe2\x80\x99 to \xe2\x80\x98\x1b[01m\x1b[Kstd::array<unsigned char, 9>::size_type\x1b[m\x1b[K\xe2\x80\x99 {aka \xe2\x80\x98\x1b[01m\x1b[Klong unsigned int\x1b[m\x1b[K\xe2\x80\x99}\n'}
[0.459248] (tuw_hardware_trinamic_driver) StderrLine: {'line': b'  200 |       operator[](\x1b[01;36m\x1b[Ksize_type __n\x1b[m\x1b[K) noexcept\n'}
[0.459340] (tuw_hardware_trinamic_driver) StderrLine: {'line': b'      |                  \x1b[01;36m\x1b[K~~~~~~~~~~^~~\x1b[m\x1b[K\n'}
[0.459432] (tuw_hardware_trinamic_driver) StderrLine: {'line': b'\x1b[01m\x1b[K/usr/include/c++/13/array:208:7:\x1b[m\x1b[K \x1b[01;36m\x1b[Knote: \x1b[m\x1b[Kcandidate: \xe2\x80\x98\x1b[01m\x1b[Kconstexpr const std::array<_Tp, _Nm>::value_type& std::array<_Tp, _Nm>::\x1b[01;32m\x1b[Koperator[]\x1b[m\x1b[K(size_type) const \x1b[35m\x1b[K[with _Tp = unsigned char; long unsigned int _Nm = 9; const_reference = const unsigned char&; size_type = long unsigned int]\x1b[m\x1b[K\x1b[m\x1b[K\xe2\x80\x99\n'}
[0.459526] (tuw_hardware_trinamic_driver) StderrLine: {'line': b'  208 |       \x1b[01;36m\x1b[Koperator\x1b[m\x1b[K[](size_type __n) const noexcept\n'}
[0.459617] (tuw_hardware_trinamic_driver) StderrLine: {'line': b'      |       \x1b[01;36m\x1b[K^~~~~~~~\x1b[m\x1b[K\n'}
[0.459708] (tuw_hardware_trinamic_driver) StderrLine: {'line': b'\x1b[01m\x1b[K/usr/include/c++/13/array:208:28:\x1b[m\x1b[K \x1b[01;36m\x1b[Knote: \x1b[m\x1b[K  no known conversion for argument 1 from \xe2\x80\x98\x1b[01m\x1b[Ktmcm1640::tmcm1640_cmd_format\x1b[m\x1b[K\xe2\x80\x99 to \xe2\x80\x98\x1b[01m\x1b[Kstd::array<unsigned char, 9>::size_type\x1b[m\x1b[K\xe2\x80\x99 {aka \xe2\x80\x98\x1b[01m\x1b[Klong unsigned int\x1b[m\x1b[K\xe2\x80\x99}\n'}
[0.459802] (tuw_hardware_trinamic_driver) StderrLine: {'line': b'  208 |       operator[](\x1b[01;36m\x1b[Ksize_type __n\x1b[m\x1b[K) const noexcept\n'}
[0.459894] (tuw_hardware_trinamic_driver) StderrLine: {'line': b'      |                  \x1b[01;36m\x1b[K~~~~~~~~~~^~~\x1b[m\x1b[K\n'}
[0.459985] (tuw_hardware_trinamic_driver) StderrLine: {'line': b'\x1b[01m\x1b[K/home/coffee/Documents/Studium/TU/bachelorarbeit/tuw_hardware_interface/src/tuw_hardware_trinamic_driver/src/tuw_hardware_trinamic_connection.cpp:103:24:\x1b[m\x1b[K \x1b[01;31m\x1b[Kerror: \x1b[m\x1b[Kno match for \xe2\x80\x98\x1b[01m\x1b[Koperator[]\x1b[m\x1b[K\xe2\x80\x99 (operand types are \xe2\x80\x98\x1b[01m\x1b[Kstd::array<unsigned char, 9>\x1b[m\x1b[K\xe2\x80\x99 and \xe2\x80\x98\x1b[01m\x1b[Ktmcm1640::tmcm1640_cmd_format\x1b[m\x1b[K\xe2\x80\x99)\n'}
[0.460082] (tuw_hardware_trinamic_driver) StderrLine: {'line': b'  103 |         command_message\x1b[01;31m\x1b[K[\x1b[m\x1b[Ktmcm1640_cmd_format::VALUE1] = value >> 8;\n'}
[0.460187] (tuw_hardware_trinamic_driver) StderrLine: {'line': b'      |                        \x1b[01;31m\x1b[K^\x1b[m\x1b[K\n'}
[0.460279] (tuw_hardware_trinamic_driver) StderrLine: {'line': b'\x1b[01m\x1b[K/usr/include/c++/13/array:200:7:\x1b[m\x1b[K \x1b[01;36m\x1b[Knote: \x1b[m\x1b[Kcandidate: \xe2\x80\x98\x1b[01m\x1b[Kconstexpr std::array<_Tp, _Nm>::value_type& std::array<_Tp, _Nm>::\x1b[01;32m\x1b[Koperator[]\x1b[m\x1b[K(size_type) \x1b[35m\x1b[K[with _Tp = unsigned char; long unsigned int _Nm = 9; reference = unsigned char&; size_type = long unsigned int]\x1b[m\x1b[K\x1b[m\x1b[K\xe2\x80\x99\n'}
[0.460394] (tuw_hardware_trinamic_driver) StderrLine: {'line': b'  200 |       \x1b[01;36m\x1b[Koperator\x1b[m\x1b[K[](size_type __n) noexcept\n'}
[0.460485] (tuw_hardware_trinamic_driver) StderrLine: {'line': b'      |       \x1b[01;36m\x1b[K^~~~~~~~\x1b[m\x1b[K\n'}
[0.460575] (tuw_hardware_trinamic_driver) StderrLine: {'line': b'\x1b[01m\x1b[K/usr/include/c++/13/array:200:28:\x1b[m\x1b[K \x1b[01;36m\x1b[Knote: \x1b[m\x1b[K  no known conversion for argument 1 from \xe2\x80\x98\x1b[01m\x1b[Ktmcm1640::tmcm1640_cmd_format\x1b[m\x1b[K\xe2\x80\x99 to \xe2\x80\x98\x1b[01m\x1b[Kstd::array<unsigned char, 9>::size_type\x1b[m\x1b[K\xe2\x80\x99 {aka \xe2\x80\x98\x1b[01m\x1b[Klong unsigned int\x1b[m\x1b[K\xe2\x80\x99}\n'}
[0.460674] (tuw_hardware_trinamic_driver) StderrLine: {'line': b'  200 |       operator[](\x1b[01;36m\x1b[Ksize_type __n\x1b[m\x1b[K) noexcept\n'}
[0.460765] (tuw_hardware_trinamic_driver) StderrLine: {'line': b'      |                  \x1b[01;36m\x1b[K~~~~~~~~~~^~~\x1b[m\x1b[K\n'}
[0.460854] (tuw_hardware_trinamic_driver) StderrLine: {'line': b'\x1b[01m\x1b[K/usr/include/c++/13/array:208:7:\x1b[m\x1b[K \x1b[01;36m\x1b[Knote: \x1b[m\x1b[Kcandidate: \xe2\x80\x98\x1b[01m\x1b[Kconstexpr const std::array<_Tp, _Nm>::value_type& std::array<_Tp, _Nm>::\x1b[01;32m\x1b[Koperator[]\x1b[m\x1b[K(size_type) const \x1b[35m\x1b[K[with _Tp = unsigned char; long unsigned int _Nm = 9; const_reference = const unsigned char&; size_type = long unsigned int]\x1b[m\x1b[K\x1b[m\x1b[K\xe2\x80\x99\n'}
[0.460955] (tuw_hardware_trinamic_driver) StderrLine: {'line': b'  208 |       \x1b[01;36m\x1b[Koperator\x1b[m\x1b[K[](size_type __n) const noexcept\n'}
[0.461046] (tuw_hardware_trinamic_driver) StderrLine: {'line': b'      |       \x1b[01;36m\x1b[K^~~~~~~~\x1b[m\x1b[K\n'}
[0.461144] (tuw_hardware_trinamic_driver) StderrLine: {'line': b'\x1b[01m\x1b[K/usr/include/c++/13/array:208:28:\x1b[m\x1b[K \x1b[01;36m\x1b[Knote: \x1b[m\x1b[K  no known conversion for argument 1 from \xe2\x80\x98\x1b[01m\x1b[Ktmcm1640::tmcm1640_cmd_format\x1b[m\x1b[K\xe2\x80\x99 to \xe2\x80\x98\x1b[01m\x1b[Kstd::array<unsigned char, 9>::size_type\x1b[m\x1b[K\xe2\x80\x99 {aka \xe2\x80\x98\x1b[01m\x1b[Klong unsigned int\x1b[m\x1b[K\xe2\x80\x99}\n'}
[0.461244] (tuw_hardware_trinamic_driver) StderrLine: {'line': b'  208 |       operator[](\x1b[01;36m\x1b[Ksize_type __n\x1b[m\x1b[K) const noexcept\n'}
[0.461334] (tuw_hardware_trinamic_driver) StderrLine: {'line': b'      |                  \x1b[01;36m\x1b[K~~~~~~~~~~^~~\x1b[m\x1b[K\n'}
[0.461429] (tuw_hardware_trinamic_driver) StderrLine: {'line': b'\x1b[01m\x1b[K/home/coffee/Documents/Studium/TU/bachelorarbeit/tuw_hardware_interface/src/tuw_hardware_trinamic_driver/src/tuw_hardware_trinamic_connection.cpp:104:24:\x1b[m\x1b[K \x1b[01;31m\x1b[Kerror: \x1b[m\x1b[Kno match for \xe2\x80\x98\x1b[01m\x1b[Koperator[]\x1b[m\x1b[K\xe2\x80\x99 (operand types are \xe2\x80\x98\x1b[01m\x1b[Kstd::array<unsigned char, 9>\x1b[m\x1b[K\xe2\x80\x99 and \xe2\x80\x98\x1b[01m\x1b[Ktmcm1640::tmcm1640_cmd_format\x1b[m\x1b[K\xe2\x80\x99)\n'}
[0.461523] (tuw_hardware_trinamic_driver) StderrLine: {'line': b'  104 |         command_message\x1b[01;31m\x1b[K[\x1b[m\x1b[Ktmcm1640_cmd_format::VALUE0] = value;\n'}
[0.461615] (tuw_hardware_trinamic_driver) StderrLine: {'line': b'      |                        \x1b[01;31m\x1b[K^\x1b[m\x1b[K\n'}
[0.461706] (tuw_hardware_trinamic_driver) StderrLine: {'line': b'\x1b[01m\x1b[K/usr/include/c++/13/array:200:7:\x1b[m\x1b[K \x1b[01;36m\x1b[Knote: \x1b[m\x1b[Kcandidate: \xe2\x80\x98\x1b[01m\x1b[Kconstexpr std::array<_Tp, _Nm>::value_type& std::array<_Tp, _Nm>::\x1b[01;32m\x1b[Koperator[]\x1b[m\x1b[K(size_type) \x1b[35m\x1b[K[with _Tp = unsigned char; long unsigned int _Nm = 9; reference = unsigned char&; size_type = long unsigned int]\x1b[m\x1b[K\x1b[m\x1b[K\xe2\x80\x99\n'}
[0.461804] (tuw_hardware_trinamic_driver) StderrLine: {'line': b'  200 |       \x1b[01;36m\x1b[Koperator\x1b[m\x1b[K[](size_type __n) noexcept\n'}
[0.461895] (tuw_hardware_trinamic_driver) StderrLine: {'line': b'      |       \x1b[01;36m\x1b[K^~~~~~~~\x1b[m\x1b[K\n'}
[0.461985] (tuw_hardware_trinamic_driver) StderrLine: {'line': b'\x1b[01m\x1b[K/usr/include/c++/13/array:200:28:\x1b[m\x1b[K \x1b[01;36m\x1b[Knote: \x1b[m\x1b[K  no known conversion for argument 1 from \xe2\x80\x98\x1b[01m\x1b[Ktmcm1640::tmcm1640_cmd_format\x1b[m\x1b[K\xe2\x80\x99 to \xe2\x80\x98\x1b[01m\x1b[Kstd::array<unsigned char, 9>::size_type\x1b[m\x1b[K\xe2\x80\x99 {aka \xe2\x80\x98\x1b[01m\x1b[Klong unsigned int\x1b[m\x1b[K\xe2\x80\x99}\n'}
[0.462083] (tuw_hardware_trinamic_driver) StderrLine: {'line': b'  200 |       operator[](\x1b[01;36m\x1b[Ksize_type __n\x1b[m\x1b[K) noexcept\n'}
[0.462186] (tuw_hardware_trinamic_driver) StderrLine: {'line': b'      |                  \x1b[01;36m\x1b[K~~~~~~~~~~^~~\x1b[m\x1b[K\n'}
[0.462279] (tuw_hardware_trinamic_driver) StderrLine: {'line': b'\x1b[01m\x1b[K/usr/include/c++/13/array:208:7:\x1b[m\x1b[K \x1b[01;36m\x1b[Knote: \x1b[m\x1b[Kcandidate: \xe2\x80\x98\x1b[01m\x1b[Kconstexpr const std::array<_Tp, _Nm>::value_type& std::array<_Tp, _Nm>::\x1b[01;32m\x1b[Koperator[]\x1b[m\x1b[K(size_type) const \x1b[35m\x1b[K[with _Tp = unsigned char; long unsigned int _Nm = 9; const_reference = const unsigned char&; size_type = long unsigned int]\x1b[m\x1b[K\x1b[m\x1b[K\xe2\x80\x99\n'}
[0.462374] (tuw_hardware_trinamic_driver) StderrLine: {'line': b'  208 |       \x1b[01;36m\x1b[Koperator\x1b[m\x1b[K[](size_type __n) const noexcept\n'}
[0.462465] (tuw_hardware_trinamic_driver) StderrLine: {'line': b'      |       \x1b[01;36m\x1b[K^~~~~~~~\x1b[m\x1b[K\n'}
[0.462555] (tuw_hardware_trinamic_driver) StderrLine: {'line': b'\x1b[01m\x1b[K/usr/include/c++/13/array:208:28:\x1b[m\x1b[K \x1b[01;36m\x1b[Knote: \x1b[m\x1b[K  no known conversion for argument 1 from \xe2\x80\x98\x1b[01m\x1b[Ktmcm1640::tmcm1640_cmd_format\x1b[m\x1b[K\xe2\x80\x99 to \xe2\x80\x98\x1b[01m\x1b[Kstd::array<unsigned char, 9>::size_type\x1b[m\x1b[K\xe2\x80\x99 {aka \xe2\x80\x98\x1b[01m\x1b[Klong unsigned int\x1b[m\x1b[K\xe2\x80\x99}\n'}
[0.462648] (tuw_hardware_trinamic_driver) StderrLine: {'line': b'  208 |       operator[](\x1b[01;36m\x1b[Ksize_type __n\x1b[m\x1b[K) const noexcept\n'}
[0.462739] (tuw_hardware_trinamic_driver) StderrLine: {'line': b'      |                  \x1b[01;36m\x1b[K~~~~~~~~~~^~~\x1b[m\x1b[K\n'}
[0.462830] (tuw_hardware_trinamic_driver) StderrLine: {'line': b'\x1b[01m\x1b[K/home/coffee/Documents/Studium/TU/bachelorarbeit/tuw_hardware_interface/src/tuw_hardware_trinamic_driver/src/tuw_hardware_trinamic_connection.cpp:107:24:\x1b[m\x1b[K \x1b[01;31m\x1b[Kerror: \x1b[m\x1b[Kno match for \xe2\x80\x98\x1b[01m\x1b[Koperator[]\x1b[m\x1b[K\xe2\x80\x99 (operand types are \xe2\x80\x98\x1b[01m\x1b[Kstd::array<unsigned char, 9>\x1b[m\x1b[K\xe2\x80\x99 and \xe2\x80\x98\x1b[01m\x1b[Ktmcm1640::tmcm1640_cmd_format\x1b[m\x1b[K\xe2\x80\x99)\n'}
[0.462931] (tuw_hardware_trinamic_driver) StderrLine: {'line': b'  107 |         command_message\x1b[01;31m\x1b[K[\x1b[m\x1b[Ktmcm1640_cmd_format::CHECKSUM] = calc_checksum();\n'}
[0.463023] (tuw_hardware_trinamic_driver) StderrLine: {'line': b'      |                        \x1b[01;31m\x1b[K^\x1b[m\x1b[K\n'}
[0.463124] (tuw_hardware_trinamic_driver) StderrLine: {'line': b'\x1b[01m\x1b[K/usr/include/c++/13/array:200:7:\x1b[m\x1b[K \x1b[01;36m\x1b[Knote: \x1b[m\x1b[Kcandidate: \xe2\x80\x98\x1b[01m\x1b[Kconstexpr std::array<_Tp, _Nm>::value_type& std::array<_Tp, _Nm>::\x1b[01;32m\x1b[Koperator[]\x1b[m\x1b[K(size_type) \x1b[35m\x1b[K[with _Tp = unsigned char; long unsigned int _Nm = 9; reference = unsigned char&; size_type = long unsigned int]\x1b[m\x1b[K\x1b[m\x1b[K\xe2\x80\x99\n'}
[0.463228] (tuw_hardware_trinamic_driver) StderrLine: {'line': b'  200 |       \x1b[01;36m\x1b[Koperator\x1b[m\x1b[K[](size_type __n) noexcept\n'}
[0.463320] (tuw_hardware_trinamic_driver) StderrLine: {'line': b'      |       \x1b[01;36m\x1b[K^~~~~~~~\x1b[m\x1b[K\n'}
[0.463409] (tuw_hardware_trinamic_driver) StderrLine: {'line': b'\x1b[01m\x1b[K/usr/include/c++/13/array:200:28:\x1b[m\x1b[K \x1b[01;36m\x1b[Knote: \x1b[m\x1b[K  no known conversion for argument 1 from \xe2\x80\x98\x1b[01m\x1b[Ktmcm1640::tmcm1640_cmd_format\x1b[m\x1b[K\xe2\x80\x99 to \xe2\x80\x98\x1b[01m\x1b[Kstd::array<unsigned char, 9>::size_type\x1b[m\x1b[K\xe2\x80\x99 {aka \xe2\x80\x98\x1b[01m\x1b[Klong unsigned int\x1b[m\x1b[K\xe2\x80\x99}\n'}
[0.463502] (tuw_hardware_trinamic_driver) StderrLine: {'line': b'  200 |       operator[](\x1b[01;36m\x1b[Ksize_type __n\x1b[m\x1b[K) noexcept\n'}
[0.463593] (tuw_hardware_trinamic_driver) StderrLine: {'line': b'      |                  \x1b[01;36m\x1b[K~~~~~~~~~~^~~\x1b[m\x1b[K\n'}
[0.463690] (tuw_hardware_trinamic_driver) StderrLine: {'line': b'\x1b[01m\x1b[K/usr/include/c++/13/array:208:7:\x1b[m\x1b[K \x1b[01;36m\x1b[Knote: \x1b[m\x1b[Kcandidate: \xe2\x80\x98\x1b[01m\x1b[Kconstexpr const std::array<_Tp, _Nm>::value_type& std::array<_Tp, _Nm>::\x1b[01;32m\x1b[Koperator[]\x1b[m\x1b[K(size_type) const \x1b[35m\x1b[K[with _Tp = unsigned char; long unsigned int _Nm = 9; const_reference = const unsigned char&; size_type = long unsigned int]\x1b[m\x1b[K\x1b[m\x1b[K\xe2\x80\x99\n'}
[0.463789] (tuw_hardware_trinamic_driver) StderrLine: {'line': b'  208 |       \x1b[01;36m\x1b[Koperator\x1b[m\x1b[K[](size_type __n) const noexcept\n'}
[0.463880] (tuw_hardware_trinamic_driver) StderrLine: {'line': b'      |       \x1b[01;36m\x1b[K^~~~~~~~\x1b[m\x1b[K\n'}
[0.463970] (tuw_hardware_trinamic_driver) StderrLine: {'line': b'\x1b[01m\x1b[K/usr/include/c++/13/array:208:28:\x1b[m\x1b[K \x1b[01;36m\x1b[Knote: \x1b[m\x1b[K  no known conversion for argument 1 from \xe2\x80\x98\x1b[01m\x1b[Ktmcm1640::tmcm1640_cmd_format\x1b[m\x1b[K\xe2\x80\x99 to \xe2\x80\x98\x1b[01m\x1b[Kstd::array<unsigned char, 9>::size_type\x1b[m\x1b[K\xe2\x80\x99 {aka \xe2\x80\x98\x1b[01m\x1b[Klong unsigned int\x1b[m\x1b[K\xe2\x80\x99}\n'}
[0.464064] (tuw_hardware_trinamic_driver) StderrLine: {'line': b'  208 |       operator[](\x1b[01;36m\x1b[Ksize_type __n\x1b[m\x1b[K) const noexcept\n'}
[0.464165] (tuw_hardware_trinamic_driver) StderrLine: {'line': b'      |                  \x1b[01;36m\x1b[K~~~~~~~~~~^~~\x1b[m\x1b[K\n'}
[0.464260] (tuw_hardware_trinamic_driver) StderrLine: {'line': b'\x1b[01m\x1b[K/home/coffee/Documents/Studium/TU/bachelorarbeit/tuw_hardware_interface/src/tuw_hardware_trinamic_driver/src/tuw_hardware_trinamic_connection.cpp:107:71:\x1b[m\x1b[K \x1b[01;31m\x1b[Kerror: \x1b[m\x1b[Kno matching function for call to \xe2\x80\x98\x1b[01m\x1b[Ktmcm1640::TMCM1640Connection::calc_checksum()\x1b[m\x1b[K\xe2\x80\x99\n'}
[0.464356] (tuw_hardware_trinamic_driver) StderrLine: {'line': b'  107 |         command_message[tmcm1640_cmd_format::CHECKSUM] = \x1b[01;31m\x1b[Kcalc_checksum()\x1b[m\x1b[K;\n'}
[0.464448] (tuw_hardware_trinamic_driver) StderrLine: {'line': b'      |                                                          \x1b[01;31m\x1b[K~~~~~~~~~~~~~^~\x1b[m\x1b[K\n'}
[0.464539] (tuw_hardware_trinamic_driver) StderrLine: {'line': b'\x1b[01m\x1b[K/home/coffee/Documents/Studium/TU/bachelorarbeit/tuw_hardware_interface/src/tuw_hardware_trinamic_driver/include/tuw_hardware_trinamic_driver/tuw_hardware_trinamic_connection.hpp:31:26:\x1b[m\x1b[K \x1b[01;36m\x1b[Knote: \x1b[m\x1b[Kcandidate: \xe2\x80\x98\x1b[01m\x1b[Kuint8_t tmcm1640::TMCM1640Connection::\x1b[01;32m\x1b[Kcalc_checksum\x1b[m\x1b[K(std::array<unsigned char, 9>)\x1b[m\x1b[K\xe2\x80\x99\n'}
[0.464634] (tuw_hardware_trinamic_driver) StderrLine: {'line': b'   31 |             std::uint8_t \x1b[01;36m\x1b[Kcalc_checksum\x1b[m\x1b[K(std::array<std::uint8_t, 9> msg);\n'}
[0.464726] (tuw_hardware_trinamic_driver) StderrLine: {'line': b'      |                          \x1b[01;36m\x1b[K^~~~~~~~~~~~~\x1b[m\x1b[K\n'}
[0.464816] (tuw_hardware_trinamic_driver) StderrLine: {'line': b'\x1b[01m\x1b[K/home/coffee/Documents/Studium/TU/bachelorarbeit/tuw_hardware_interface/src/tuw_hardware_trinamic_driver/include/tuw_hardware_trinamic_driver/tuw_hardware_trinamic_connection.hpp:31:26:\x1b[m\x1b[K \x1b[01;36m\x1b[Knote: \x1b[m\x1b[K  candidate expects 1 argument, 0 provided\n'}
[0.464910] (tuw_hardware_trinamic_driver) StderrLine: {'line': b'\x1b[01m\x1b[K/home/coffee/Documents/Studium/TU/bachelorarbeit/tuw_hardware_interface/src/tuw_hardware_trinamic_driver/src/tuw_hardware_trinamic_connection.cpp:120:42:\x1b[m\x1b[K \x1b[01;31m\x1b[Kerror: \x1b[m\x1b[K\xe2\x80\x98\x1b[01m\x1b[Kboost\x1b[m\x1b[K\xe2\x80\x99 has not been declared\n'}
[0.465003] (tuw_hardware_trinamic_driver) StderrLine: {'line': b'  120 |             std::string error_message = (\x1b[01;31m\x1b[Kboost\x1b[m\x1b[K::format("Reply wrong: %i", reply_status).str();\n'}
[0.465095] (tuw_hardware_trinamic_driver) StderrLine: {'line': b'      |                                          \x1b[01;31m\x1b[K^~~~~\x1b[m\x1b[K\n'}
[0.465203] (tuw_hardware_trinamic_driver) StderrLine: {'line': b'\x1b[01m\x1b[K/home/coffee/Documents/Studium/TU/bachelorarbeit/tuw_hardware_interface/src/tuw_hardware_trinamic_driver/src/tuw_hardware_trinamic_connection.cpp:120:94:\x1b[m\x1b[K \x1b[01;31m\x1b[Kerror: \x1b[m\x1b[Kexpected \xe2\x80\x98\x1b[01m\x1b[K)\x1b[m\x1b[K\xe2\x80\x99 before \xe2\x80\x98\x1b[01m\x1b[K;\x1b[m\x1b[K\xe2\x80\x99 token\n'}
[0.465301] (tuw_hardware_trinamic_driver) StderrLine: {'line': b'  120 |             std::string error_message = \x1b[34m\x1b[K(\x1b[m\x1b[Kboost::format("Reply wrong: %i", reply_status).str()\x1b[01;31m\x1b[K;\x1b[m\x1b[K\n'}
[0.465395] (tuw_hardware_trinamic_driver) StderrLine: {'line': b'      |                                         \x1b[34m\x1b[K~\x1b[m\x1b[K                                                    \x1b[01;31m\x1b[K^\x1b[m\x1b[K\n'}
[0.465493] (tuw_hardware_trinamic_driver) StderrLine: {'line': b'      |                                                                                              \x1b[32m\x1b[K)\x1b[m\x1b[K\n'}
[0.465587] (tuw_hardware_trinamic_driver) StderrLine: {'line': b'\x1b[01m\x1b[K/home/coffee/Documents/Studium/TU/bachelorarbeit/tuw_hardware_interface/src/tuw_hardware_trinamic_driver/src/tuw_hardware_trinamic_connection.cpp:\x1b[m\x1b[K In member function \xe2\x80\x98\x1b[01m\x1b[Kbool tmcm1640::TMCM1640Connection::\x1b[01;32m\x1b[Ksend_and_receive\x1b[m\x1b[K()\x1b[m\x1b[K\xe2\x80\x99:\n'}
[0.465688] (tuw_hardware_trinamic_driver) StderrLine: {'line': b'\x1b[01m\x1b[K/home/coffee/Documents/Studium/TU/bachelorarbeit/tuw_hardware_interface/src/tuw_hardware_trinamic_driver/src/tuw_hardware_trinamic_connection.cpp:138:28:\x1b[m\x1b[K \x1b[01;31m\x1b[Kerror: \x1b[m\x1b[Kcannot convert \xe2\x80\x98\x1b[01m\x1b[Kstd::array<unsigned char, 9>\x1b[m\x1b[K\xe2\x80\x99 to \xe2\x80\x98\x1b[01m\x1b[Kconst void*\x1b[m\x1b[K\xe2\x80\x99\n'}
[0.465785] (tuw_hardware_trinamic_driver) StderrLine: {'line': b'  138 |         write(serial_port, \x1b[01;31m\x1b[Kcommand_message\x1b[m\x1b[K, 9);\n'}
[0.465877] (tuw_hardware_trinamic_driver) StderrLine: {'line': b'      |                            \x1b[01;31m\x1b[K^~~~~~~~~~~~~~~\x1b[m\x1b[K\n'}
[0.465968] (tuw_hardware_trinamic_driver) StderrLine: {'line': b'      |                            \x1b[01;31m\x1b[K|\x1b[m\x1b[K\n'}
[0.466058] (tuw_hardware_trinamic_driver) StderrLine: {'line': b'      |                            \x1b[01;31m\x1b[Kstd::array<unsigned char, 9>\x1b[m\x1b[K\n'}
[0.466162] (tuw_hardware_trinamic_driver) StderrLine: {'line': b'In file included from \x1b[01m\x1b[K/home/coffee/Documents/Studium/TU/bachelorarbeit/tuw_hardware_interface/src/tuw_hardware_trinamic_driver/include/tuw_hardware_trinamic_driver/tuw_hardware_trinamic_connection.hpp:10\x1b[m\x1b[K:\n'}
[0.466265] (tuw_hardware_trinamic_driver) StderrLine: {'line': b'\x1b[01m\x1b[K/usr/include/unistd.h:378:45:\x1b[m\x1b[K \x1b[01;36m\x1b[Knote: \x1b[m\x1b[K  initializing argument 2 of \xe2\x80\x98\x1b[01m\x1b[Kssize_t\x1b[01;32m\x1b[K write\x1b[m\x1b[K(int, const void*, size_t)\x1b[m\x1b[K\xe2\x80\x99\n'}
[0.466359] (tuw_hardware_trinamic_driver) StderrLine: {'line': b'  378 | extern ssize_t write (int __fd, \x1b[01;36m\x1b[Kconst void *__buf\x1b[m\x1b[K, size_t __n) __wur\n'}
[0.466450] (tuw_hardware_trinamic_driver) StderrLine: {'line': b'      |                                 \x1b[01;36m\x1b[K~~~~~~~~~~~~^~~~~\x1b[m\x1b[K\n'}
[0.466541] (tuw_hardware_trinamic_driver) StderrLine: {'line': b'\x1b[01m\x1b[K/home/coffee/Documents/Studium/TU/bachelorarbeit/tuw_hardware_interface/src/tuw_hardware_trinamic_driver/src/tuw_hardware_trinamic_connection.cpp:141:43:\x1b[m\x1b[K \x1b[01;31m\x1b[Kerror: \x1b[m\x1b[Kcannot convert \xe2\x80\x98\x1b[01m\x1b[Kstd::array<unsigned char, 9>\x1b[m\x1b[K\xe2\x80\x99 to \xe2\x80\x98\x1b[01m\x1b[Kvoid*\x1b[m\x1b[K\xe2\x80\x99\n'}
[0.466634] (tuw_hardware_trinamic_driver) StderrLine: {'line': b'  141 |         int num_bytes = read(serial_port, \x1b[01;31m\x1b[Kreply_message\x1b[m\x1b[K, 9);\n'}
[0.466732] (tuw_hardware_trinamic_driver) StderrLine: {'line': b'      |                                           \x1b[01;31m\x1b[K^~~~~~~~~~~~~\x1b[m\x1b[K\n'}
[0.466822] (tuw_hardware_trinamic_driver) StderrLine: {'line': b'      |                                           \x1b[01;31m\x1b[K|\x1b[m\x1b[K\n'}
[0.466913] (tuw_hardware_trinamic_driver) StderrLine: {'line': b'      |                                           \x1b[01;31m\x1b[Kstd::array<unsigned char, 9>\x1b[m\x1b[K\n'}
[0.467005] (tuw_hardware_trinamic_driver) StderrLine: {'line': b'\x1b[01m\x1b[K/usr/include/unistd.h:371:38:\x1b[m\x1b[K \x1b[01;36m\x1b[Knote: \x1b[m\x1b[K  initializing argument 2 of \xe2\x80\x98\x1b[01m\x1b[Kssize_t\x1b[01;32m\x1b[K read\x1b[m\x1b[K(int, void*, size_t)\x1b[m\x1b[K\xe2\x80\x99\n'}
[0.467099] (tuw_hardware_trinamic_driver) StderrLine: {'line': b'  371 | extern ssize_t read (int __fd, \x1b[01;36m\x1b[Kvoid *__buf\x1b[m\x1b[K, size_t __nbytes) __wur\n'}
[0.467204] (tuw_hardware_trinamic_driver) StderrLine: {'line': b'      |                                \x1b[01;36m\x1b[K~~~~~~^~~~~\x1b[m\x1b[K\n'}
[0.467297] (tuw_hardware_trinamic_driver) StderrLine: {'line': b'\x1b[01m\x1b[K/home/coffee/Documents/Studium/TU/bachelorarbeit/tuw_hardware_interface/src/tuw_hardware_trinamic_driver/src/tuw_hardware_trinamic_connection.cpp:147:18:\x1b[m\x1b[K \x1b[01;35m\x1b[Kwarning: \x1b[m\x1b[Kstatement has no effect [\x1b[01;35m\x1b[K\x1b]8;;https://gcc.gnu.org/onlinedocs/gcc/Warning-Options.html#index-Wunused-value\x07-Wunused-value\x1b]8;;\x07\x1b[m\x1b[K]\n'}
[0.467392] (tuw_hardware_trinamic_driver) StderrLine: {'line': b'  147 |         else true\x1b[01;35m\x1b[K;\x1b[m\x1b[K\n'}
[0.467483] (tuw_hardware_trinamic_driver) StderrLine: {'line': b'      |                  \x1b[01;35m\x1b[K^\x1b[m\x1b[K\n'}
[0.467574] (tuw_hardware_trinamic_driver) StderrLine: {'line': b'\x1b[01m\x1b[K/home/coffee/Documents/Studium/TU/bachelorarbeit/tuw_hardware_interface/src/tuw_hardware_trinamic_driver/src/tuw_hardware_trinamic_connection.cpp:\x1b[m\x1b[K In member function \xe2\x80\x98\x1b[01m\x1b[Ktmcm1640::tmcm1640_status_codes tmcm1640::TMCM1640Connection::\x1b[01;32m\x1b[Kcheck_reply\x1b[m\x1b[K()\x1b[m\x1b[K\xe2\x80\x99:\n'}
[0.467669] (tuw_hardware_trinamic_driver) StderrLine: {'line': b'\x1b[01m\x1b[K/home/coffee/Documents/Studium/TU/bachelorarbeit/tuw_hardware_interface/src/tuw_hardware_trinamic_driver/src/tuw_hardware_trinamic_connection.cpp:163:44:\x1b[m\x1b[K \x1b[01;31m\x1b[Kerror: \x1b[m\x1b[Kno match for \xe2\x80\x98\x1b[01m\x1b[Koperator[]\x1b[m\x1b[K\xe2\x80\x99 (operand types are \xe2\x80\x98\x1b[01m\x1b[Kstd::array<unsigned char, 9>\x1b[m\x1b[K\xe2\x80\x99 and \xe2\x80\x98\x1b[01m\x1b[Ktmcm1640::tmcm1640_reply_format\x1b[m\x1b[K\xe2\x80\x99)\n'}
[0.467765] (tuw_hardware_trinamic_driver) StderrLine: {'line': b'  163 |         if(!(calc_checksum == reply_message\x1b[01;31m\x1b[K[\x1b[m\x1b[Ktmcm1640_reply_format::CHECKSUM])) {\n'}
[0.467856] (tuw_hardware_trinamic_driver) StderrLine: {'line': b'      |                                            \x1b[01;31m\x1b[K^\x1b[m\x1b[K\n'}
[0.467946] (tuw_hardware_trinamic_driver) StderrLine: {'line': b'\x1b[01m\x1b[K/usr/include/c++/13/array:200:7:\x1b[m\x1b[K \x1b[01;36m\x1b[Knote: \x1b[m\x1b[Kcandidate: \xe2\x80\x98\x1b[01m\x1b[Kconstexpr std::array<_Tp, _Nm>::value_type& std::array<_Tp, _Nm>::\x1b[01;32m\x1b[Koperator[]\x1b[m\x1b[K(size_type) \x1b[35m\x1b[K[with _Tp = unsigned char; long unsigned int _Nm = 9; reference = unsigned char&; size_type = long unsigned int]\x1b[m\x1b[K\x1b[m\x1b[K\xe2\x80\x99\n'}
[0.468047] (tuw_hardware_trinamic_driver) StderrLine: {'line': b'  200 |       \x1b[01;36m\x1b[Koperator\x1b[m\x1b[K[](size_type __n) noexcept\n'}
[0.468149] (tuw_hardware_trinamic_driver) StderrLine: {'line': b'      |       \x1b[01;36m\x1b[K^~~~~~~~\x1b[m\x1b[K\n'}
[0.468246] (tuw_hardware_trinamic_driver) StderrLine: {'line': b'\x1b[01m\x1b[K/usr/include/c++/13/array:200:28:\x1b[m\x1b[K \x1b[01;36m\x1b[Knote: \x1b[m\x1b[K  no known conversion for argument 1 from \xe2\x80\x98\x1b[01m\x1b[Ktmcm1640::tmcm1640_reply_format\x1b[m\x1b[K\xe2\x80\x99 to \xe2\x80\x98\x1b[01m\x1b[Kstd::array<unsigned char, 9>::size_type\x1b[m\x1b[K\xe2\x80\x99 {aka \xe2\x80\x98\x1b[01m\x1b[Klong unsigned int\x1b[m\x1b[K\xe2\x80\x99}\n'}
[0.468355] (tuw_hardware_trinamic_driver) StderrLine: {'line': b'  200 |       operator[](\x1b[01;36m\x1b[Ksize_type __n\x1b[m\x1b[K) noexcept\n'}
[0.468445] (tuw_hardware_trinamic_driver) StderrLine: {'line': b'      |                  \x1b[01;36m\x1b[K~~~~~~~~~~^~~\x1b[m\x1b[K\n'}
[0.468535] (tuw_hardware_trinamic_driver) StderrLine: {'line': b'\x1b[01m\x1b[K/usr/include/c++/13/array:208:7:\x1b[m\x1b[K \x1b[01;36m\x1b[Knote: \x1b[m\x1b[Kcandidate: \xe2\x80\x98\x1b[01m\x1b[Kconstexpr const std::array<_Tp, _Nm>::value_type& std::array<_Tp, _Nm>::\x1b[01;32m\x1b[Koperator[]\x1b[m\x1b[K(size_type) const \x1b[35m\x1b[K[with _Tp = unsigned char; long unsigned int _Nm = 9; const_reference = const unsigned char&; size_type = long unsigned int]\x1b[m\x1b[K\x1b[m\x1b[K\xe2\x80\x99\n'}
[0.468629] (tuw_hardware_trinamic_driver) StderrLine: {'line': b'  208 |       \x1b[01;36m\x1b[Koperator\x1b[m\x1b[K[](size_type __n) const noexcept\n'}
[0.468725] (tuw_hardware_trinamic_driver) StderrLine: {'line': b'      |       \x1b[01;36m\x1b[K^~~~~~~~\x1b[m\x1b[K\n'}
[0.468816] (tuw_hardware_trinamic_driver) StderrLine: {'line': b'\x1b[01m\x1b[K/usr/include/c++/13/array:208:28:\x1b[m\x1b[K \x1b[01;36m\x1b[Knote: \x1b[m\x1b[K  no known conversion for argument 1 from \xe2\x80\x98\x1b[01m\x1b[Ktmcm1640::tmcm1640_reply_format\x1b[m\x1b[K\xe2\x80\x99 to \xe2\x80\x98\x1b[01m\x1b[Kstd::array<unsigned char, 9>::size_type\x1b[m\x1b[K\xe2\x80\x99 {aka \xe2\x80\x98\x1b[01m\x1b[Klong unsigned int\x1b[m\x1b[K\xe2\x80\x99}\n'}
[0.468910] (tuw_hardware_trinamic_driver) StderrLine: {'line': b'  208 |       operator[](\x1b[01;36m\x1b[Ksize_type __n\x1b[m\x1b[K) const noexcept\n'}
[0.469007] (tuw_hardware_trinamic_driver) StderrLine: {'line': b'      |                  \x1b[01;36m\x1b[K~~~~~~~~~~^~~\x1b[m\x1b[K\n'}
[0.469097] (tuw_hardware_trinamic_driver) StderrLine: {'line': b'\x1b[01m\x1b[K/home/coffee/Documents/Studium/TU/bachelorarbeit/tuw_hardware_interface/src/tuw_hardware_trinamic_driver/src/tuw_hardware_trinamic_connection.cpp:170:29:\x1b[m\x1b[K \x1b[01;31m\x1b[Kerror: \x1b[m\x1b[Kno match for \xe2\x80\x98\x1b[01m\x1b[Koperator[]\x1b[m\x1b[K\xe2\x80\x99 (operand types are \xe2\x80\x98\x1b[01m\x1b[Kstd::array<unsigned char, 9>\x1b[m\x1b[K\xe2\x80\x99 and \xe2\x80\x98\x1b[01m\x1b[Ktmcm1640::tmcm1640_reply_format\x1b[m\x1b[K\xe2\x80\x99)\n'}
[0.469205] (tuw_hardware_trinamic_driver) StderrLine: {'line': b'  170 |         return reply_message\x1b[01;31m\x1b[K[\x1b[m\x1b[Ktmcm1640_reply_format::STATUS];\n'}
[0.469298] (tuw_hardware_trinamic_driver) StderrLine: {'line': b'      |                             \x1b[01;31m\x1b[K^\x1b[m\x1b[K\n'}
[0.469389] (tuw_hardware_trinamic_driver) StderrLine: {'line': b'\x1b[01m\x1b[K/usr/include/c++/13/array:200:7:\x1b[m\x1b[K \x1b[01;36m\x1b[Knote: \x1b[m\x1b[Kcandidate: \xe2\x80\x98\x1b[01m\x1b[Kconstexpr std::array<_Tp, _Nm>::value_type& std::array<_Tp, _Nm>::\x1b[01;32m\x1b[Koperator[]\x1b[m\x1b[K(size_type) \x1b[35m\x1b[K[with _Tp = unsigned char; long unsigned int _Nm = 9; reference = unsigned char&; size_type = long unsigned int]\x1b[m\x1b[K\x1b[m\x1b[K\xe2\x80\x99\n'}
[0.469484] (tuw_hardware_trinamic_driver) StderrLine: {'line': b'  200 |       \x1b[01;36m\x1b[Koperator\x1b[m\x1b[K[](size_type __n) noexcept\n'}
[0.469574] (tuw_hardware_trinamic_driver) StderrLine: {'line': b'      |       \x1b[01;36m\x1b[K^~~~~~~~\x1b[m\x1b[K\n'}
[0.469665] (tuw_hardware_trinamic_driver) StderrLine: {'line': b'\x1b[01m\x1b[K/usr/include/c++/13/array:200:28:\x1b[m\x1b[K \x1b[01;36m\x1b[Knote: \x1b[m\x1b[K  no known conversion for argument 1 from \xe2\x80\x98\x1b[01m\x1b[Ktmcm1640::tmcm1640_reply_format\x1b[m\x1b[K\xe2\x80\x99 to \xe2\x80\x98\x1b[01m\x1b[Kstd::array<unsigned char, 9>::size_type\x1b[m\x1b[K\xe2\x80\x99 {aka \xe2\x80\x98\x1b[01m\x1b[Klong unsigned int\x1b[m\x1b[K\xe2\x80\x99}\n'}
[0.469764] (tuw_hardware_trinamic_driver) StderrLine: {'line': b'  200 |       operator[](\x1b[01;36m\x1b[Ksize_type __n\x1b[m\x1b[K) noexcept\n'}
[0.469857] (tuw_hardware_trinamic_driver) StderrLine: {'line': b'      |                  \x1b[01;36m\x1b[K~~~~~~~~~~^~~\x1b[m\x1b[K\n'}
[0.469948] (tuw_hardware_trinamic_driver) StderrLine: {'line': b'\x1b[01m\x1b[K/usr/include/c++/13/array:208:7:\x1b[m\x1b[K \x1b[01;36m\x1b[Knote: \x1b[m\x1b[Kcandidate: \xe2\x80\x98\x1b[01m\x1b[Kconstexpr const std::array<_Tp, _Nm>::value_type& std::array<_Tp, _Nm>::\x1b[01;32m\x1b[Koperator[]\x1b[m\x1b[K(size_type) const \x1b[35m\x1b[K[with _Tp = unsigned char; long unsigned int _Nm = 9; const_reference = const unsigned char&; size_type = long unsigned int]\x1b[m\x1b[K\x1b[m\x1b[K\xe2\x80\x99\n'}
[0.470043] (tuw_hardware_trinamic_driver) StderrLine: {'line': b'  208 |       \x1b[01;36m\x1b[Koperator\x1b[m\x1b[K[](size_type __n) const noexcept\n'}
[0.470143] (tuw_hardware_trinamic_driver) StderrLine: {'line': b'      |       \x1b[01;36m\x1b[K^~~~~~~~\x1b[m\x1b[K\n'}
[0.470240] (tuw_hardware_trinamic_driver) StderrLine: {'line': b'\x1b[01m\x1b[K/usr/include/c++/13/array:208:28:\x1b[m\x1b[K \x1b[01;36m\x1b[Knote: \x1b[m\x1b[K  no known conversion for argument 1 from \xe2\x80\x98\x1b[01m\x1b[Ktmcm1640::tmcm1640_reply_format\x1b[m\x1b[K\xe2\x80\x99 to \xe2\x80\x98\x1b[01m\x1b[Kstd::array<unsigned char, 9>::size_type\x1b[m\x1b[K\xe2\x80\x99 {aka \xe2\x80\x98\x1b[01m\x1b[Klong unsigned int\x1b[m\x1b[K\xe2\x80\x99}\n'}
[0.470334] (tuw_hardware_trinamic_driver) StderrLine: {'line': b'  208 |       operator[](\x1b[01;36m\x1b[Ksize_type __n\x1b[m\x1b[K) const noexcept\n'}
[0.470425] (tuw_hardware_trinamic_driver) StderrLine: {'line': b'      |                  \x1b[01;36m\x1b[K~~~~~~~~~~^~~\x1b[m\x1b[K\n'}
[0.470515] (tuw_hardware_trinamic_driver) StderrLine: {'line': b'\x1b[01m\x1b[K/home/coffee/Documents/Studium/TU/bachelorarbeit/tuw_hardware_interface/src/tuw_hardware_trinamic_driver/src/tuw_hardware_trinamic_connection.cpp:\x1b[m\x1b[K In member function \xe2\x80\x98\x1b[01m\x1b[Kvoid tmcm1640::TMCM1640Connection::\x1b[01;32m\x1b[Kset_value\x1b[m\x1b[K()\x1b[m\x1b[K\xe2\x80\x99:\n'}
[0.470609] (tuw_hardware_trinamic_driver) StderrLine: {'line': b'\x1b[01m\x1b[K/home/coffee/Documents/Studium/TU/bachelorarbeit/tuw_hardware_interface/src/tuw_hardware_trinamic_driver/src/tuw_hardware_trinamic_connection.cpp:174:31:\x1b[m\x1b[K \x1b[01;31m\x1b[Kerror: \x1b[m\x1b[Kno match for \xe2\x80\x98\x1b[01m\x1b[Koperator[]\x1b[m\x1b[K\xe2\x80\x99 (operand types are \xe2\x80\x98\x1b[01m\x1b[Kstd::array<unsigned char, 9>\x1b[m\x1b[K\xe2\x80\x99 and \xe2\x80\x98\x1b[01m\x1b[Ktmcm1640::tmcm1640_reply_format\x1b[m\x1b[K\xe2\x80\x99)\n'}
[0.470712] (tuw_hardware_trinamic_driver) StderrLine: {'line': b'  174 |         value = (reply_message\x1b[01;31m\x1b[K[\x1b[m\x1b[Ktmcm1640_reply_format::VALUE3] << 24 |\n'}
[0.470810] (tuw_hardware_trinamic_driver) StderrLine: {'line': b'      |                               \x1b[01;31m\x1b[K^\x1b[m\x1b[K\n'}
[0.470903] (tuw_hardware_trinamic_driver) StderrLine: {'line': b'\x1b[01m\x1b[K/usr/include/c++/13/array:200:7:\x1b[m\x1b[K \x1b[01;36m\x1b[Knote: \x1b[m\x1b[Kcandidate: \xe2\x80\x98\x1b[01m\x1b[Kconstexpr std::array<_Tp, _Nm>::value_type& std::array<_Tp, _Nm>::\x1b[01;32m\x1b[Koperator[]\x1b[m\x1b[K(size_type) \x1b[35m\x1b[K[with _Tp = unsigned char; long unsigned int _Nm = 9; reference = unsigned char&; size_type = long unsigned int]\x1b[m\x1b[K\x1b[m\x1b[K\xe2\x80\x99\n'}
[0.470998] (tuw_hardware_trinamic_driver) StderrLine: {'line': b'  200 |       \x1b[01;36m\x1b[Koperator\x1b[m\x1b[K[](size_type __n) noexcept\n'}
[0.471089] (tuw_hardware_trinamic_driver) StderrLine: {'line': b'      |       \x1b[01;36m\x1b[K^~~~~~~~\x1b[m\x1b[K\n'}
[0.471197] (tuw_hardware_trinamic_driver) StderrLine: {'line': b'\x1b[01m\x1b[K/usr/include/c++/13/array:200:28:\x1b[m\x1b[K \x1b[01;36m\x1b[Knote: \x1b[m\x1b[K  no known conversion for argument 1 from \xe2\x80\x98\x1b[01m\x1b[Ktmcm1640::tmcm1640_reply_format\x1b[m\x1b[K\xe2\x80\x99 to \xe2\x80\x98\x1b[01m\x1b[Kstd::array<unsigned char, 9>::size_type\x1b[m\x1b[K\xe2\x80\x99 {aka \xe2\x80\x98\x1b[01m\x1b[Klong unsigned int\x1b[m\x1b[K\xe2\x80\x99}\n'}
[0.471298] (tuw_hardware_trinamic_driver) StderrLine: {'line': b'  200 |       operator[](\x1b[01;36m\x1b[Ksize_type __n\x1b[m\x1b[K) noexcept\n'}
[0.471389] (tuw_hardware_trinamic_driver) StderrLine: {'line': b'      |                  \x1b[01;36m\x1b[K~~~~~~~~~~^~~\x1b[m\x1b[K\n'}
[0.471480] (tuw_hardware_trinamic_driver) StderrLine: {'line': b'\x1b[01m\x1b[K/usr/include/c++/13/array:208:7:\x1b[m\x1b[K \x1b[01;36m\x1b[Knote: \x1b[m\x1b[Kcandidate: \xe2\x80\x98\x1b[01m\x1b[Kconstexpr const std::array<_Tp, _Nm>::value_type& std::array<_Tp, _Nm>::\x1b[01;32m\x1b[Koperator[]\x1b[m\x1b[K(size_type) const \x1b[35m\x1b[K[with _Tp = unsigned char; long unsigned int _Nm = 9; const_reference = const unsigned char&; size_type = long unsigned int]\x1b[m\x1b[K\x1b[m\x1b[K\xe2\x80\x99\n'}
[0.471576] (tuw_hardware_trinamic_driver) StderrLine: {'line': b'  208 |       \x1b[01;36m\x1b[Koperator\x1b[m\x1b[K[](size_type __n) const noexcept\n'}
[0.471667] (tuw_hardware_trinamic_driver) StderrLine: {'line': b'      |       \x1b[01;36m\x1b[K^~~~~~~~\x1b[m\x1b[K\n'}
[0.471758] (tuw_hardware_trinamic_driver) StderrLine: {'line': b'\x1b[01m\x1b[K/usr/include/c++/13/array:208:28:\x1b[m\x1b[K \x1b[01;36m\x1b[Knote: \x1b[m\x1b[K  no known conversion for argument 1 from \xe2\x80\x98\x1b[01m\x1b[Ktmcm1640::tmcm1640_reply_format\x1b[m\x1b[K\xe2\x80\x99 to \xe2\x80\x98\x1b[01m\x1b[Kstd::array<unsigned char, 9>::size_type\x1b[m\x1b[K\xe2\x80\x99 {aka \xe2\x80\x98\x1b[01m\x1b[Klong unsigned int\x1b[m\x1b[K\xe2\x80\x99}\n'}
[0.471850] (tuw_hardware_trinamic_driver) StderrLine: {'line': b'  208 |       operator[](\x1b[01;36m\x1b[Ksize_type __n\x1b[m\x1b[K) const noexcept\n'}
[0.471941] (tuw_hardware_trinamic_driver) StderrLine: {'line': b'      |                  \x1b[01;36m\x1b[K~~~~~~~~~~^~~\x1b[m\x1b[K\n'}
[0.472032] (tuw_hardware_trinamic_driver) StderrLine: {'line': b'\x1b[01m\x1b[K/home/coffee/Documents/Studium/TU/bachelorarbeit/tuw_hardware_interface/src/tuw_hardware_trinamic_driver/src/tuw_hardware_trinamic_connection.cpp:175:31:\x1b[m\x1b[K \x1b[01;31m\x1b[Kerror: \x1b[m\x1b[Kno match for \xe2\x80\x98\x1b[01m\x1b[Koperator[]\x1b[m\x1b[K\xe2\x80\x99 (operand types are \xe2\x80\x98\x1b[01m\x1b[Kstd::array<unsigned char, 9>\x1b[m\x1b[K\xe2\x80\x99 and \xe2\x80\x98\x1b[01m\x1b[Ktmcm1640::tmcm1640_reply_format\x1b[m\x1b[K\xe2\x80\x99)\n'}
[0.472136] (tuw_hardware_trinamic_driver) StderrLine: {'line': b'  175 |                  reply_message\x1b[01;31m\x1b[K[\x1b[m\x1b[Ktmcm1640_reply_format::VALUE2] << 16 |\n'}
[0.472234] (tuw_hardware_trinamic_driver) StderrLine: {'line': b'      |                               \x1b[01;31m\x1b[K^\x1b[m\x1b[K\n'}
[0.472325] (tuw_hardware_trinamic_driver) StderrLine: {'line': b'\x1b[01m\x1b[K/usr/include/c++/13/array:200:7:\x1b[m\x1b[K \x1b[01;36m\x1b[Knote: \x1b[m\x1b[Kcandidate: \xe2\x80\x98\x1b[01m\x1b[Kconstexpr std::array<_Tp, _Nm>::value_type& std::array<_Tp, _Nm>::\x1b[01;32m\x1b[Koperator[]\x1b[m\x1b[K(size_type) \x1b[35m\x1b[K[with _Tp = unsigned char; long unsigned int _Nm = 9; reference = unsigned char&; size_type = long unsigned int]\x1b[m\x1b[K\x1b[m\x1b[K\xe2\x80\x99\n'}
[0.472420] (tuw_hardware_trinamic_driver) StderrLine: {'line': b'  200 |       \x1b[01;36m\x1b[Koperator\x1b[m\x1b[K[](size_type __n) noexcept\n'}
[0.472511] (tuw_hardware_trinamic_driver) StderrLine: {'line': b'      |       \x1b[01;36m\x1b[K^~~~~~~~\x1b[m\x1b[K\n'}
[0.472602] (tuw_hardware_trinamic_driver) StderrLine: {'line': b'\x1b[01m\x1b[K/usr/include/c++/13/array:200:28:\x1b[m\x1b[K \x1b[01;36m\x1b[Knote: \x1b[m\x1b[K  no known conversion for argument 1 from \xe2\x80\x98\x1b[01m\x1b[Ktmcm1640::tmcm1640_reply_format\x1b[m\x1b[K\xe2\x80\x99 to \xe2\x80\x98\x1b[01m\x1b[Kstd::array<unsigned char, 9>::size_type\x1b[m\x1b[K\xe2\x80\x99 {aka \xe2\x80\x98\x1b[01m\x1b[Klong unsigned int\x1b[m\x1b[K\xe2\x80\x99}\n'}
[0.472709] (tuw_hardware_trinamic_driver) StderrLine: {'line': b'  200 |       operator[](\x1b[01;36m\x1b[Ksize_type __n\x1b[m\x1b[K) noexcept\n'}
[0.472801] (tuw_hardware_trinamic_driver) StderrLine: {'line': b'      |                  \x1b[01;36m\x1b[K~~~~~~~~~~^~~\x1b[m\x1b[K\n'}
[0.472893] (tuw_hardware_trinamic_driver) StderrLine: {'line': b'\x1b[01m\x1b[K/usr/include/c++/13/array:208:7:\x1b[m\x1b[K \x1b[01;36m\x1b[Knote: \x1b[m\x1b[Kcandidate: \xe2\x80\x98\x1b[01m\x1b[Kconstexpr const std::array<_Tp, _Nm>::value_type& std::array<_Tp, _Nm>::\x1b[01;32m\x1b[Koperator[]\x1b[m\x1b[K(size_type) const \x1b[35m\x1b[K[with _Tp = unsigned char; long unsigned int _Nm = 9; const_reference = const unsigned char&; size_type = long unsigned int]\x1b[m\x1b[K\x1b[m\x1b[K\xe2\x80\x99\n'}
[0.472987] (tuw_hardware_trinamic_driver) StderrLine: {'line': b'  208 |       \x1b[01;36m\x1b[Koperator\x1b[m\x1b[K[](size_type __n) const noexcept\n'}
[0.473077] (tuw_hardware_trinamic_driver) StderrLine: {'line': b'      |       \x1b[01;36m\x1b[K^~~~~~~~\x1b[m\x1b[K\n'}
[0.473175] (tuw_hardware_trinamic_driver) StderrLine: {'line': b'\x1b[01m\x1b[K/usr/include/c++/13/array:208:28:\x1b[m\x1b[K \x1b[01;36m\x1b[Knote: \x1b[m\x1b[K  no known conversion for argument 1 from \xe2\x80\x98\x1b[01m\x1b[Ktmcm1640::tmcm1640_reply_format\x1b[m\x1b[K\xe2\x80\x99 to \xe2\x80\x98\x1b[01m\x1b[Kstd::array<unsigned char, 9>::size_type\x1b[m\x1b[K\xe2\x80\x99 {aka \xe2\x80\x98\x1b[01m\x1b[Klong unsigned int\x1b[m\x1b[K\xe2\x80\x99}\n'}
[0.473269] (tuw_hardware_trinamic_driver) StderrLine: {'line': b'  208 |       operator[](\x1b[01;36m\x1b[Ksize_type __n\x1b[m\x1b[K) const noexcept\n'}
[0.473366] (tuw_hardware_trinamic_driver) StderrLine: {'line': b'      |                  \x1b[01;36m\x1b[K~~~~~~~~~~^~~\x1b[m\x1b[K\n'}
[0.473465] (tuw_hardware_trinamic_driver) StderrLine: {'line': b'\x1b[01m\x1b[K/home/coffee/Documents/Studium/TU/bachelorarbeit/tuw_hardware_interface/src/tuw_hardware_trinamic_driver/src/tuw_hardware_trinamic_connection.cpp:176:31:\x1b[m\x1b[K \x1b[01;31m\x1b[Kerror: \x1b[m\x1b[Kno match for \xe2\x80\x98\x1b[01m\x1b[Koperator[]\x1b[m\x1b[K\xe2\x80\x99 (operand types are \xe2\x80\x98\x1b[01m\x1b[Kstd::array<unsigned char, 9>\x1b[m\x1b[K\xe2\x80\x99 and \xe2\x80\x98\x1b[01m\x1b[Ktmcm1640::tmcm1640_reply_format\x1b[m\x1b[K\xe2\x80\x99)\n'}
[0.473570] (tuw_hardware_trinamic_driver) StderrLine: {'line': b'  176 |                  reply_message\x1b[01;31m\x1b[K[\x1b[m\x1b[Ktmcm1640_reply_format::VALUE1] << 8  |\n'}
[0.473665] (tuw_hardware_trinamic_driver) StderrLine: {'line': b'      |                               \x1b[01;31m\x1b[K^\x1b[m\x1b[K\n'}
[0.473757] (tuw_hardware_trinamic_driver) StderrLine: {'line': b'\x1b[01m\x1b[K/usr/include/c++/13/array:200:7:\x1b[m\x1b[K \x1b[01;36m\x1b[Knote: \x1b[m\x1b[Kcandidate: \xe2\x80\x98\x1b[01m\x1b[Kconstexpr std::array<_Tp, _Nm>::value_type& std::array<_Tp, _Nm>::\x1b[01;32m\x1b[Koperator[]\x1b[m\x1b[K(size_type) \x1b[35m\x1b[K[with _Tp = unsigned char; long unsigned int _Nm = 9; reference = unsigned char&; size_type = long unsigned int]\x1b[m\x1b[K\x1b[m\x1b[K\xe2\x80\x99\n'}
[0.473849] (tuw_hardware_trinamic_driver) StderrLine: {'line': b'  200 |       \x1b[01;36m\x1b[Koperator\x1b[m\x1b[K[](size_type __n) noexcept\n'}
[0.473939] (tuw_hardware_trinamic_driver) StderrLine: {'line': b'      |       \x1b[01;36m\x1b[K^~~~~~~~\x1b[m\x1b[K\n'}
[0.474029] (tuw_hardware_trinamic_driver) StderrLine: {'line': b'\x1b[01m\x1b[K/usr/include/c++/13/array:200:28:\x1b[m\x1b[K \x1b[01;36m\x1b[Knote: \x1b[m\x1b[K  no known conversion for argument 1 from \xe2\x80\x98\x1b[01m\x1b[Ktmcm1640::tmcm1640_reply_format\x1b[m\x1b[K\xe2\x80\x99 to \xe2\x80\x98\x1b[01m\x1b[Kstd::array<unsigned char, 9>::size_type\x1b[m\x1b[K\xe2\x80\x99 {aka \xe2\x80\x98\x1b[01m\x1b[Klong unsigned int\x1b[m\x1b[K\xe2\x80\x99}\n'}
[0.474127] (tuw_hardware_trinamic_driver) StderrLine: {'line': b'  200 |       operator[](\x1b[01;36m\x1b[Ksize_type __n\x1b[m\x1b[K) noexcept\n'}
[0.474218] (tuw_hardware_trinamic_driver) StderrLine: {'line': b'      |                  \x1b[01;36m\x1b[K~~~~~~~~~~^~~\x1b[m\x1b[K\n'}
[0.474315] (tuw_hardware_trinamic_driver) StderrLine: {'line': b'\x1b[01m\x1b[K/usr/include/c++/13/array:208:7:\x1b[m\x1b[K \x1b[01;36m\x1b[Knote: \x1b[m\x1b[Kcandidate: \xe2\x80\x98\x1b[01m\x1b[Kconstexpr const std::array<_Tp, _Nm>::value_type& std::array<_Tp, _Nm>::\x1b[01;32m\x1b[Koperator[]\x1b[m\x1b[K(size_type) const \x1b[35m\x1b[K[with _Tp = unsigned char; long unsigned int _Nm = 9; const_reference = const unsigned char&; size_type = long unsigned int]\x1b[m\x1b[K\x1b[m\x1b[K\xe2\x80\x99\n'}
[0.474411] (tuw_hardware_trinamic_driver) StderrLine: {'line': b'  208 |       \x1b[01;36m\x1b[Koperator\x1b[m\x1b[K[](size_type __n) const noexcept\n'}
[0.474502] (tuw_hardware_trinamic_driver) StderrLine: {'line': b'      |       \x1b[01;36m\x1b[K^~~~~~~~\x1b[m\x1b[K\n'}
[0.474591] (tuw_hardware_trinamic_driver) StderrLine: {'line': b'\x1b[01m\x1b[K/usr/include/c++/13/array:208:28:\x1b[m\x1b[K \x1b[01;36m\x1b[Knote: \x1b[m\x1b[K  no known conversion for argument 1 from \xe2\x80\x98\x1b[01m\x1b[Ktmcm1640::tmcm1640_reply_format\x1b[m\x1b[K\xe2\x80\x99 to \xe2\x80\x98\x1b[01m\x1b[Kstd::array<unsigned char, 9>::size_type\x1b[m\x1b[K\xe2\x80\x99 {aka \xe2\x80\x98\x1b[01m\x1b[Klong unsigned int\x1b[m\x1b[K\xe2\x80\x99}\n'}
[0.474700] (tuw_hardware_trinamic_driver) StderrLine: {'line': b'  208 |       operator[](\x1b[01;36m\x1b[Ksize_type __n\x1b[m\x1b[K) const noexcept\n'}
[0.474791] (tuw_hardware_trinamic_driver) StderrLine: {'line': b'      |                  \x1b[01;36m\x1b[K~~~~~~~~~~^~~\x1b[m\x1b[K\n'}
[0.474881] (tuw_hardware_trinamic_driver) StderrLine: {'line': b'\x1b[01m\x1b[K/home/coffee/Documents/Studium/TU/bachelorarbeit/tuw_hardware_interface/src/tuw_hardware_trinamic_driver/src/tuw_hardware_trinamic_connection.cpp:177:31:\x1b[m\x1b[K \x1b[01;31m\x1b[Kerror: \x1b[m\x1b[Kno match for \xe2\x80\x98\x1b[01m\x1b[Koperator[]\x1b[m\x1b[K\xe2\x80\x99 (operand types are \xe2\x80\x98\x1b[01m\x1b[Kstd::array<unsigned char, 9>\x1b[m\x1b[K\xe2\x80\x99 and \xe2\x80\x98\x1b[01m\x1b[Ktmcm1640::tmcm1640_reply_format\x1b[m\x1b[K\xe2\x80\x99)\n'}
[0.474975] (tuw_hardware_trinamic_driver) StderrLine: {'line': b'  177 |                  reply_message\x1b[01;31m\x1b[K[\x1b[m\x1b[Ktmcm1640_reply_format::VALUE0]);\n'}
[0.475066] (tuw_hardware_trinamic_driver) StderrLine: {'line': b'      |                               \x1b[01;31m\x1b[K^\x1b[m\x1b[K\n'}
[0.475169] (tuw_hardware_trinamic_driver) StderrLine: {'line': b'\x1b[01m\x1b[K/usr/include/c++/13/array:200:7:\x1b[m\x1b[K \x1b[01;36m\x1b[Knote: \x1b[m\x1b[Kcandidate: \xe2\x80\x98\x1b[01m\x1b[Kconstexpr std::array<_Tp, _Nm>::value_type& std::array<_Tp, _Nm>::\x1b[01;32m\x1b[Koperator[]\x1b[m\x1b[K(size_type) \x1b[35m\x1b[K[with _Tp = unsigned char; long unsigned int _Nm = 9; reference = unsigned char&; size_type = long unsigned int]\x1b[m\x1b[K\x1b[m\x1b[K\xe2\x80\x99\n'}
[0.475266] (tuw_hardware_trinamic_driver) StderrLine: {'line': b'  200 |       \x1b[01;36m\x1b[Koperator\x1b[m\x1b[K[](size_type __n) noexcept\n'}
[0.475357] (tuw_hardware_trinamic_driver) StderrLine: {'line': b'      |       \x1b[01;36m\x1b[K^~~~~~~~\x1b[m\x1b[K\n'}
[0.475446] (tuw_hardware_trinamic_driver) StderrLine: {'line': b'\x1b[01m\x1b[K/usr/include/c++/13/array:200:28:\x1b[m\x1b[K \x1b[01;36m\x1b[Knote: \x1b[m\x1b[K  no known conversion for argument 1 from \xe2\x80\x98\x1b[01m\x1b[Ktmcm1640::tmcm1640_reply_format\x1b[m\x1b[K\xe2\x80\x99 to \xe2\x80\x98\x1b[01m\x1b[Kstd::array<unsigned char, 9>::size_type\x1b[m\x1b[K\xe2\x80\x99 {aka \xe2\x80\x98\x1b[01m\x1b[Klong unsigned int\x1b[m\x1b[K\xe2\x80\x99}\n'}
[0.475539] (tuw_hardware_trinamic_driver) StderrLine: {'line': b'  200 |       operator[](\x1b[01;36m\x1b[Ksize_type __n\x1b[m\x1b[K) noexcept\n'}
[0.475629] (tuw_hardware_trinamic_driver) StderrLine: {'line': b'      |                  \x1b[01;36m\x1b[K~~~~~~~~~~^~~\x1b[m\x1b[K\n'}
[0.475719] (tuw_hardware_trinamic_driver) StderrLine: {'line': b'\x1b[01m\x1b[K/usr/include/c++/13/array:208:7:\x1b[m\x1b[K \x1b[01;36m\x1b[Knote: \x1b[m\x1b[Kcandidate: \xe2\x80\x98\x1b[01m\x1b[Kconstexpr const std::array<_Tp, _Nm>::value_type& std::array<_Tp, _Nm>::\x1b[01;32m\x1b[Koperator[]\x1b[m\x1b[K(size_type) const \x1b[35m\x1b[K[with _Tp = unsigned char; long unsigned int _Nm = 9; const_reference = const unsigned char&; size_type = long unsigned int]\x1b[m\x1b[K\x1b[m\x1b[K\xe2\x80\x99\n'}
[0.475822] (tuw_hardware_trinamic_driver) StderrLine: {'line': b'  208 |       \x1b[01;36m\x1b[Koperator\x1b[m\x1b[K[](size_type __n) const noexcept\n'}
[0.475913] (tuw_hardware_trinamic_driver) StderrLine: {'line': b'      |       \x1b[01;36m\x1b[K^~~~~~~~\x1b[m\x1b[K\n'}
[0.476008] (tuw_hardware_trinamic_driver) StderrLine: {'line': b'\x1b[01m\x1b[K/usr/include/c++/13/array:208:28:\x1b[m\x1b[K \x1b[01;36m\x1b[Knote: \x1b[m\x1b[K  no known conversion for argument 1 from \xe2\x80\x98\x1b[01m\x1b[Ktmcm1640::tmcm1640_reply_format\x1b[m\x1b[K\xe2\x80\x99 to \xe2\x80\x98\x1b[01m\x1b[Kstd::array<unsigned char, 9>::size_type\x1b[m\x1b[K\xe2\x80\x99 {aka \xe2\x80\x98\x1b[01m\x1b[Klong unsigned int\x1b[m\x1b[K\xe2\x80\x99}\n'}
[0.476116] (tuw_hardware_trinamic_driver) StderrLine: {'line': b'  208 |       operator[](\x1b[01;36m\x1b[Ksize_type __n\x1b[m\x1b[K) const noexcept\n'}
[0.476216] (tuw_hardware_trinamic_driver) StderrLine: {'line': b'      |                  \x1b[01;36m\x1b[K~~~~~~~~~~^~~\x1b[m\x1b[K\n'}
[0.477156] (tuw_hardware_trinamic_driver) StderrLine: {'line': b'\x1b[01m\x1b[K/home/coffee/Documents/Studium/TU/bachelorarbeit/tuw_hardware_interface/src/tuw_hardware_trinamic_driver/src/tuw_hardware_trinamic_connection.cpp:\x1b[m\x1b[K In member function \xe2\x80\x98\x1b[01m\x1b[Kbool tmcm1640::TMCM1640Connection::\x1b[01;32m\x1b[Ksend_and_receive\x1b[m\x1b[K()\x1b[m\x1b[K\xe2\x80\x99:\n'}
[0.477363] (tuw_hardware_trinamic_driver) StderrLine: {'line': b'\x1b[01m\x1b[K/home/coffee/Documents/Studium/TU/bachelorarbeit/tuw_hardware_interface/src/tuw_hardware_trinamic_driver/src/tuw_hardware_trinamic_connection.cpp:148:5:\x1b[m\x1b[K \x1b[01;35m\x1b[Kwarning: \x1b[m\x1b[Kcontrol reaches end of non-void function [\x1b[01;35m\x1b[K\x1b]8;;https://gcc.gnu.org/onlinedocs/gcc/Warning-Options.html#index-Wreturn-type\x07-Wreturn-type\x1b]8;;\x07\x1b[m\x1b[K]\n'}
[0.477484] (tuw_hardware_trinamic_driver) StderrLine: {'line': b'  148 |     \x1b[01;35m\x1b[K}\x1b[m\x1b[K\n'}
[0.477595] (tuw_hardware_trinamic_driver) StderrLine: {'line': b'      |     \x1b[01;35m\x1b[K^\x1b[m\x1b[K\n'}
[0.486563] (tuw_hardware_trinamic_driver) StderrLine: {'line': b'gmake[2]: *** [CMakeFiles/trinamic_test_node.dir/build.make:90: CMakeFiles/trinamic_test_node.dir/src/tuw_hardware_trinamic_connection.cpp.o] Error 1\n'}
[0.486838] (tuw_hardware_trinamic_driver) StderrLine: {'line': b'gmake[2]: *** Waiting for unfinished jobs....\n'}
[0.500999] (-) TimerEvent: {}
[0.601550] (-) TimerEvent: {}
[0.702124] (-) TimerEvent: {}
[0.802689] (-) TimerEvent: {}
[0.903265] (-) TimerEvent: {}
[1.003816] (-) TimerEvent: {}
[1.104507] (-) TimerEvent: {}
[1.205106] (-) TimerEvent: {}
[1.305684] (-) TimerEvent: {}
[1.406244] (-) TimerEvent: {}
[1.506875] (-) TimerEvent: {}
[1.607648] (-) TimerEvent: {}
[1.708232] (-) TimerEvent: {}
[1.808792] (-) TimerEvent: {}
[1.909389] (-) TimerEvent: {}
[2.010015] (-) TimerEvent: {}
[2.110599] (-) TimerEvent: {}
[2.211168] (-) TimerEvent: {}
[2.311730] (-) TimerEvent: {}
[2.412266] (-) TimerEvent: {}
[2.512878] (-) TimerEvent: {}
[2.613484] (-) TimerEvent: {}
[2.714064] (-) TimerEvent: {}
[2.814856] (-) TimerEvent: {}
[2.915471] (-) TimerEvent: {}
[3.016132] (-) TimerEvent: {}
[3.116716] (-) TimerEvent: {}
[3.217303] (-) TimerEvent: {}
[3.317879] (-) TimerEvent: {}
[3.418577] (-) TimerEvent: {}
[3.519152] (-) TimerEvent: {}
[3.619711] (-) TimerEvent: {}
[3.720252] (-) TimerEvent: {}
[3.820857] (-) TimerEvent: {}
[3.921440] (-) TimerEvent: {}
[4.022061] (-) TimerEvent: {}
[4.122653] (-) TimerEvent: {}
[4.223253] (-) TimerEvent: {}
[4.323849] (-) TimerEvent: {}
[4.424555] (-) TimerEvent: {}
[4.525166] (-) TimerEvent: {}
[4.625829] (-) TimerEvent: {}
[4.726356] (-) TimerEvent: {}
[4.826881] (tuw_hardware_trinamic_driver) StderrLine: {'line': b'gmake[1]: *** [CMakeFiles/Makefile2:137: CMakeFiles/trinamic_test_node.dir/all] Error 2\n'}
[4.827315] (-) TimerEvent: {}
[4.827662] (tuw_hardware_trinamic_driver) StderrLine: {'line': b'gmake: *** [Makefile:146: all] Error 2\n'}
[4.831542] (tuw_hardware_trinamic_driver) CommandEnded: {'returncode': 2}
[4.850519] (tuw_hardware_trinamic_driver) JobEnded: {'identifier': 'tuw_hardware_trinamic_driver', 'rc': 2}
[4.861200] (-) EventReactorShutdown: {}
